date,reporter_country_code,reporter_country,value_usd_bn,source
1995-12-31,BE,BE: Belgium,0.8480000000000001,BIS LBS: reporter-country all-currency loans/deposits liabilities to UAE
1995-12-31,CH,CH: Switzerland,17.872999999999998,BIS LBS: reporter-country all-currency loans/deposits liabilities to UAE
1995-12-31,DK,DK: Denmark,0.005,BIS LBS: reporter-country all-currency loans/deposits liabilities to UAE
1995-12-31,FR,FR: France,1.156,BIS LBS: reporter-country all-currency loans/deposits liabilities to UAE
1995-12-31,GB,GB: United Kingdom,11.014,BIS LBS: reporter-country all-currency loans/deposits liabilities to UAE
1995-12-31,IE,IE: Ireland,0.022,BIS LBS: reporter-country all-currency loans/deposits liabilities to UAE
1995-12-31,LU,LU: Luxembourg,0.483,BIS LBS: reporter-country all-currency loans/deposits liabilities to UAE
1995-12-31,SE,SE: Sweden,0.087,BIS LBS: reporter-country all-currency loans/deposits liabilities to UAE
1996-03-31,BE,BE: Belgium,0.883666,BIS LBS: reporter-country all-currency loans/deposits liabilities to UAE
1996-03-31,CH,CH: Switzerland,18.594955,BIS LBS: reporter-country all-currency loans/deposits liabilities to UAE
1996-03-31,DK,DK: Denmark,0.00708,BIS LBS: reporter-country all-currency loans/deposits liabilities to UAE
1996-03-31,FR,FR: France,1.591319,BIS LBS: reporter-country all-currency loans/deposits liabilities to UAE
1996-03-31,GB,GB: United Kingdom,13.531759999999998,BIS LBS: reporter-country all-currency loans/deposits liabilities to UAE
1996-03-31,IE,IE: Ireland,-0.0038590000000000005,BIS LBS: reporter-country all-currency loans/deposits liabilities to UAE
1996-03-31,LU,LU: Luxembourg,0.48451500000000003,BIS LBS: reporter-country all-currency loans/deposits liabilities to UAE
1996-03-31,SE,SE: Sweden,-0.072769,BIS LBS: reporter-country all-currency loans/deposits liabilities to UAE
1996-06-30,BE,BE: Belgium,1.497831,BIS LBS: reporter-country all-currency loans/deposits liabilities to UAE
1996-06-30,CH,CH: Switzerland,18.592297000000002,BIS LBS: reporter-country all-currency loans/deposits liabilities to UAE
1996-06-30,DK,DK: Denmark,0.038103,BIS LBS: reporter-country all-currency loans/deposits liabilities to UAE
1996-06-30,FR,FR: France,1.0817899999999998,BIS LBS: reporter-country all-currency loans/deposits liabilities to UAE
1996-06-30,GB,GB: United Kingdom,13.400882,BIS LBS: reporter-country all-currency loans/deposits liabilities to UAE
1996-06-30,IE,IE: Ireland,0.040888,BIS LBS: reporter-country all-currency loans/deposits liabilities to UAE
1996-06-30,LU,LU: Luxembourg,0.356785,BIS LBS: reporter-country all-currency loans/deposits liabilities to UAE
1996-06-30,SE,SE: Sweden,0.16886099999999998,BIS LBS: reporter-country all-currency loans/deposits liabilities to UAE
1996-09-30,BE,BE: Belgium,0.7220980000000001,BIS LBS: reporter-country all-currency loans/deposits liabilities to UAE
1996-09-30,CH,CH: Switzerland,18.919341,BIS LBS: reporter-country all-currency loans/deposits liabilities to UAE
1996-09-30,DK,DK: Denmark,0.044001,BIS LBS: reporter-country all-currency loans/deposits liabilities to UAE
1996-09-30,FR,FR: France,1.3680590000000001,BIS LBS: reporter-country all-currency loans/deposits liabilities to UAE
1996-09-30,GB,GB: United Kingdom,13.619097,BIS LBS: reporter-country all-currency loans/deposits liabilities to UAE
1996-09-30,IE,IE: Ireland,-0.005042,BIS LBS: reporter-country all-currency loans/deposits liabilities to UAE
1996-09-30,LU,LU: Luxembourg,0.402011,BIS LBS: reporter-country all-currency loans/deposits liabilities to UAE
1996-09-30,SE,SE: Sweden,0.220153,BIS LBS: reporter-country all-currency loans/deposits liabilities to UAE
1996-12-31,BE,BE: Belgium,1.3755950000000001,BIS LBS: reporter-country all-currency loans/deposits liabilities to UAE
1996-12-31,CH,CH: Switzerland,19.667479,BIS LBS: reporter-country all-currency loans/deposits liabilities to UAE
1996-12-31,DK,DK: Denmark,0.05844200000000001,BIS LBS: reporter-country all-currency loans/deposits liabilities to UAE
1996-12-31,FI,FI: Finland,0.04,BIS LBS: reporter-country all-currency loans/deposits liabilities to UAE
1996-12-31,FR,FR: France,1.259997,BIS LBS: reporter-country all-currency loans/deposits liabilities to UAE
1996-12-31,GB,GB: United Kingdom,14.166439,BIS LBS: reporter-country all-currency loans/deposits liabilities to UAE
1996-12-31,IE,IE: Ireland,-0.037641999999999995,BIS LBS: reporter-country all-currency loans/deposits liabilities to UAE
1996-12-31,LU,LU: Luxembourg,0.35020799999999996,BIS LBS: reporter-country all-currency loans/deposits liabilities to UAE
1996-12-31,SE,SE: Sweden,0.16544,BIS LBS: reporter-country all-currency loans/deposits liabilities to UAE
1997-03-31,BE,BE: Belgium,2.130435,BIS LBS: reporter-country all-currency loans/deposits liabilities to UAE
1997-03-31,CH,CH: Switzerland,19.822705000000003,BIS LBS: reporter-country all-currency loans/deposits liabilities to UAE
1997-03-31,DK,DK: Denmark,0.058855000000000005,BIS LBS: reporter-country all-currency loans/deposits liabilities to UAE
1997-03-31,FI,FI: Finland,0.02,BIS LBS: reporter-country all-currency loans/deposits liabilities to UAE
1997-03-31,FR,FR: France,1.1999579999999999,BIS LBS: reporter-country all-currency loans/deposits liabilities to UAE
1997-03-31,GB,GB: United Kingdom,14.588059,BIS LBS: reporter-country all-currency loans/deposits liabilities to UAE
1997-03-31,IE,IE: Ireland,0.036763000000000004,BIS LBS: reporter-country all-currency loans/deposits liabilities to UAE
1997-03-31,LU,LU: Luxembourg,0.309021,BIS LBS: reporter-country all-currency loans/deposits liabilities to UAE
1997-03-31,SE,SE: Sweden,1.880535,BIS LBS: reporter-country all-currency loans/deposits liabilities to UAE
1997-06-30,BE,BE: Belgium,1.07498,BIS LBS: reporter-country all-currency loans/deposits liabilities to UAE
1997-06-30,CH,CH: Switzerland,19.80761,BIS LBS: reporter-country all-currency loans/deposits liabilities to UAE
1997-06-30,DK,DK: Denmark,0.07329,BIS LBS: reporter-country all-currency loans/deposits liabilities to UAE
1997-06-30,FR,FR: France,1.414088,BIS LBS: reporter-country all-currency loans/deposits liabilities to UAE
1997-06-30,GB,GB: United Kingdom,15.193125,BIS LBS: reporter-country all-currency loans/deposits liabilities to UAE
1997-06-30,IE,IE: Ireland,-0.05813,BIS LBS: reporter-country all-currency loans/deposits liabilities to UAE
1997-06-30,LU,LU: Luxembourg,0.403688,BIS LBS: reporter-country all-currency loans/deposits liabilities to UAE
1997-06-30,SE,SE: Sweden,-0.121293,BIS LBS: reporter-country all-currency loans/deposits liabilities to UAE
1997-09-30,BE,BE: Belgium,1.860787,BIS LBS: reporter-country all-currency loans/deposits liabilities to UAE
1997-09-30,CH,CH: Switzerland,20.131019,BIS LBS: reporter-country all-currency loans/deposits liabilities to UAE
1997-09-30,DK,DK: Denmark,0.035525,BIS LBS: reporter-country all-currency loans/deposits liabilities to UAE
1997-09-30,FR,FR: France,1.0101069999999999,BIS LBS: reporter-country all-currency loans/deposits liabilities to UAE
1997-09-30,GB,GB: United Kingdom,12.606148,BIS LBS: reporter-country all-currency loans/deposits liabilities to UAE
1997-09-30,IE,IE: Ireland,0.054041,BIS LBS: reporter-country all-currency loans/deposits liabilities to UAE
1997-09-30,LU,LU: Luxembourg,0.398961,BIS LBS: reporter-country all-currency loans/deposits liabilities to UAE
1997-09-30,SE,SE: Sweden,0.04401800000000001,BIS LBS: reporter-country all-currency loans/deposits liabilities to UAE
1997-12-31,BE,BE: Belgium,0.840184,BIS LBS: reporter-country all-currency loans/deposits liabilities to UAE
1997-12-31,CH,CH: Switzerland,20.098644,BIS LBS: reporter-country all-currency loans/deposits liabilities to UAE
1997-12-31,DK,DK: Denmark,1.73456,BIS LBS: reporter-country all-currency loans/deposits liabilities to UAE
1997-12-31,FI,FI: Finland,0.002026,BIS LBS: reporter-country all-currency loans/deposits liabilities to UAE
1997-12-31,FR,FR: France,1.932931,BIS LBS: reporter-country all-currency loans/deposits liabilities to UAE
1997-12-31,GB,GB: United Kingdom,14.327367999999998,BIS LBS: reporter-country all-currency loans/deposits liabilities to UAE
1997-12-31,IE,IE: Ireland,0.14889899999999998,BIS LBS: reporter-country all-currency loans/deposits liabilities to UAE
1997-12-31,LU,LU: Luxembourg,0.428973,BIS LBS: reporter-country all-currency loans/deposits liabilities to UAE
1997-12-31,SE,SE: Sweden,0.22465200000000002,BIS LBS: reporter-country all-currency loans/deposits liabilities to UAE
1998-03-31,BE,BE: Belgium,1.1264910000000001,BIS LBS: reporter-country all-currency loans/deposits liabilities to UAE
1998-03-31,CH,CH: Switzerland,20.176981,BIS LBS: reporter-country all-currency loans/deposits liabilities to UAE
1998-03-31,DK,DK: Denmark,0.88505,BIS LBS: reporter-country all-currency loans/deposits liabilities to UAE
1998-03-31,FR,FR: France,0.86593,BIS LBS: reporter-country all-currency loans/deposits liabilities to UAE
1998-03-31,GB,GB: United Kingdom,13.02984,BIS LBS: reporter-country all-currency loans/deposits liabilities to UAE
1998-03-31,IE,IE: Ireland,0.232982,BIS LBS: reporter-country all-currency loans/deposits liabilities to UAE
1998-03-31,LU,LU: Luxembourg,0.38763499999999995,BIS LBS: reporter-country all-currency loans/deposits liabilities to UAE
1998-03-31,SE,SE: Sweden,-0.125651,BIS LBS: reporter-country all-currency loans/deposits liabilities to UAE
1998-06-30,BE,BE: Belgium,1.732583,BIS LBS: reporter-country all-currency loans/deposits liabilities to UAE
1998-06-30,CH,CH: Switzerland,20.478315000000002,BIS LBS: reporter-country all-currency loans/deposits liabilities to UAE
1998-06-30,DK,DK: Denmark,0.12723399999999999,BIS LBS: reporter-country all-currency loans/deposits liabilities to UAE
1998-06-30,FI,FI: Finland,0.11,BIS LBS: reporter-country all-currency loans/deposits liabilities to UAE
1998-06-30,FR,FR: France,1.479269,BIS LBS: reporter-country all-currency loans/deposits liabilities to UAE
1998-06-30,GB,GB: United Kingdom,14.457213,BIS LBS: reporter-country all-currency loans/deposits liabilities to UAE
1998-06-30,IE,IE: Ireland,0.225532,BIS LBS: reporter-country all-currency loans/deposits liabilities to UAE
1998-06-30,LU,LU: Luxembourg,0.4599990000000001,BIS LBS: reporter-country all-currency loans/deposits liabilities to UAE
1998-06-30,SE,SE: Sweden,0.004031000000000003,BIS LBS: reporter-country all-currency loans/deposits liabilities to UAE
1998-09-30,BE,BE: Belgium,1.765085,BIS LBS: reporter-country all-currency loans/deposits liabilities to UAE
1998-09-30,CH,CH: Switzerland,20.82648,BIS LBS: reporter-country all-currency loans/deposits liabilities to UAE
1998-09-30,DK,DK: Denmark,0.559597,BIS LBS: reporter-country all-currency loans/deposits liabilities to UAE
1998-09-30,FI,FI: Finland,0.055,BIS LBS: reporter-country all-currency loans/deposits liabilities to UAE
1998-09-30,FR,FR: France,1.0524399999999998,BIS LBS: reporter-country all-currency loans/deposits liabilities to UAE
1998-09-30,GB,GB: United Kingdom,13.969859999999999,BIS LBS: reporter-country all-currency loans/deposits liabilities to UAE
1998-09-30,IE,IE: Ireland,0.564142,BIS LBS: reporter-country all-currency loans/deposits liabilities to UAE
1998-09-30,LU,LU: Luxembourg,0.423013,BIS LBS: reporter-country all-currency loans/deposits liabilities to UAE
1998-09-30,SE,SE: Sweden,-0.07536,BIS LBS: reporter-country all-currency loans/deposits liabilities to UAE
1998-12-31,BE,BE: Belgium,2.2809299999999997,BIS LBS: reporter-country all-currency loans/deposits liabilities to UAE
1998-12-31,CH,CH: Switzerland,19.123643,BIS LBS: reporter-country all-currency loans/deposits liabilities to UAE
1998-12-31,DK,DK: Denmark,0.163355,BIS LBS: reporter-country all-currency loans/deposits liabilities to UAE
1998-12-31,FI,FI: Finland,-0.023,BIS LBS: reporter-country all-currency loans/deposits liabilities to UAE
1998-12-31,FR,FR: France,1.6774310000000001,BIS LBS: reporter-country all-currency loans/deposits liabilities to UAE
1998-12-31,GB,GB: United Kingdom,15.772568,BIS LBS: reporter-country all-currency loans/deposits liabilities to UAE
1998-12-31,IE,IE: Ireland,1.946606,BIS LBS: reporter-country all-currency loans/deposits liabilities to UAE
1998-12-31,LU,LU: Luxembourg,0.920481,BIS LBS: reporter-country all-currency loans/deposits liabilities to UAE
1998-12-31,SE,SE: Sweden,-0.010251999999999997,BIS LBS: reporter-country all-currency loans/deposits liabilities to UAE
1999-03-31,BE,BE: Belgium,-0.25711500000000004,BIS LBS: reporter-country all-currency loans/deposits liabilities to UAE
1999-03-31,CH,CH: Switzerland,19.955161999999998,BIS LBS: reporter-country all-currency loans/deposits liabilities to UAE
1999-03-31,DK,DK: Denmark,0.419681,BIS LBS: reporter-country all-currency loans/deposits liabilities to UAE
1999-03-31,FR,FR: France,0.964016,BIS LBS: reporter-country all-currency loans/deposits liabilities to UAE
1999-03-31,GB,GB: United Kingdom,11.009874999999997,BIS LBS: reporter-country all-currency loans/deposits liabilities to UAE
1999-03-31,IE,IE: Ireland,0.029694000000000005,BIS LBS: reporter-country all-currency loans/deposits liabilities to UAE
1999-03-31,LU,LU: Luxembourg,0.714663,BIS LBS: reporter-country all-currency loans/deposits liabilities to UAE
1999-03-31,SE,SE: Sweden,-0.080701,BIS LBS: reporter-country all-currency loans/deposits liabilities to UAE
1999-06-30,BE,BE: Belgium,2.051891,BIS LBS: reporter-country all-currency loans/deposits liabilities to UAE
1999-06-30,CH,CH: Switzerland,19.48723,BIS LBS: reporter-country all-currency loans/deposits liabilities to UAE
1999-06-30,DK,DK: Denmark,0.5874699999999999,BIS LBS: reporter-country all-currency loans/deposits liabilities to UAE
1999-06-30,FR,FR: France,1.444889,BIS LBS: reporter-country all-currency loans/deposits liabilities to UAE
1999-06-30,GB,GB: United Kingdom,10.792114,BIS LBS: reporter-country all-currency loans/deposits liabilities to UAE
1999-06-30,IE,IE: Ireland,0.412908,BIS LBS: reporter-country all-currency loans/deposits liabilities to UAE
1999-06-30,LU,LU: Luxembourg,0.722244,BIS LBS: reporter-country all-currency loans/deposits liabilities to UAE
1999-06-30,SE,SE: Sweden,0.173595,BIS LBS: reporter-country all-currency loans/deposits liabilities to UAE
1999-09-30,BE,BE: Belgium,1.7111200000000002,BIS LBS: reporter-country all-currency loans/deposits liabilities to UAE
1999-09-30,CH,CH: Switzerland,20.627754000000003,BIS LBS: reporter-country all-currency loans/deposits liabilities to UAE
1999-09-30,DK,DK: Denmark,-0.020585000000000006,BIS LBS: reporter-country all-currency loans/deposits liabilities to UAE
1999-09-30,FR,FR: France,1.446756,BIS LBS: reporter-country all-currency loans/deposits liabilities to UAE
1999-09-30,GB,GB: United Kingdom,11.202425,BIS LBS: reporter-country all-currency loans/deposits liabilities to UAE
1999-09-30,IE,IE: Ireland,-0.043987000000000005,BIS LBS: reporter-country all-currency loans/deposits liabilities to UAE
1999-09-30,LU,LU: Luxembourg,0.810878,BIS LBS: reporter-country all-currency loans/deposits liabilities to UAE
1999-09-30,SE,SE: Sweden,0.509539,BIS LBS: reporter-country all-currency loans/deposits liabilities to UAE
1999-12-31,BE,BE: Belgium,0.579378,BIS LBS: reporter-country all-currency loans/deposits liabilities to UAE
1999-12-31,CH,CH: Switzerland,21.013178,BIS LBS: reporter-country all-currency loans/deposits liabilities to UAE
1999-12-31,DK,DK: Denmark,-0.085836,BIS LBS: reporter-country all-currency loans/deposits liabilities to UAE
1999-12-31,FR,FR: France,2.439196,BIS LBS: reporter-country all-currency loans/deposits liabilities to UAE
1999-12-31,GB,GB: United Kingdom,11.121568000000002,BIS LBS: reporter-country all-currency loans/deposits liabilities to UAE
1999-12-31,IE,IE: Ireland,-0.095954,BIS LBS: reporter-country all-currency loans/deposits liabilities to UAE
1999-12-31,LU,LU: Luxembourg,0.7967770000000001,BIS LBS: reporter-country all-currency loans/deposits liabilities to UAE
1999-12-31,SE,SE: Sweden,0.173947,BIS LBS: reporter-country all-currency loans/deposits liabilities to UAE
2000-03-31,BE,BE: Belgium,1.902185,BIS LBS: reporter-country all-currency loans/deposits liabilities to UAE
2000-03-31,CH,CH: Switzerland,20.857291000000004,BIS LBS: reporter-country all-currency loans/deposits liabilities to UAE
2000-03-31,DK,DK: Denmark,0.054924,BIS LBS: reporter-country all-currency loans/deposits liabilities to UAE
2000-03-31,FR,FR: France,1.184291,BIS LBS: reporter-country all-currency loans/deposits liabilities to UAE
2000-03-31,GB,GB: United Kingdom,14.991032999999998,BIS LBS: reporter-country all-currency loans/deposits liabilities to UAE
2000-03-31,IE,IE: Ireland,0.016424999999999988,BIS LBS: reporter-country all-currency loans/deposits liabilities to UAE
2000-03-31,LU,LU: Luxembourg,0.15527400000000002,BIS LBS: reporter-country all-currency loans/deposits liabilities to UAE
2000-03-31,SE,SE: Sweden,0.684983,BIS LBS: reporter-country all-currency loans/deposits liabilities to UAE
2000-06-30,BE,BE: Belgium,1.716872,BIS LBS: reporter-country all-currency loans/deposits liabilities to UAE
2000-06-30,CH,CH: Switzerland,14.841255,BIS LBS: reporter-country all-currency loans/deposits liabilities to UAE
2000-06-30,DK,DK: Denmark,0.123563,BIS LBS: reporter-country all-currency loans/deposits liabilities to UAE
2000-06-30,FR,FR: France,1.1612490000000002,BIS LBS: reporter-country all-currency loans/deposits liabilities to UAE
2000-06-30,GB,GB: United Kingdom,13.361867,BIS LBS: reporter-country all-currency loans/deposits liabilities to UAE
2000-06-30,IE,IE: Ireland,0.127925,BIS LBS: reporter-country all-currency loans/deposits liabilities to UAE
2000-06-30,LU,LU: Luxembourg,0.450758,BIS LBS: reporter-country all-currency loans/deposits liabilities to UAE
2000-06-30,SE,SE: Sweden,0.072412,BIS LBS: reporter-country all-currency loans/deposits liabilities to UAE
2000-09-30,AU,AU: Australia,0.004059,BIS LBS: reporter-country all-currency loans/deposits liabilities to UAE
2000-09-30,BE,BE: Belgium,1.6850139999999998,BIS LBS: reporter-country all-currency loans/deposits liabilities to UAE
2000-09-30,CH,CH: Switzerland,17.362940000000002,BIS LBS: reporter-country all-currency loans/deposits liabilities to UAE
2000-09-30,FR,FR: France,1.366666,BIS LBS: reporter-country all-currency loans/deposits liabilities to UAE
2000-09-30,GB,GB: United Kingdom,13.902315,BIS LBS: reporter-country all-currency loans/deposits liabilities to UAE
2000-09-30,IE,IE: Ireland,-0.121557,BIS LBS: reporter-country all-currency loans/deposits liabilities to UAE
2000-09-30,LU,LU: Luxembourg,0.4253,BIS LBS: reporter-country all-currency loans/deposits liabilities to UAE
2000-09-30,SE,SE: Sweden,0.027233000000000007,BIS LBS: reporter-country all-currency loans/deposits liabilities to UAE
2000-12-31,BE,BE: Belgium,0.6580010000000001,BIS LBS: reporter-country all-currency loans/deposits liabilities to UAE
2000-12-31,CH,CH: Switzerland,16.263229000000003,BIS LBS: reporter-country all-currency loans/deposits liabilities to UAE
2000-12-31,FR,FR: France,1.274976,BIS LBS: reporter-country all-currency loans/deposits liabilities to UAE
2000-12-31,GB,GB: United Kingdom,15.871392,BIS LBS: reporter-country all-currency loans/deposits liabilities to UAE
2000-12-31,IE,IE: Ireland,0.07066800000000001,BIS LBS: reporter-country all-currency loans/deposits liabilities to UAE
2000-12-31,LU,LU: Luxembourg,0.622996,BIS LBS: reporter-country all-currency loans/deposits liabilities to UAE
2000-12-31,SE,SE: Sweden,0.211413,BIS LBS: reporter-country all-currency loans/deposits liabilities to UAE
2000-12-31,TW,TW: Chinese Taipei,0.014,BIS LBS: reporter-country all-currency loans/deposits liabilities to UAE
2001-03-31,BE,BE: Belgium,1.756877,BIS LBS: reporter-country all-currency loans/deposits liabilities to UAE
2001-03-31,CH,CH: Switzerland,17.41597,BIS LBS: reporter-country all-currency loans/deposits liabilities to UAE
2001-03-31,FI,FI: Finland,0.01,BIS LBS: reporter-country all-currency loans/deposits liabilities to UAE
2001-03-31,FR,FR: France,3.041998,BIS LBS: reporter-country all-currency loans/deposits liabilities to UAE
2001-03-31,GB,GB: United Kingdom,23.742805,BIS LBS: reporter-country all-currency loans/deposits liabilities to UAE
2001-03-31,IE,IE: Ireland,0.026642000000000002,BIS LBS: reporter-country all-currency loans/deposits liabilities to UAE
2001-03-31,LU,LU: Luxembourg,0.6599740000000001,BIS LBS: reporter-country all-currency loans/deposits liabilities to UAE
2001-03-31,SE,SE: Sweden,0.238062,BIS LBS: reporter-country all-currency loans/deposits liabilities to UAE
2001-03-31,TW,TW: Chinese Taipei,0.04197,BIS LBS: reporter-country all-currency loans/deposits liabilities to UAE
2001-06-30,BE,BE: Belgium,0.42096800000000006,BIS LBS: reporter-country all-currency loans/deposits liabilities to UAE
2001-06-30,CH,CH: Switzerland,16.695327,BIS LBS: reporter-country all-currency loans/deposits liabilities to UAE
2001-06-30,FR,FR: France,2.968029,BIS LBS: reporter-country all-currency loans/deposits liabilities to UAE
2001-06-30,GB,GB: United Kingdom,16.675877,BIS LBS: reporter-country all-currency loans/deposits liabilities to UAE
2001-06-30,IE,IE: Ireland,0.062412,BIS LBS: reporter-country all-currency loans/deposits liabilities to UAE
2001-06-30,LU,LU: Luxembourg,0.898864,BIS LBS: reporter-country all-currency loans/deposits liabilities to UAE
2001-06-30,SE,SE: Sweden,0.689087,BIS LBS: reporter-country all-currency loans/deposits liabilities to UAE
2001-06-30,TW,TW: Chinese Taipei,0.041438,BIS LBS: reporter-country all-currency loans/deposits liabilities to UAE
2001-09-30,BE,BE: Belgium,2.039702,BIS LBS: reporter-country all-currency loans/deposits liabilities to UAE
2001-09-30,CH,CH: Switzerland,17.42701,BIS LBS: reporter-country all-currency loans/deposits liabilities to UAE
2001-09-30,FI,FI: Finland,0.016,BIS LBS: reporter-country all-currency loans/deposits liabilities to UAE
2001-09-30,FR,FR: France,1.5960900000000002,BIS LBS: reporter-country all-currency loans/deposits liabilities to UAE
2001-09-30,GB,GB: United Kingdom,20.808861999999998,BIS LBS: reporter-country all-currency loans/deposits liabilities to UAE
2001-09-30,IE,IE: Ireland,1.156684,BIS LBS: reporter-country all-currency loans/deposits liabilities to UAE
2001-09-30,LU,LU: Luxembourg,0.9298120000000001,BIS LBS: reporter-country all-currency loans/deposits liabilities to UAE
2001-09-30,SE,SE: Sweden,0.6609510000000001,BIS LBS: reporter-country all-currency loans/deposits liabilities to UAE
2001-09-30,TW,TW: Chinese Taipei,0.022162,BIS LBS: reporter-country all-currency loans/deposits liabilities to UAE
2001-12-31,BE,BE: Belgium,1.2592020000000002,BIS LBS: reporter-country all-currency loans/deposits liabilities to UAE
2001-12-31,CH,CH: Switzerland,16.487037,BIS LBS: reporter-country all-currency loans/deposits liabilities to UAE
2001-12-31,FI,FI: Finland,0.008,BIS LBS: reporter-country all-currency loans/deposits liabilities to UAE
2001-12-31,FR,FR: France,1.661169,BIS LBS: reporter-country all-currency loans/deposits liabilities to UAE
2001-12-31,GB,GB: United Kingdom,21.56342,BIS LBS: reporter-country all-currency loans/deposits liabilities to UAE
2001-12-31,IE,IE: Ireland,2.386278,BIS LBS: reporter-country all-currency loans/deposits liabilities to UAE
2001-12-31,JE,JE: Jersey,9.24,BIS LBS: reporter-country all-currency loans/deposits liabilities to UAE
2001-12-31,LU,LU: Luxembourg,0.41818,BIS LBS: reporter-country all-currency loans/deposits liabilities to UAE
2001-12-31,SE,SE: Sweden,0.114315,BIS LBS: reporter-country all-currency loans/deposits liabilities to UAE
2001-12-31,TW,TW: Chinese Taipei,0.30418199999999995,BIS LBS: reporter-country all-currency loans/deposits liabilities to UAE
2002-03-31,BE,BE: Belgium,0.5921430000000001,BIS LBS: reporter-country all-currency loans/deposits liabilities to UAE
2002-03-31,CH,CH: Switzerland,15.762102,BIS LBS: reporter-country all-currency loans/deposits liabilities to UAE
2002-03-31,FI,FI: Finland,0.008,BIS LBS: reporter-country all-currency loans/deposits liabilities to UAE
2002-03-31,FR,FR: France,1.047891,BIS LBS: reporter-country all-currency loans/deposits liabilities to UAE
2002-03-31,GB,GB: United Kingdom,19.895107,BIS LBS: reporter-country all-currency loans/deposits liabilities to UAE
2002-03-31,IE,IE: Ireland,1.400708,BIS LBS: reporter-country all-currency loans/deposits liabilities to UAE
2002-03-31,JE,JE: Jersey,10.877169,BIS LBS: reporter-country all-currency loans/deposits liabilities to UAE
2002-03-31,LU,LU: Luxembourg,0.645202,BIS LBS: reporter-country all-currency loans/deposits liabilities to UAE
2002-03-31,SE,SE: Sweden,0.186723,BIS LBS: reporter-country all-currency loans/deposits liabilities to UAE
2002-03-31,TW,TW: Chinese Taipei,0.017813999999999997,BIS LBS: reporter-country all-currency loans/deposits liabilities to UAE
2002-06-30,BE,BE: Belgium,0.594448,BIS LBS: reporter-country all-currency loans/deposits liabilities to UAE
2002-06-30,CH,CH: Switzerland,15.970581999999999,BIS LBS: reporter-country all-currency loans/deposits liabilities to UAE
2002-06-30,FR,FR: France,1.4039980000000003,BIS LBS: reporter-country all-currency loans/deposits liabilities to UAE
2002-06-30,GB,GB: United Kingdom,16.860302,BIS LBS: reporter-country all-currency loans/deposits liabilities to UAE
2002-06-30,IE,IE: Ireland,0.587712,BIS LBS: reporter-country all-currency loans/deposits liabilities to UAE
2002-06-30,JE,JE: Jersey,9.268927999999999,BIS LBS: reporter-country all-currency loans/deposits liabilities to UAE
2002-06-30,LU,LU: Luxembourg,0.833,BIS LBS: reporter-country all-currency loans/deposits liabilities to UAE
2002-06-30,SE,SE: Sweden,0.175439,BIS LBS: reporter-country all-currency loans/deposits liabilities to UAE
2002-06-30,TW,TW: Chinese Taipei,0.310962,BIS LBS: reporter-country all-currency loans/deposits liabilities to UAE
2002-09-30,BE,BE: Belgium,0.705788,BIS LBS: reporter-country all-currency loans/deposits liabilities to UAE
2002-09-30,CH,CH: Switzerland,16.650101,BIS LBS: reporter-country all-currency loans/deposits liabilities to UAE
2002-09-30,FR,FR: France,1.9871159999999999,BIS LBS: reporter-country all-currency loans/deposits liabilities to UAE
2002-09-30,GB,GB: United Kingdom,17.472234,BIS LBS: reporter-country all-currency loans/deposits liabilities to UAE
2002-09-30,IE,IE: Ireland,0.5741419999999999,BIS LBS: reporter-country all-currency loans/deposits liabilities to UAE
2002-09-30,JE,JE: Jersey,8.636177,BIS LBS: reporter-country all-currency loans/deposits liabilities to UAE
2002-09-30,LU,LU: Luxembourg,0.788103,BIS LBS: reporter-country all-currency loans/deposits liabilities to UAE
2002-09-30,SE,SE: Sweden,0.146722,BIS LBS: reporter-country all-currency loans/deposits liabilities to UAE
2002-09-30,TW,TW: Chinese Taipei,0.16176200000000002,BIS LBS: reporter-country all-currency loans/deposits liabilities to UAE
2002-12-31,BE,BE: Belgium,0.9344220000000001,BIS LBS: reporter-country all-currency loans/deposits liabilities to UAE
2002-12-31,CH,CH: Switzerland,17.083126,BIS LBS: reporter-country all-currency loans/deposits liabilities to UAE
2002-12-31,FI,FI: Finland,0.018,BIS LBS: reporter-country all-currency loans/deposits liabilities to UAE
2002-12-31,FR,FR: France,2.4099030000000004,BIS LBS: reporter-country all-currency loans/deposits liabilities to UAE
2002-12-31,GB,GB: United Kingdom,14.588638000000001,BIS LBS: reporter-country all-currency loans/deposits liabilities to UAE
2002-12-31,IE,IE: Ireland,0.459018,BIS LBS: reporter-country all-currency loans/deposits liabilities to UAE
2002-12-31,JE,JE: Jersey,-3.9146560000000004,BIS LBS: reporter-country all-currency loans/deposits liabilities to UAE
2002-12-31,LU,LU: Luxembourg,0.604425,BIS LBS: reporter-country all-currency loans/deposits liabilities to UAE
2002-12-31,SE,SE: Sweden,0.426026,BIS LBS: reporter-country all-currency loans/deposits liabilities to UAE
2002-12-31,TW,TW: Chinese Taipei,-0.119564,BIS LBS: reporter-country all-currency loans/deposits liabilities to UAE
2003-03-31,BE,BE: Belgium,0.9930670000000001,BIS LBS: reporter-country all-currency loans/deposits liabilities to UAE
2003-03-31,CH,CH: Switzerland,14.556821999999999,BIS LBS: reporter-country all-currency loans/deposits liabilities to UAE
2003-03-31,CL,CL: Chile,0.002,BIS LBS: reporter-country all-currency loans/deposits liabilities to UAE
2003-03-31,DK,DK: Denmark,0.038,BIS LBS: reporter-country all-currency loans/deposits liabilities to UAE
2003-03-31,FI,FI: Finland,0.009,BIS LBS: reporter-country all-currency loans/deposits liabilities to UAE
2003-03-31,FR,FR: France,2.4198939999999998,BIS LBS: reporter-country all-currency loans/deposits liabilities to UAE
2003-03-31,GB,GB: United Kingdom,13.180533,BIS LBS: reporter-country all-currency loans/deposits liabilities to UAE
2003-03-31,IE,IE: Ireland,0.1818000000000001,BIS LBS: reporter-country all-currency loans/deposits liabilities to UAE
2003-03-31,JE,JE: Jersey,1.330692,BIS LBS: reporter-country all-currency loans/deposits liabilities to UAE
2003-03-31,LU,LU: Luxembourg,0.869528,BIS LBS: reporter-country all-currency loans/deposits liabilities to UAE
2003-03-31,SE,SE: Sweden,-0.023472999999999994,BIS LBS: reporter-country all-currency loans/deposits liabilities to UAE
2003-03-31,TW,TW: Chinese Taipei,0.5345489999999999,BIS LBS: reporter-country all-currency loans/deposits liabilities to UAE
2003-06-30,BE,BE: Belgium,2.550158,BIS LBS: reporter-country all-currency loans/deposits liabilities to UAE
2003-06-30,CH,CH: Switzerland,17.117019,BIS LBS: reporter-country all-currency loans/deposits liabilities to UAE
2003-06-30,DK,DK: Denmark,0.14118999999999998,BIS LBS: reporter-country all-currency loans/deposits liabilities to UAE
2003-06-30,FI,FI: Finland,0.009,BIS LBS: reporter-country all-currency loans/deposits liabilities to UAE
2003-06-30,FR,FR: France,1.1909239999999999,BIS LBS: reporter-country all-currency loans/deposits liabilities to UAE
2003-06-30,GB,GB: United Kingdom,15.308987,BIS LBS: reporter-country all-currency loans/deposits liabilities to UAE
2003-06-30,IE,IE: Ireland,0.211967,BIS LBS: reporter-country all-currency loans/deposits liabilities to UAE
2003-06-30,JE,JE: Jersey,2.82524,BIS LBS: reporter-country all-currency loans/deposits liabilities to UAE
2003-06-30,LU,LU: Luxembourg,0.541957,BIS LBS: reporter-country all-currency loans/deposits liabilities to UAE
2003-06-30,SE,SE: Sweden,0.173101,BIS LBS: reporter-country all-currency loans/deposits liabilities to UAE
2003-06-30,TW,TW: Chinese Taipei,-0.041382,BIS LBS: reporter-country all-currency loans/deposits liabilities to UAE
2003-09-30,BE,BE: Belgium,1.188256,BIS LBS: reporter-country all-currency loans/deposits liabilities to UAE
2003-09-30,CH,CH: Switzerland,16.899822,BIS LBS: reporter-country all-currency loans/deposits liabilities to UAE
2003-09-30,DK,DK: Denmark,0.013870999999999994,BIS LBS: reporter-country all-currency loans/deposits liabilities to UAE
2003-09-30,FR,FR: France,2.350138,BIS LBS: reporter-country all-currency loans/deposits liabilities to UAE
2003-09-30,GB,GB: United Kingdom,14.661605999999999,BIS LBS: reporter-country all-currency loans/deposits liabilities to UAE
2003-09-30,IE,IE: Ireland,0.15670499999999998,BIS LBS: reporter-country all-currency loans/deposits liabilities to UAE
2003-09-30,JE,JE: Jersey,2.3462069999999997,BIS LBS: reporter-country all-currency loans/deposits liabilities to UAE
2003-09-30,LU,LU: Luxembourg,0.638166,BIS LBS: reporter-country all-currency loans/deposits liabilities to UAE
2003-09-30,SE,SE: Sweden,0.258935,BIS LBS: reporter-country all-currency loans/deposits liabilities to UAE
2003-09-30,TW,TW: Chinese Taipei,0.11814,BIS LBS: reporter-country all-currency loans/deposits liabilities to UAE
2003-12-31,AU,AU: Australia,0.275,BIS LBS: reporter-country all-currency loans/deposits liabilities to UAE
2003-12-31,BE,BE: Belgium,1.5908769999999999,BIS LBS: reporter-country all-currency loans/deposits liabilities to UAE
2003-12-31,CH,CH: Switzerland,17.141765,BIS LBS: reporter-country all-currency loans/deposits liabilities to UAE
2003-12-31,CL,CL: Chile,0.006,BIS LBS: reporter-country all-currency loans/deposits liabilities to UAE
2003-12-31,DK,DK: Denmark,-0.032701999999999995,BIS LBS: reporter-country all-currency loans/deposits liabilities to UAE
2003-12-31,FR,FR: France,0.8983270000000001,BIS LBS: reporter-country all-currency loans/deposits liabilities to UAE
2003-12-31,GB,GB: United Kingdom,18.356314,BIS LBS: reporter-country all-currency loans/deposits liabilities to UAE
2003-12-31,IE,IE: Ireland,0.167052,BIS LBS: reporter-country all-currency loans/deposits liabilities to UAE
2003-12-31,JE,JE: Jersey,2.413344,BIS LBS: reporter-country all-currency loans/deposits liabilities to UAE
2003-12-31,LU,LU: Luxembourg,0.34989799999999993,BIS LBS: reporter-country all-currency loans/deposits liabilities to UAE
2003-12-31,SE,SE: Sweden,0.08127700000000002,BIS LBS: reporter-country all-currency loans/deposits liabilities to UAE
2003-12-31,TW,TW: Chinese Taipei,0.195242,BIS LBS: reporter-country all-currency loans/deposits liabilities to UAE
2004-03-31,AU,AU: Australia,-0.221311,BIS LBS: reporter-country all-currency loans/deposits liabilities to UAE
2004-03-31,BE,BE: Belgium,1.871867,BIS LBS: reporter-country all-currency loans/deposits liabilities to UAE
2004-03-31,CH,CH: Switzerland,16.295123,BIS LBS: reporter-country all-currency loans/deposits liabilities to UAE
2004-03-31,CL,CL: Chile,0.0,BIS LBS: reporter-country all-currency loans/deposits liabilities to UAE
2004-03-31,DK,DK: Denmark,0.08125399999999999,BIS LBS: reporter-country all-currency loans/deposits liabilities to UAE
2004-03-31,FI,FI: Finland,0.02,BIS LBS: reporter-country all-currency loans/deposits liabilities to UAE
2004-03-31,FR,FR: France,1.6546939999999999,BIS LBS: reporter-country all-currency loans/deposits liabilities to UAE
2004-03-31,GB,GB: United Kingdom,14.185838,BIS LBS: reporter-country all-currency loans/deposits liabilities to UAE
2004-03-31,IE,IE: Ireland,0.2540679999999999,BIS LBS: reporter-country all-currency loans/deposits liabilities to UAE
2004-03-31,JE,JE: Jersey,2.58242,BIS LBS: reporter-country all-currency loans/deposits liabilities to UAE
2004-03-31,LU,LU: Luxembourg,0.5659190000000001,BIS LBS: reporter-country all-currency loans/deposits liabilities to UAE
2004-03-31,SE,SE: Sweden,0.020034999999999997,BIS LBS: reporter-country all-currency loans/deposits liabilities to UAE
2004-03-31,TW,TW: Chinese Taipei,0.04996199999999999,BIS LBS: reporter-country all-currency loans/deposits liabilities to UAE
2004-06-30,AU,AU: Australia,0.519218,BIS LBS: reporter-country all-currency loans/deposits liabilities to UAE
2004-06-30,BE,BE: Belgium,0.998672,BIS LBS: reporter-country all-currency loans/deposits liabilities to UAE
2004-06-30,CH,CH: Switzerland,16.600114,BIS LBS: reporter-country all-currency loans/deposits liabilities to UAE
2004-06-30,DK,DK: Denmark,-0.09681600000000001,BIS LBS: reporter-country all-currency loans/deposits liabilities to UAE
2004-06-30,FI,FI: Finland,0.037945,BIS LBS: reporter-country all-currency loans/deposits liabilities to UAE
2004-06-30,FR,FR: France,1.227664,BIS LBS: reporter-country all-currency loans/deposits liabilities to UAE
2004-06-30,GB,GB: United Kingdom,13.919341999999999,BIS LBS: reporter-country all-currency loans/deposits liabilities to UAE
2004-06-30,IE,IE: Ireland,0.222611,BIS LBS: reporter-country all-currency loans/deposits liabilities to UAE
2004-06-30,JE,JE: Jersey,2.641355,BIS LBS: reporter-country all-currency loans/deposits liabilities to UAE
2004-06-30,LU,LU: Luxembourg,0.596156,BIS LBS: reporter-country all-currency loans/deposits liabilities to UAE
2004-06-30,SE,SE: Sweden,0.100114,BIS LBS: reporter-country all-currency loans/deposits liabilities to UAE
2004-06-30,TW,TW: Chinese Taipei,0.10178200000000001,BIS LBS: reporter-country all-currency loans/deposits liabilities to UAE
2004-09-30,AU,AU: Australia,-0.10701200000000001,BIS LBS: reporter-country all-currency loans/deposits liabilities to UAE
2004-09-30,BE,BE: Belgium,1.206814,BIS LBS: reporter-country all-currency loans/deposits liabilities to UAE
2004-09-30,CH,CH: Switzerland,16.605843,BIS LBS: reporter-country all-currency loans/deposits liabilities to UAE
2004-09-30,CL,CL: Chile,0.006,BIS LBS: reporter-country all-currency loans/deposits liabilities to UAE
2004-09-30,DK,DK: Denmark,0.11086399999999999,BIS LBS: reporter-country all-currency loans/deposits liabilities to UAE
2004-09-30,FR,FR: France,1.0528540000000002,BIS LBS: reporter-country all-currency loans/deposits liabilities to UAE
2004-09-30,GB,GB: United Kingdom,12.727183,BIS LBS: reporter-country all-currency loans/deposits liabilities to UAE
2004-09-30,IE,IE: Ireland,0.261532,BIS LBS: reporter-country all-currency loans/deposits liabilities to UAE
2004-09-30,JE,JE: Jersey,2.4521379999999997,BIS LBS: reporter-country all-currency loans/deposits liabilities to UAE
2004-09-30,LU,LU: Luxembourg,0.461906,BIS LBS: reporter-country all-currency loans/deposits liabilities to UAE
2004-09-30,MX,MX: Mexico,0.002,BIS LBS: reporter-country all-currency loans/deposits liabilities to UAE
2004-09-30,SE,SE: Sweden,0.074672,BIS LBS: reporter-country all-currency loans/deposits liabilities to UAE
2004-09-30,TW,TW: Chinese Taipei,-0.07697399999999999,BIS LBS: reporter-country all-currency loans/deposits liabilities to UAE
2004-12-31,AU,AU: Australia,0.708234,BIS LBS: reporter-country all-currency loans/deposits liabilities to UAE
2004-12-31,BE,BE: Belgium,0.8078670000000001,BIS LBS: reporter-country all-currency loans/deposits liabilities to UAE
2004-12-31,CH,CH: Switzerland,18.360746,BIS LBS: reporter-country all-currency loans/deposits liabilities to UAE
2004-12-31,CL,CL: Chile,0.003,BIS LBS: reporter-country all-currency loans/deposits liabilities to UAE
2004-12-31,DK,DK: Denmark,1.172073,BIS LBS: reporter-country all-currency loans/deposits liabilities to UAE
2004-12-31,FR,FR: France,1.633044,BIS LBS: reporter-country all-currency loans/deposits liabilities to UAE
2004-12-31,GB,GB: United Kingdom,20.905505,BIS LBS: reporter-country all-currency loans/deposits liabilities to UAE
2004-12-31,IE,IE: Ireland,0.34295200000000003,BIS LBS: reporter-country all-currency loans/deposits liabilities to UAE
2004-12-31,JE,JE: Jersey,2.143379,BIS LBS: reporter-country all-currency loans/deposits liabilities to UAE
2004-12-31,LU,LU: Luxembourg,0.620787,BIS LBS: reporter-country all-currency loans/deposits liabilities to UAE
2004-12-31,SE,SE: Sweden,0.179454,BIS LBS: reporter-country all-currency loans/deposits liabilities to UAE
2004-12-31,TW,TW: Chinese Taipei,0.160058,BIS LBS: reporter-country all-currency loans/deposits liabilities to UAE
2005-03-31,AU,AU: Australia,0.02609999999999999,BIS LBS: reporter-country all-currency loans/deposits liabilities to UAE
2005-03-31,BE,BE: Belgium,0.754897,BIS LBS: reporter-country all-currency loans/deposits liabilities to UAE
2005-03-31,CH,CH: Switzerland,15.934803,BIS LBS: reporter-country all-currency loans/deposits liabilities to UAE
2005-03-31,CL,CL: Chile,0.003,BIS LBS: reporter-country all-currency loans/deposits liabilities to UAE
2005-03-31,DK,DK: Denmark,0.7108169999999999,BIS LBS: reporter-country all-currency loans/deposits liabilities to UAE
2005-03-31,FI,FI: Finland,0.02,BIS LBS: reporter-country all-currency loans/deposits liabilities to UAE
2005-03-31,FR,FR: France,1.890369,BIS LBS: reporter-country all-currency loans/deposits liabilities to UAE
2005-03-31,GB,GB: United Kingdom,17.404984,BIS LBS: reporter-country all-currency loans/deposits liabilities to UAE
2005-03-31,IE,IE: Ireland,0.410333,BIS LBS: reporter-country all-currency loans/deposits liabilities to UAE
2005-03-31,JE,JE: Jersey,2.75671,BIS LBS: reporter-country all-currency loans/deposits liabilities to UAE
2005-03-31,KR,KR: Korea,0.22,BIS LBS: reporter-country all-currency loans/deposits liabilities to UAE
2005-03-31,LU,LU: Luxembourg,0.64803,BIS LBS: reporter-country all-currency loans/deposits liabilities to UAE
2005-03-31,SE,SE: Sweden,0.247009,BIS LBS: reporter-country all-currency loans/deposits liabilities to UAE
2005-03-31,TW,TW: Chinese Taipei,0.045724,BIS LBS: reporter-country all-currency loans/deposits liabilities to UAE
2005-06-30,AU,AU: Australia,0.528603,BIS LBS: reporter-country all-currency loans/deposits liabilities to UAE
2005-06-30,BE,BE: Belgium,2.055138,BIS LBS: reporter-country all-currency loans/deposits liabilities to UAE
2005-06-30,CH,CH: Switzerland,18.83906,BIS LBS: reporter-country all-currency loans/deposits liabilities to UAE
2005-06-30,CL,CL: Chile,0.0,BIS LBS: reporter-country all-currency loans/deposits liabilities to UAE
2005-06-30,DK,DK: Denmark,2.268726,BIS LBS: reporter-country all-currency loans/deposits liabilities to UAE
2005-06-30,FI,FI: Finland,-0.005999999999999999,BIS LBS: reporter-country all-currency loans/deposits liabilities to UAE
2005-06-30,FR,FR: France,1.4532140000000002,BIS LBS: reporter-country all-currency loans/deposits liabilities to UAE
2005-06-30,GB,GB: United Kingdom,21.748992,BIS LBS: reporter-country all-currency loans/deposits liabilities to UAE
2005-06-30,IE,IE: Ireland,0.482774,BIS LBS: reporter-country all-currency loans/deposits liabilities to UAE
2005-06-30,JE,JE: Jersey,2.528232,BIS LBS: reporter-country all-currency loans/deposits liabilities to UAE
2005-06-30,KR,KR: Korea,0.18000000000000002,BIS LBS: reporter-country all-currency loans/deposits liabilities to UAE
2005-06-30,LU,LU: Luxembourg,0.6157130000000001,BIS LBS: reporter-country all-currency loans/deposits liabilities to UAE
2005-06-30,SE,SE: Sweden,0.7417239999999999,BIS LBS: reporter-country all-currency loans/deposits liabilities to UAE
2005-06-30,TW,TW: Chinese Taipei,0.070526,BIS LBS: reporter-country all-currency loans/deposits liabilities to UAE
2005-09-30,AU,AU: Australia,0.549264,BIS LBS: reporter-country all-currency loans/deposits liabilities to UAE
2005-09-30,BE,BE: Belgium,2.660758,BIS LBS: reporter-country all-currency loans/deposits liabilities to UAE
2005-09-30,BR,BR: Brazil,0.003892,BIS LBS: reporter-country all-currency loans/deposits liabilities to UAE
2005-09-30,CH,CH: Switzerland,18.828291,BIS LBS: reporter-country all-currency loans/deposits liabilities to UAE
2005-09-30,CL,CL: Chile,-0.047,BIS LBS: reporter-country all-currency loans/deposits liabilities to UAE
2005-09-30,DK,DK: Denmark,0.335779,BIS LBS: reporter-country all-currency loans/deposits liabilities to UAE
2005-09-30,FI,FI: Finland,0.002,BIS LBS: reporter-country all-currency loans/deposits liabilities to UAE
2005-09-30,FR,FR: France,2.942248,BIS LBS: reporter-country all-currency loans/deposits liabilities to UAE
2005-09-30,GB,GB: United Kingdom,23.156071,BIS LBS: reporter-country all-currency loans/deposits liabilities to UAE
2005-09-30,IE,IE: Ireland,0.512874,BIS LBS: reporter-country all-currency loans/deposits liabilities to UAE
2005-09-30,JE,JE: Jersey,2.302964,BIS LBS: reporter-country all-currency loans/deposits liabilities to UAE
2005-09-30,KR,KR: Korea,0.3,BIS LBS: reporter-country all-currency loans/deposits liabilities to UAE
2005-09-30,LU,LU: Luxembourg,0.608957,BIS LBS: reporter-country all-currency loans/deposits liabilities to UAE
2005-09-30,SE,SE: Sweden,1.115929,BIS LBS: reporter-country all-currency loans/deposits liabilities to UAE
2005-09-30,TW,TW: Chinese Taipei,0.574046,BIS LBS: reporter-country all-currency loans/deposits liabilities to UAE
2005-12-31,AU,AU: Australia,-0.289112,BIS LBS: reporter-country all-currency loans/deposits liabilities to UAE
2005-12-31,BE,BE: Belgium,4.868354,BIS LBS: reporter-country all-currency loans/deposits liabilities to UAE
2005-12-31,BR,BR: Brazil,0.002096,BIS LBS: reporter-country all-currency loans/deposits liabilities to UAE
2005-12-31,CH,CH: Switzerland,21.005574,BIS LBS: reporter-country all-currency loans/deposits liabilities to UAE
2005-12-31,CL,CL: Chile,0.056804,BIS LBS: reporter-country all-currency loans/deposits liabilities to UAE
2005-12-31,DK,DK: Denmark,0.8545429999999998,BIS LBS: reporter-country all-currency loans/deposits liabilities to UAE
2005-12-31,FI,FI: Finland,0.002,BIS LBS: reporter-country all-currency loans/deposits liabilities to UAE
2005-12-31,FR,FR: France,1.195104,BIS LBS: reporter-country all-currency loans/deposits liabilities to UAE
2005-12-31,GB,GB: United Kingdom,24.540139999999997,BIS LBS: reporter-country all-currency loans/deposits liabilities to UAE
2005-12-31,IE,IE: Ireland,0.374349,BIS LBS: reporter-country all-currency loans/deposits liabilities to UAE
2005-12-31,JE,JE: Jersey,2.606633,BIS LBS: reporter-country all-currency loans/deposits liabilities to UAE
2005-12-31,KR,KR: Korea,-0.04999999999999999,BIS LBS: reporter-country all-currency loans/deposits liabilities to UAE
2005-12-31,LU,LU: Luxembourg,0.985176,BIS LBS: reporter-country all-currency loans/deposits liabilities to UAE
2005-12-31,SE,SE: Sweden,0.7447349999999999,BIS LBS: reporter-country all-currency loans/deposits liabilities to UAE
2005-12-31,TW,TW: Chinese Taipei,0.166796,BIS LBS: reporter-country all-currency loans/deposits liabilities to UAE
2006-03-31,AU,AU: Australia,0.011602999999999999,BIS LBS: reporter-country all-currency loans/deposits liabilities to UAE
2006-03-31,BE,BE: Belgium,0.8465809999999999,BIS LBS: reporter-country all-currency loans/deposits liabilities to UAE
2006-03-31,BR,BR: Brazil,0.001866,BIS LBS: reporter-country all-currency loans/deposits liabilities to UAE
2006-03-31,CH,CH: Switzerland,19.392801,BIS LBS: reporter-country all-currency loans/deposits liabilities to UAE
2006-03-31,CL,CL: Chile,0.0014160000000000002,BIS LBS: reporter-country all-currency loans/deposits liabilities to UAE
2006-03-31,DK,DK: Denmark,-0.274276,BIS LBS: reporter-country all-currency loans/deposits liabilities to UAE
2006-03-31,FI,FI: Finland,-0.088,BIS LBS: reporter-country all-currency loans/deposits liabilities to UAE
2006-03-31,FR,FR: France,1.682439,BIS LBS: reporter-country all-currency loans/deposits liabilities to UAE
2006-03-31,GB,GB: United Kingdom,21.199045,BIS LBS: reporter-country all-currency loans/deposits liabilities to UAE
2006-03-31,GG,GG: Guernsey,0.160558,BIS LBS: reporter-country all-currency loans/deposits liabilities to UAE
2006-03-31,IE,IE: Ireland,-0.07210500000000003,BIS LBS: reporter-country all-currency loans/deposits liabilities to UAE
2006-03-31,JE,JE: Jersey,3.227749,BIS LBS: reporter-country all-currency loans/deposits liabilities to UAE
2006-03-31,KR,KR: Korea,2.31836,BIS LBS: reporter-country all-currency loans/deposits liabilities to UAE
2006-03-31,LU,LU: Luxembourg,0.897321,BIS LBS: reporter-country all-currency loans/deposits liabilities to UAE
2006-03-31,SE,SE: Sweden,0.369411,BIS LBS: reporter-country all-currency loans/deposits liabilities to UAE
2006-03-31,TW,TW: Chinese Taipei,0.286172,BIS LBS: reporter-country all-currency loans/deposits liabilities to UAE
2006-06-30,AU,AU: Australia,-0.033212000000000005,BIS LBS: reporter-country all-currency loans/deposits liabilities to UAE
2006-06-30,BE,BE: Belgium,0.19415,BIS LBS: reporter-country all-currency loans/deposits liabilities to UAE
2006-06-30,BR,BR: Brazil,0.0020080000000000002,BIS LBS: reporter-country all-currency loans/deposits liabilities to UAE
2006-06-30,CH,CH: Switzerland,23.388171,BIS LBS: reporter-country all-currency loans/deposits liabilities to UAE
2006-06-30,CL,CL: Chile,0.005368,BIS LBS: reporter-country all-currency loans/deposits liabilities to UAE
2006-06-30,DK,DK: Denmark,0.3849380000000001,BIS LBS: reporter-country all-currency loans/deposits liabilities to UAE
2006-06-30,FI,FI: Finland,0.20377800000000001,BIS LBS: reporter-country all-currency loans/deposits liabilities to UAE
2006-06-30,FR,FR: France,1.829119,BIS LBS: reporter-country all-currency loans/deposits liabilities to UAE
2006-06-30,GB,GB: United Kingdom,21.71738,BIS LBS: reporter-country all-currency loans/deposits liabilities to UAE
2006-06-30,GG,GG: Guernsey,0.08380800000000001,BIS LBS: reporter-country all-currency loans/deposits liabilities to UAE
2006-06-30,IE,IE: Ireland,0.707674,BIS LBS: reporter-country all-currency loans/deposits liabilities to UAE
2006-06-30,JE,JE: Jersey,2.473892,BIS LBS: reporter-country all-currency loans/deposits liabilities to UAE
2006-06-30,KR,KR: Korea,1.223967,BIS LBS: reporter-country all-currency loans/deposits liabilities to UAE
2006-06-30,LU,LU: Luxembourg,0.9402919999999999,BIS LBS: reporter-country all-currency loans/deposits liabilities to UAE
2006-06-30,SE,SE: Sweden,0.328114,BIS LBS: reporter-country all-currency loans/deposits liabilities to UAE
2006-06-30,TW,TW: Chinese Taipei,0.412468,BIS LBS: reporter-country all-currency loans/deposits liabilities to UAE
2006-09-30,AU,AU: Australia,0.31207399999999996,BIS LBS: reporter-country all-currency loans/deposits liabilities to UAE
2006-09-30,BE,BE: Belgium,0.856068,BIS LBS: reporter-country all-currency loans/deposits liabilities to UAE
2006-09-30,BR,BR: Brazil,-0.004246,BIS LBS: reporter-country all-currency loans/deposits liabilities to UAE
2006-09-30,CH,CH: Switzerland,31.803175,BIS LBS: reporter-country all-currency loans/deposits liabilities to UAE
2006-09-30,CL,CL: Chile,0.647402,BIS LBS: reporter-country all-currency loans/deposits liabilities to UAE
2006-09-30,DK,DK: Denmark,0.901368,BIS LBS: reporter-country all-currency loans/deposits liabilities to UAE
2006-09-30,FI,FI: Finland,0.202608,BIS LBS: reporter-country all-currency loans/deposits liabilities to UAE
2006-09-30,FR,FR: France,2.022907,BIS LBS: reporter-country all-currency loans/deposits liabilities to UAE
2006-09-30,GB,GB: United Kingdom,28.155735,BIS LBS: reporter-country all-currency loans/deposits liabilities to UAE
2006-09-30,GG,GG: Guernsey,0.078706,BIS LBS: reporter-country all-currency loans/deposits liabilities to UAE
2006-09-30,IE,IE: Ireland,1.0811730000000002,BIS LBS: reporter-country all-currency loans/deposits liabilities to UAE
2006-09-30,JE,JE: Jersey,3.04092,BIS LBS: reporter-country all-currency loans/deposits liabilities to UAE
2006-09-30,KR,KR: Korea,1.4439899999999999,BIS LBS: reporter-country all-currency loans/deposits liabilities to UAE
2006-09-30,LU,LU: Luxembourg,0.988734,BIS LBS: reporter-country all-currency loans/deposits liabilities to UAE
2006-09-30,SE,SE: Sweden,0.6923710000000001,BIS LBS: reporter-country all-currency loans/deposits liabilities to UAE
2006-09-30,TW,TW: Chinese Taipei,0.143226,BIS LBS: reporter-country all-currency loans/deposits liabilities to UAE
2006-12-31,AU,AU: Australia,1.704318,BIS LBS: reporter-country all-currency loans/deposits liabilities to UAE
2006-12-31,BE,BE: Belgium,1.718635,BIS LBS: reporter-country all-currency loans/deposits liabilities to UAE
2006-12-31,BR,BR: Brazil,0.172464,BIS LBS: reporter-country all-currency loans/deposits liabilities to UAE
2006-12-31,CH,CH: Switzerland,24.831626,BIS LBS: reporter-country all-currency loans/deposits liabilities to UAE
2006-12-31,CL,CL: Chile,-0.11849,BIS LBS: reporter-country all-currency loans/deposits liabilities to UAE
2006-12-31,DK,DK: Denmark,0.9301,BIS LBS: reporter-country all-currency loans/deposits liabilities to UAE
2006-12-31,FI,FI: Finland,1.4874969999999998,BIS LBS: reporter-country all-currency loans/deposits liabilities to UAE
2006-12-31,FR,FR: France,3.965598,BIS LBS: reporter-country all-currency loans/deposits liabilities to UAE
2006-12-31,GB,GB: United Kingdom,34.576729,BIS LBS: reporter-country all-currency loans/deposits liabilities to UAE
2006-12-31,GG,GG: Guernsey,0.094222,BIS LBS: reporter-country all-currency loans/deposits liabilities to UAE
2006-12-31,IE,IE: Ireland,0.8015549999999999,BIS LBS: reporter-country all-currency loans/deposits liabilities to UAE
2006-12-31,JE,JE: Jersey,3.765515,BIS LBS: reporter-country all-currency loans/deposits liabilities to UAE
2006-12-31,KR,KR: Korea,1.594941,BIS LBS: reporter-country all-currency loans/deposits liabilities to UAE
2006-12-31,LU,LU: Luxembourg,0.9166810000000001,BIS LBS: reporter-country all-currency loans/deposits liabilities to UAE
2006-12-31,SE,SE: Sweden,0.69872,BIS LBS: reporter-country all-currency loans/deposits liabilities to UAE
2006-12-31,TW,TW: Chinese Taipei,0.25980400000000003,BIS LBS: reporter-country all-currency loans/deposits liabilities to UAE
2007-03-31,AU,AU: Australia,1.296226,BIS LBS: reporter-country all-currency loans/deposits liabilities to UAE
2007-03-31,BE,BE: Belgium,2.1185,BIS LBS: reporter-country all-currency loans/deposits liabilities to UAE
2007-03-31,BR,BR: Brazil,0.372228,BIS LBS: reporter-country all-currency loans/deposits liabilities to UAE
2007-03-31,CH,CH: Switzerland,26.576523,BIS LBS: reporter-country all-currency loans/deposits liabilities to UAE
2007-03-31,CL,CL: Chile,-0.048019,BIS LBS: reporter-country all-currency loans/deposits liabilities to UAE
2007-03-31,DK,DK: Denmark,-0.016823999999999922,BIS LBS: reporter-country all-currency loans/deposits liabilities to UAE
2007-03-31,FI,FI: Finland,1.877083,BIS LBS: reporter-country all-currency loans/deposits liabilities to UAE
2007-03-31,FR,FR: France,3.484674,BIS LBS: reporter-country all-currency loans/deposits liabilities to UAE
2007-03-31,GB,GB: United Kingdom,31.129464,BIS LBS: reporter-country all-currency loans/deposits liabilities to UAE
2007-03-31,GG,GG: Guernsey,0.07483,BIS LBS: reporter-country all-currency loans/deposits liabilities to UAE
2007-03-31,IE,IE: Ireland,1.294738,BIS LBS: reporter-country all-currency loans/deposits liabilities to UAE
2007-03-31,JE,JE: Jersey,4.2112,BIS LBS: reporter-country all-currency loans/deposits liabilities to UAE
2007-03-31,KR,KR: Korea,1.7670460000000001,BIS LBS: reporter-country all-currency loans/deposits liabilities to UAE
2007-03-31,LU,LU: Luxembourg,1.380086,BIS LBS: reporter-country all-currency loans/deposits liabilities to UAE
2007-03-31,SE,SE: Sweden,0.9954230000000001,BIS LBS: reporter-country all-currency loans/deposits liabilities to UAE
2007-03-31,TW,TW: Chinese Taipei,0.107122,BIS LBS: reporter-country all-currency loans/deposits liabilities to UAE
2007-06-30,AU,AU: Australia,1.6796360000000001,BIS LBS: reporter-country all-currency loans/deposits liabilities to UAE
2007-06-30,BE,BE: Belgium,2.0319960000000004,BIS LBS: reporter-country all-currency loans/deposits liabilities to UAE
2007-06-30,BR,BR: Brazil,0.520608,BIS LBS: reporter-country all-currency loans/deposits liabilities to UAE
2007-06-30,CH,CH: Switzerland,26.147102999999998,BIS LBS: reporter-country all-currency loans/deposits liabilities to UAE
2007-06-30,CL,CL: Chile,-0.0009,BIS LBS: reporter-country all-currency loans/deposits liabilities to UAE
2007-06-30,DK,DK: Denmark,2.539691,BIS LBS: reporter-country all-currency loans/deposits liabilities to UAE
2007-06-30,FI,FI: Finland,-0.018378000000000002,BIS LBS: reporter-country all-currency loans/deposits liabilities to UAE
2007-06-30,FR,FR: France,2.9380699999999997,BIS LBS: reporter-country all-currency loans/deposits liabilities to UAE
2007-06-30,GB,GB: United Kingdom,43.853561,BIS LBS: reporter-country all-currency loans/deposits liabilities to UAE
2007-06-30,GG,GG: Guernsey,0.06508000000000001,BIS LBS: reporter-country all-currency loans/deposits liabilities to UAE
2007-06-30,IE,IE: Ireland,3.0045029999999997,BIS LBS: reporter-country all-currency loans/deposits liabilities to UAE
2007-06-30,JE,JE: Jersey,3.978185,BIS LBS: reporter-country all-currency loans/deposits liabilities to UAE
2007-06-30,KR,KR: Korea,0.24214999999999998,BIS LBS: reporter-country all-currency loans/deposits liabilities to UAE
2007-06-30,LU,LU: Luxembourg,1.278205,BIS LBS: reporter-country all-currency loans/deposits liabilities to UAE
2007-06-30,SE,SE: Sweden,0.20786900000000003,BIS LBS: reporter-country all-currency loans/deposits liabilities to UAE
2007-06-30,TW,TW: Chinese Taipei,0.18714,BIS LBS: reporter-country all-currency loans/deposits liabilities to UAE
2007-09-30,AT,AT: Austria,0.505928,BIS LBS: reporter-country all-currency loans/deposits liabilities to UAE
2007-09-30,AU,AU: Australia,1.47736,BIS LBS: reporter-country all-currency loans/deposits liabilities to UAE
2007-09-30,BE,BE: Belgium,2.698586,BIS LBS: reporter-country all-currency loans/deposits liabilities to UAE
2007-09-30,BR,BR: Brazil,0.498714,BIS LBS: reporter-country all-currency loans/deposits liabilities to UAE
2007-09-30,CA,CA: Canada,0.175462,BIS LBS: reporter-country all-currency loans/deposits liabilities to UAE
2007-09-30,CH,CH: Switzerland,24.31477,BIS LBS: reporter-country all-currency loans/deposits liabilities to UAE
2007-09-30,CL,CL: Chile,-0.07436,BIS LBS: reporter-country all-currency loans/deposits liabilities to UAE
2007-09-30,DK,DK: Denmark,-0.7190909999999999,BIS LBS: reporter-country all-currency loans/deposits liabilities to UAE
2007-09-30,FI,FI: Finland,-0.006506,BIS LBS: reporter-country all-currency loans/deposits liabilities to UAE
2007-09-30,FR,FR: France,2.006662,BIS LBS: reporter-country all-currency loans/deposits liabilities to UAE
2007-09-30,GB,GB: United Kingdom,34.710135,BIS LBS: reporter-country all-currency loans/deposits liabilities to UAE
2007-09-30,GG,GG: Guernsey,0.038329999999999996,BIS LBS: reporter-country all-currency loans/deposits liabilities to UAE
2007-09-30,IE,IE: Ireland,2.7898199999999997,BIS LBS: reporter-country all-currency loans/deposits liabilities to UAE
2007-09-30,JE,JE: Jersey,3.6900630000000003,BIS LBS: reporter-country all-currency loans/deposits liabilities to UAE
2007-09-30,KR,KR: Korea,1.5428950000000001,BIS LBS: reporter-country all-currency loans/deposits liabilities to UAE
2007-09-30,LU,LU: Luxembourg,1.283931,BIS LBS: reporter-country all-currency loans/deposits liabilities to UAE
2007-09-30,SE,SE: Sweden,0.529009,BIS LBS: reporter-country all-currency loans/deposits liabilities to UAE
2007-09-30,TW,TW: Chinese Taipei,0.289604,BIS LBS: reporter-country all-currency loans/deposits liabilities to UAE
2007-12-31,AT,AT: Austria,0.16859400000000002,BIS LBS: reporter-country all-currency loans/deposits liabilities to UAE
2007-12-31,AU,AU: Australia,1.876613,BIS LBS: reporter-country all-currency loans/deposits liabilities to UAE
2007-12-31,BE,BE: Belgium,1.027032,BIS LBS: reporter-country all-currency loans/deposits liabilities to UAE
2007-12-31,BR,BR: Brazil,0.229816,BIS LBS: reporter-country all-currency loans/deposits liabilities to UAE
2007-12-31,CA,CA: Canada,0.189751,BIS LBS: reporter-country all-currency loans/deposits liabilities to UAE
2007-12-31,CH,CH: Switzerland,30.17685,BIS LBS: reporter-country all-currency loans/deposits liabilities to UAE
2007-12-31,DK,DK: Denmark,1.048494,BIS LBS: reporter-country all-currency loans/deposits liabilities to UAE
2007-12-31,FI,FI: Finland,-0.088816,BIS LBS: reporter-country all-currency loans/deposits liabilities to UAE
2007-12-31,FR,FR: France,4.7002939999999995,BIS LBS: reporter-country all-currency loans/deposits liabilities to UAE
2007-12-31,GB,GB: United Kingdom,57.53534299999999,BIS LBS: reporter-country all-currency loans/deposits liabilities to UAE
2007-12-31,GG,GG: Guernsey,0.025143999999999993,BIS LBS: reporter-country all-currency loans/deposits liabilities to UAE
2007-12-31,IE,IE: Ireland,1.585686,BIS LBS: reporter-country all-currency loans/deposits liabilities to UAE
2007-12-31,JE,JE: Jersey,3.253645,BIS LBS: reporter-country all-currency loans/deposits liabilities to UAE
2007-12-31,KR,KR: Korea,-0.835528,BIS LBS: reporter-country all-currency loans/deposits liabilities to UAE
2007-12-31,LU,LU: Luxembourg,1.7465229999999998,BIS LBS: reporter-country all-currency loans/deposits liabilities to UAE
2007-12-31,SE,SE: Sweden,0.05419400000000002,BIS LBS: reporter-country all-currency loans/deposits liabilities to UAE
2007-12-31,TW,TW: Chinese Taipei,0.234558,BIS LBS: reporter-country all-currency loans/deposits liabilities to UAE
2008-03-31,AT,AT: Austria,0.806487,BIS LBS: reporter-country all-currency loans/deposits liabilities to UAE
2008-03-31,AU,AU: Australia,4.993143,BIS LBS: reporter-country all-currency loans/deposits liabilities to UAE
2008-03-31,BE,BE: Belgium,3.811353,BIS LBS: reporter-country all-currency loans/deposits liabilities to UAE
2008-03-31,BR,BR: Brazil,0.347502,BIS LBS: reporter-country all-currency loans/deposits liabilities to UAE
2008-03-31,CA,CA: Canada,0.203796,BIS LBS: reporter-country all-currency loans/deposits liabilities to UAE
2008-03-31,CH,CH: Switzerland,29.297931,BIS LBS: reporter-country all-currency loans/deposits liabilities to UAE
2008-03-31,CL,CL: Chile,0.002,BIS LBS: reporter-country all-currency loans/deposits liabilities to UAE
2008-03-31,DK,DK: Denmark,0.586202,BIS LBS: reporter-country all-currency loans/deposits liabilities to UAE
2008-03-31,FI,FI: Finland,-0.04113800000000001,BIS LBS: reporter-country all-currency loans/deposits liabilities to UAE
2008-03-31,FR,FR: France,-0.5622699999999999,BIS LBS: reporter-country all-currency loans/deposits liabilities to UAE
2008-03-31,GB,GB: United Kingdom,39.645816,BIS LBS: reporter-country all-currency loans/deposits liabilities to UAE
2008-03-31,GG,GG: Guernsey,0.096232,BIS LBS: reporter-country all-currency loans/deposits liabilities to UAE
2008-03-31,IE,IE: Ireland,1.430831,BIS LBS: reporter-country all-currency loans/deposits liabilities to UAE
2008-03-31,JE,JE: Jersey,3.53765,BIS LBS: reporter-country all-currency loans/deposits liabilities to UAE
2008-03-31,KR,KR: Korea,-0.188228,BIS LBS: reporter-country all-currency loans/deposits liabilities to UAE
2008-03-31,LU,LU: Luxembourg,0.824573,BIS LBS: reporter-country all-currency loans/deposits liabilities to UAE
2008-03-31,SE,SE: Sweden,0.102687,BIS LBS: reporter-country all-currency loans/deposits liabilities to UAE
2008-03-31,TW,TW: Chinese Taipei,0.0035540000000000016,BIS LBS: reporter-country all-currency loans/deposits liabilities to UAE
2008-06-30,AT,AT: Austria,2.146499,BIS LBS: reporter-country all-currency loans/deposits liabilities to UAE
2008-06-30,AU,AU: Australia,-1.9337419999999998,BIS LBS: reporter-country all-currency loans/deposits liabilities to UAE
2008-06-30,BE,BE: Belgium,1.7492799999999997,BIS LBS: reporter-country all-currency loans/deposits liabilities to UAE
2008-06-30,BR,BR: Brazil,-0.16742,BIS LBS: reporter-country all-currency loans/deposits liabilities to UAE
2008-06-30,CA,CA: Canada,0.188183,BIS LBS: reporter-country all-currency loans/deposits liabilities to UAE
2008-06-30,CH,CH: Switzerland,22.555388,BIS LBS: reporter-country all-currency loans/deposits liabilities to UAE
2008-06-30,DK,DK: Denmark,0.85632,BIS LBS: reporter-country all-currency loans/deposits liabilities to UAE
2008-06-30,FI,FI: Finland,-0.013867999999999998,BIS LBS: reporter-country all-currency loans/deposits liabilities to UAE
2008-06-30,FR,FR: France,5.577653,BIS LBS: reporter-country all-currency loans/deposits liabilities to UAE
2008-06-30,GB,GB: United Kingdom,11.002528999999997,BIS LBS: reporter-country all-currency loans/deposits liabilities to UAE
2008-06-30,GG,GG: Guernsey,0.03826399999999999,BIS LBS: reporter-country all-currency loans/deposits liabilities to UAE
2008-06-30,IE,IE: Ireland,1.317236,BIS LBS: reporter-country all-currency loans/deposits liabilities to UAE
2008-06-30,JE,JE: Jersey,3.637898,BIS LBS: reporter-country all-currency loans/deposits liabilities to UAE
2008-06-30,KR,KR: Korea,2.380008,BIS LBS: reporter-country all-currency loans/deposits liabilities to UAE
2008-06-30,LU,LU: Luxembourg,0.898975,BIS LBS: reporter-country all-currency loans/deposits liabilities to UAE
2008-06-30,SE,SE: Sweden,0.136774,BIS LBS: reporter-country all-currency loans/deposits liabilities to UAE
2008-06-30,TW,TW: Chinese Taipei,1.0584600000000002,BIS LBS: reporter-country all-currency loans/deposits liabilities to UAE
2008-09-30,AT,AT: Austria,-0.15893699999999988,BIS LBS: reporter-country all-currency loans/deposits liabilities to UAE
2008-09-30,AU,AU: Australia,-0.0013360000000000039,BIS LBS: reporter-country all-currency loans/deposits liabilities to UAE
2008-09-30,BE,BE: Belgium,1.1366770000000002,BIS LBS: reporter-country all-currency loans/deposits liabilities to UAE
2008-09-30,BR,BR: Brazil,-0.163012,BIS LBS: reporter-country all-currency loans/deposits liabilities to UAE
2008-09-30,CA,CA: Canada,0.133592,BIS LBS: reporter-country all-currency loans/deposits liabilities to UAE
2008-09-30,CH,CH: Switzerland,21.689915,BIS LBS: reporter-country all-currency loans/deposits liabilities to UAE
2008-09-30,DK,DK: Denmark,0.673285,BIS LBS: reporter-country all-currency loans/deposits liabilities to UAE
2008-09-30,FI,FI: Finland,0.011430000000000001,BIS LBS: reporter-country all-currency loans/deposits liabilities to UAE
2008-09-30,FR,FR: France,2.390618,BIS LBS: reporter-country all-currency loans/deposits liabilities to UAE
2008-09-30,GB,GB: United Kingdom,32.522272,BIS LBS: reporter-country all-currency loans/deposits liabilities to UAE
2008-09-30,GG,GG: Guernsey,-0.0008420000000000007,BIS LBS: reporter-country all-currency loans/deposits liabilities to UAE
2008-09-30,IE,IE: Ireland,0.9845700000000001,BIS LBS: reporter-country all-currency loans/deposits liabilities to UAE
2008-09-30,JE,JE: Jersey,3.598493,BIS LBS: reporter-country all-currency loans/deposits liabilities to UAE
2008-09-30,KR,KR: Korea,-1.188747,BIS LBS: reporter-country all-currency loans/deposits liabilities to UAE
2008-09-30,LU,LU: Luxembourg,2.270175,BIS LBS: reporter-country all-currency loans/deposits liabilities to UAE
2008-09-30,SE,SE: Sweden,0.172377,BIS LBS: reporter-country all-currency loans/deposits liabilities to UAE
2008-09-30,TW,TW: Chinese Taipei,-0.417254,BIS LBS: reporter-country all-currency loans/deposits liabilities to UAE
2008-12-31,AT,AT: Austria,1.0946310000000001,BIS LBS: reporter-country all-currency loans/deposits liabilities to UAE
2008-12-31,AU,AU: Australia,-0.100832,BIS LBS: reporter-country all-currency loans/deposits liabilities to UAE
2008-12-31,BE,BE: Belgium,3.515764,BIS LBS: reporter-country all-currency loans/deposits liabilities to UAE
2008-12-31,BR,BR: Brazil,-0.16270400000000002,BIS LBS: reporter-country all-currency loans/deposits liabilities to UAE
2008-12-31,CH,CH: Switzerland,16.683381,BIS LBS: reporter-country all-currency loans/deposits liabilities to UAE
2008-12-31,DK,DK: Denmark,0.718497,BIS LBS: reporter-country all-currency loans/deposits liabilities to UAE
2008-12-31,FI,FI: Finland,0.020541999999999998,BIS LBS: reporter-country all-currency loans/deposits liabilities to UAE
2008-12-31,FR,FR: France,1.7230750000000001,BIS LBS: reporter-country all-currency loans/deposits liabilities to UAE
2008-12-31,GB,GB: United Kingdom,40.665612,BIS LBS: reporter-country all-currency loans/deposits liabilities to UAE
2008-12-31,GG,GG: Guernsey,-0.045212,BIS LBS: reporter-country all-currency loans/deposits liabilities to UAE
2008-12-31,IE,IE: Ireland,0.002428999999999959,BIS LBS: reporter-country all-currency loans/deposits liabilities to UAE
2008-12-31,JE,JE: Jersey,2.352884,BIS LBS: reporter-country all-currency loans/deposits liabilities to UAE
2008-12-31,KR,KR: Korea,0.187249,BIS LBS: reporter-country all-currency loans/deposits liabilities to UAE
2008-12-31,LU,LU: Luxembourg,0.314177,BIS LBS: reporter-country all-currency loans/deposits liabilities to UAE
2008-12-31,SE,SE: Sweden,0.10458100000000001,BIS LBS: reporter-country all-currency loans/deposits liabilities to UAE
2008-12-31,TW,TW: Chinese Taipei,-0.166198,BIS LBS: reporter-country all-currency loans/deposits liabilities to UAE
2009-03-31,AT,AT: Austria,0.564038,BIS LBS: reporter-country all-currency loans/deposits liabilities to UAE
2009-03-31,AU,AU: Australia,0.071102,BIS LBS: reporter-country all-currency loans/deposits liabilities to UAE
2009-03-31,BE,BE: Belgium,0.22004800000000008,BIS LBS: reporter-country all-currency loans/deposits liabilities to UAE
2009-03-31,BR,BR: Brazil,-0.178666,BIS LBS: reporter-country all-currency loans/deposits liabilities to UAE
2009-03-31,CA,CA: Canada,0.11083799999999999,BIS LBS: reporter-country all-currency loans/deposits liabilities to UAE
2009-03-31,CH,CH: Switzerland,19.781963,BIS LBS: reporter-country all-currency loans/deposits liabilities to UAE
2009-03-31,DK,DK: Denmark,-0.259866,BIS LBS: reporter-country all-currency loans/deposits liabilities to UAE
2009-03-31,FI,FI: Finland,-0.038848,BIS LBS: reporter-country all-currency loans/deposits liabilities to UAE
2009-03-31,FR,FR: France,2.016919,BIS LBS: reporter-country all-currency loans/deposits liabilities to UAE
2009-03-31,GB,GB: United Kingdom,26.499523999999997,BIS LBS: reporter-country all-currency loans/deposits liabilities to UAE
2009-03-31,GG,GG: Guernsey,-0.22084600000000001,BIS LBS: reporter-country all-currency loans/deposits liabilities to UAE
2009-03-31,IE,IE: Ireland,0.772259,BIS LBS: reporter-country all-currency loans/deposits liabilities to UAE
2009-03-31,JE,JE: Jersey,2.680364,BIS LBS: reporter-country all-currency loans/deposits liabilities to UAE
2009-03-31,KR,KR: Korea,0.67076,BIS LBS: reporter-country all-currency loans/deposits liabilities to UAE
2009-03-31,LU,LU: Luxembourg,1.588163,BIS LBS: reporter-country all-currency loans/deposits liabilities to UAE
2009-03-31,SE,SE: Sweden,0.187575,BIS LBS: reporter-country all-currency loans/deposits liabilities to UAE
2009-03-31,TW,TW: Chinese Taipei,-0.0157,BIS LBS: reporter-country all-currency loans/deposits liabilities to UAE
2009-06-30,AT,AT: Austria,1.62625,BIS LBS: reporter-country all-currency loans/deposits liabilities to UAE
2009-06-30,AU,AU: Australia,0.8793880000000001,BIS LBS: reporter-country all-currency loans/deposits liabilities to UAE
2009-06-30,BE,BE: Belgium,2.817239,BIS LBS: reporter-country all-currency loans/deposits liabilities to UAE
2009-06-30,BR,BR: Brazil,-0.025596000000000004,BIS LBS: reporter-country all-currency loans/deposits liabilities to UAE
2009-06-30,CA,CA: Canada,0.3651759999999999,BIS LBS: reporter-country all-currency loans/deposits liabilities to UAE
2009-06-30,CH,CH: Switzerland,17.369255000000003,BIS LBS: reporter-country all-currency loans/deposits liabilities to UAE
2009-06-30,DK,DK: Denmark,0.10810900000000001,BIS LBS: reporter-country all-currency loans/deposits liabilities to UAE
2009-06-30,FI,FI: Finland,0.02444,BIS LBS: reporter-country all-currency loans/deposits liabilities to UAE
2009-06-30,FR,FR: France,3.2267069999999998,BIS LBS: reporter-country all-currency loans/deposits liabilities to UAE
2009-06-30,GB,GB: United Kingdom,30.681756,BIS LBS: reporter-country all-currency loans/deposits liabilities to UAE
2009-06-30,GG,GG: Guernsey,-0.18988,BIS LBS: reporter-country all-currency loans/deposits liabilities to UAE
2009-06-30,IE,IE: Ireland,0.17465799999999998,BIS LBS: reporter-country all-currency loans/deposits liabilities to UAE
2009-06-30,JE,JE: Jersey,3.1286430000000003,BIS LBS: reporter-country all-currency loans/deposits liabilities to UAE
2009-06-30,KR,KR: Korea,0.624327,BIS LBS: reporter-country all-currency loans/deposits liabilities to UAE
2009-06-30,LU,LU: Luxembourg,1.7796979999999998,BIS LBS: reporter-country all-currency loans/deposits liabilities to UAE
2009-06-30,SE,SE: Sweden,0.587534,BIS LBS: reporter-country all-currency loans/deposits liabilities to UAE
2009-06-30,TW,TW: Chinese Taipei,-0.015040000000000005,BIS LBS: reporter-country all-currency loans/deposits liabilities to UAE
2009-09-30,AT,AT: Austria,0.793593,BIS LBS: reporter-country all-currency loans/deposits liabilities to UAE
2009-09-30,AU,AU: Australia,1.698773,BIS LBS: reporter-country all-currency loans/deposits liabilities to UAE
2009-09-30,BE,BE: Belgium,1.553867,BIS LBS: reporter-country all-currency loans/deposits liabilities to UAE
2009-09-30,BR,BR: Brazil,0.16403,BIS LBS: reporter-country all-currency loans/deposits liabilities to UAE
2009-09-30,CA,CA: Canada,0.360147,BIS LBS: reporter-country all-currency loans/deposits liabilities to UAE
2009-09-30,CH,CH: Switzerland,12.661249,BIS LBS: reporter-country all-currency loans/deposits liabilities to UAE
2009-09-30,DK,DK: Denmark,1.004088,BIS LBS: reporter-country all-currency loans/deposits liabilities to UAE
2009-09-30,FI,FI: Finland,-0.0021,BIS LBS: reporter-country all-currency loans/deposits liabilities to UAE
2009-09-30,FR,FR: France,2.8658799999999998,BIS LBS: reporter-country all-currency loans/deposits liabilities to UAE
2009-09-30,GB,GB: United Kingdom,30.981284,BIS LBS: reporter-country all-currency loans/deposits liabilities to UAE
2009-09-30,IE,IE: Ireland,0.32013,BIS LBS: reporter-country all-currency loans/deposits liabilities to UAE
2009-09-30,JE,JE: Jersey,2.5551369999999998,BIS LBS: reporter-country all-currency loans/deposits liabilities to UAE
2009-09-30,KR,KR: Korea,0.39207699999999995,BIS LBS: reporter-country all-currency loans/deposits liabilities to UAE
2009-09-30,LU,LU: Luxembourg,0.751032,BIS LBS: reporter-country all-currency loans/deposits liabilities to UAE
2009-09-30,SE,SE: Sweden,0.136667,BIS LBS: reporter-country all-currency loans/deposits liabilities to UAE
2009-09-30,TW,TW: Chinese Taipei,-0.011144999999999999,BIS LBS: reporter-country all-currency loans/deposits liabilities to UAE
2009-09-30,ZA,ZA: South Africa,0.01,BIS LBS: reporter-country all-currency loans/deposits liabilities to UAE
2009-12-31,AT,AT: Austria,1.4914209999999999,BIS LBS: reporter-country all-currency loans/deposits liabilities to UAE
2009-12-31,AU,AU: Australia,1.3728259999999999,BIS LBS: reporter-country all-currency loans/deposits liabilities to UAE
2009-12-31,BE,BE: Belgium,1.38915,BIS LBS: reporter-country all-currency loans/deposits liabilities to UAE
2009-12-31,BR,BR: Brazil,-0.0545459999999998,BIS LBS: reporter-country all-currency loans/deposits liabilities to UAE
2009-12-31,CA,CA: Canada,0.211395,BIS LBS: reporter-country all-currency loans/deposits liabilities to UAE
2009-12-31,CH,CH: Switzerland,18.007563,BIS LBS: reporter-country all-currency loans/deposits liabilities to UAE
2009-12-31,DK,DK: Denmark,0.177164,BIS LBS: reporter-country all-currency loans/deposits liabilities to UAE
2009-12-31,FI,FI: Finland,-0.003594,BIS LBS: reporter-country all-currency loans/deposits liabilities to UAE
2009-12-31,FR,FR: France,1.738915,BIS LBS: reporter-country all-currency loans/deposits liabilities to UAE
2009-12-31,GB,GB: United Kingdom,36.76914,BIS LBS: reporter-country all-currency loans/deposits liabilities to UAE
2009-12-31,GG,GG: Guernsey,0.10420399999999999,BIS LBS: reporter-country all-currency loans/deposits liabilities to UAE
2009-12-31,IE,IE: Ireland,0.48263399999999995,BIS LBS: reporter-country all-currency loans/deposits liabilities to UAE
2009-12-31,JE,JE: Jersey,2.722887,BIS LBS: reporter-country all-currency loans/deposits liabilities to UAE
2009-12-31,KR,KR: Korea,1.69186,BIS LBS: reporter-country all-currency loans/deposits liabilities to UAE
2009-12-31,LU,LU: Luxembourg,1.126502,BIS LBS: reporter-country all-currency loans/deposits liabilities to UAE
2009-12-31,SE,SE: Sweden,0.6609780000000001,BIS LBS: reporter-country all-currency loans/deposits liabilities to UAE
2009-12-31,TW,TW: Chinese Taipei,-0.035042000000000004,BIS LBS: reporter-country all-currency loans/deposits liabilities to UAE
2009-12-31,ZA,ZA: South Africa,0.011935999999999999,BIS LBS: reporter-country all-currency loans/deposits liabilities to UAE
2010-03-31,AT,AT: Austria,0.9137660000000001,BIS LBS: reporter-country all-currency loans/deposits liabilities to UAE
2010-03-31,AU,AU: Australia,2.024274,BIS LBS: reporter-country all-currency loans/deposits liabilities to UAE
2010-03-31,BE,BE: Belgium,1.096414,BIS LBS: reporter-country all-currency loans/deposits liabilities to UAE
2010-03-31,BR,BR: Brazil,-0.048016,BIS LBS: reporter-country all-currency loans/deposits liabilities to UAE
2010-03-31,CA,CA: Canada,0.356983,BIS LBS: reporter-country all-currency loans/deposits liabilities to UAE
2010-03-31,CH,CH: Switzerland,17.230152,BIS LBS: reporter-country all-currency loans/deposits liabilities to UAE
2010-03-31,DK,DK: Denmark,0.354149,BIS LBS: reporter-country all-currency loans/deposits liabilities to UAE
2010-03-31,FI,FI: Finland,3.0008589999999997,BIS LBS: reporter-country all-currency loans/deposits liabilities to UAE
2010-03-31,FR,FR: France,3.211333,BIS LBS: reporter-country all-currency loans/deposits liabilities to UAE
2010-03-31,GB,GB: United Kingdom,26.824367,BIS LBS: reporter-country all-currency loans/deposits liabilities to UAE
2010-03-31,GG,GG: Guernsey,0.025984,BIS LBS: reporter-country all-currency loans/deposits liabilities to UAE
2010-03-31,IE,IE: Ireland,-0.107705,BIS LBS: reporter-country all-currency loans/deposits liabilities to UAE
2010-03-31,JE,JE: Jersey,3.0608750000000002,BIS LBS: reporter-country all-currency loans/deposits liabilities to UAE
2010-03-31,KR,KR: Korea,0.034692999999999974,BIS LBS: reporter-country all-currency loans/deposits liabilities to UAE
2010-03-31,LU,LU: Luxembourg,0.7410320000000001,BIS LBS: reporter-country all-currency loans/deposits liabilities to UAE
2010-03-31,SE,SE: Sweden,0.304401,BIS LBS: reporter-country all-currency loans/deposits liabilities to UAE
2010-03-31,TW,TW: Chinese Taipei,-0.11934199999999999,BIS LBS: reporter-country all-currency loans/deposits liabilities to UAE
2010-03-31,ZA,ZA: South Africa,0.010905,BIS LBS: reporter-country all-currency loans/deposits liabilities to UAE
2010-06-30,AT,AT: Austria,1.282994,BIS LBS: reporter-country all-currency loans/deposits liabilities to UAE
2010-06-30,AU,AU: Australia,-0.5004730000000001,BIS LBS: reporter-country all-currency loans/deposits liabilities to UAE
2010-06-30,BE,BE: Belgium,1.562964,BIS LBS: reporter-country all-currency loans/deposits liabilities to UAE
2010-06-30,BR,BR: Brazil,0.07926799999999999,BIS LBS: reporter-country all-currency loans/deposits liabilities to UAE
2010-06-30,CA,CA: Canada,0.222368,BIS LBS: reporter-country all-currency loans/deposits liabilities to UAE
2010-06-30,CH,CH: Switzerland,14.72838,BIS LBS: reporter-country all-currency loans/deposits liabilities to UAE
2010-06-30,DK,DK: Denmark,0.132793,BIS LBS: reporter-country all-currency loans/deposits liabilities to UAE
2010-06-30,FI,FI: Finland,0.016425,BIS LBS: reporter-country all-currency loans/deposits liabilities to UAE
2010-06-30,FR,FR: France,2.21541,BIS LBS: reporter-country all-currency loans/deposits liabilities to UAE
2010-06-30,GB,GB: United Kingdom,21.477001999999995,BIS LBS: reporter-country all-currency loans/deposits liabilities to UAE
2010-06-30,GG,GG: Guernsey,0.034376,BIS LBS: reporter-country all-currency loans/deposits liabilities to UAE
2010-06-30,IE,IE: Ireland,0.237412,BIS LBS: reporter-country all-currency loans/deposits liabilities to UAE
2010-06-30,IM,IM: Isle of Man,1.557416,BIS LBS: reporter-country all-currency loans/deposits liabilities to UAE
2010-06-30,JE,JE: Jersey,2.74247,BIS LBS: reporter-country all-currency loans/deposits liabilities to UAE
2010-06-30,KR,KR: Korea,0.306955,BIS LBS: reporter-country all-currency loans/deposits liabilities to UAE
2010-06-30,LU,LU: Luxembourg,1.037457,BIS LBS: reporter-country all-currency loans/deposits liabilities to UAE
2010-06-30,SE,SE: Sweden,-0.276019,BIS LBS: reporter-country all-currency loans/deposits liabilities to UAE
2010-06-30,TW,TW: Chinese Taipei,-0.0032839999999999987,BIS LBS: reporter-country all-currency loans/deposits liabilities to UAE
2010-06-30,ZA,ZA: South Africa,0.005411000000000001,BIS LBS: reporter-country all-currency loans/deposits liabilities to UAE
2010-09-30,AT,AT: Austria,1.387164,BIS LBS: reporter-country all-currency loans/deposits liabilities to UAE
2010-09-30,AU,AU: Australia,0.093045,BIS LBS: reporter-country all-currency loans/deposits liabilities to UAE
2010-09-30,BE,BE: Belgium,1.617216,BIS LBS: reporter-country all-currency loans/deposits liabilities to UAE
2010-09-30,BR,BR: Brazil,-0.055133999999999996,BIS LBS: reporter-country all-currency loans/deposits liabilities to UAE
2010-09-30,CA,CA: Canada,0.33634000000000003,BIS LBS: reporter-country all-currency loans/deposits liabilities to UAE
2010-09-30,CH,CH: Switzerland,19.280753,BIS LBS: reporter-country all-currency loans/deposits liabilities to UAE
2010-09-30,DK,DK: Denmark,0.664606,BIS LBS: reporter-country all-currency loans/deposits liabilities to UAE
2010-09-30,FI,FI: Finland,0.065503,BIS LBS: reporter-country all-currency loans/deposits liabilities to UAE
2010-09-30,FR,FR: France,2.7775309999999998,BIS LBS: reporter-country all-currency loans/deposits liabilities to UAE
2010-09-30,GB,GB: United Kingdom,23.683007999999997,BIS LBS: reporter-country all-currency loans/deposits liabilities to UAE
2010-09-30,IE,IE: Ireland,0.08764300000000001,BIS LBS: reporter-country all-currency loans/deposits liabilities to UAE
2010-09-30,IM,IM: Isle of Man,0.9658180000000001,BIS LBS: reporter-country all-currency loans/deposits liabilities to UAE
2010-09-30,JE,JE: Jersey,2.5326500000000003,BIS LBS: reporter-country all-currency loans/deposits liabilities to UAE
2010-09-30,KR,KR: Korea,2.338288,BIS LBS: reporter-country all-currency loans/deposits liabilities to UAE
2010-09-30,LU,LU: Luxembourg,0.764824,BIS LBS: reporter-country all-currency loans/deposits liabilities to UAE
2010-09-30,SE,SE: Sweden,0.287547,BIS LBS: reporter-country all-currency loans/deposits liabilities to UAE
2010-09-30,TW,TW: Chinese Taipei,0.150218,BIS LBS: reporter-country all-currency loans/deposits liabilities to UAE
2010-09-30,ZA,ZA: South Africa,0.097024,BIS LBS: reporter-country all-currency loans/deposits liabilities to UAE
2010-12-31,AT,AT: Austria,0.859582,BIS LBS: reporter-country all-currency loans/deposits liabilities to UAE
2010-12-31,AU,AU: Australia,0.26201399999999997,BIS LBS: reporter-country all-currency loans/deposits liabilities to UAE
2010-12-31,BE,BE: Belgium,0.693694,BIS LBS: reporter-country all-currency loans/deposits liabilities to UAE
2010-12-31,BR,BR: Brazil,-0.006798,BIS LBS: reporter-country all-currency loans/deposits liabilities to UAE
2010-12-31,CA,CA: Canada,0.350543,BIS LBS: reporter-country all-currency loans/deposits liabilities to UAE
2010-12-31,CH,CH: Switzerland,15.716576,BIS LBS: reporter-country all-currency loans/deposits liabilities to UAE
2010-12-31,DK,DK: Denmark,0.264827,BIS LBS: reporter-country all-currency loans/deposits liabilities to UAE
2010-12-31,FI,FI: Finland,0.009688,BIS LBS: reporter-country all-currency loans/deposits liabilities to UAE
2010-12-31,FR,FR: France,2.048403,BIS LBS: reporter-country all-currency loans/deposits liabilities to UAE
2010-12-31,GB,GB: United Kingdom,25.799457,BIS LBS: reporter-country all-currency loans/deposits liabilities to UAE
2010-12-31,GG,GG: Guernsey,0.012106,BIS LBS: reporter-country all-currency loans/deposits liabilities to UAE
2010-12-31,IE,IE: Ireland,-0.183745,BIS LBS: reporter-country all-currency loans/deposits liabilities to UAE
2010-12-31,IM,IM: Isle of Man,0.987347,BIS LBS: reporter-country all-currency loans/deposits liabilities to UAE
2010-12-31,JE,JE: Jersey,2.823091,BIS LBS: reporter-country all-currency loans/deposits liabilities to UAE
2010-12-31,KR,KR: Korea,2.3540669999999997,BIS LBS: reporter-country all-currency loans/deposits liabilities to UAE
2010-12-31,LU,LU: Luxembourg,1.12717,BIS LBS: reporter-country all-currency loans/deposits liabilities to UAE
2010-12-31,SE,SE: Sweden,-0.18269400000000013,BIS LBS: reporter-country all-currency loans/deposits liabilities to UAE
2010-12-31,TW,TW: Chinese Taipei,0.68937,BIS LBS: reporter-country all-currency loans/deposits liabilities to UAE
2010-12-31,ZA,ZA: South Africa,0.003947,BIS LBS: reporter-country all-currency loans/deposits liabilities to UAE
2011-03-31,AT,AT: Austria,1.293035,BIS LBS: reporter-country all-currency loans/deposits liabilities to UAE
2011-03-31,AU,AU: Australia,0.14215699999999998,BIS LBS: reporter-country all-currency loans/deposits liabilities to UAE
2011-03-31,BE,BE: Belgium,2.7094400000000003,BIS LBS: reporter-country all-currency loans/deposits liabilities to UAE
2011-03-31,BR,BR: Brazil,0.08316599999999999,BIS LBS: reporter-country all-currency loans/deposits liabilities to UAE
2011-03-31,CA,CA: Canada,0.019412999999999986,BIS LBS: reporter-country all-currency loans/deposits liabilities to UAE
2011-03-31,CH,CH: Switzerland,18.719973,BIS LBS: reporter-country all-currency loans/deposits liabilities to UAE
2011-03-31,DK,DK: Denmark,1.130463,BIS LBS: reporter-country all-currency loans/deposits liabilities to UAE
2011-03-31,FI,FI: Finland,-0.061264,BIS LBS: reporter-country all-currency loans/deposits liabilities to UAE
2011-03-31,FR,FR: France,3.7740410000000004,BIS LBS: reporter-country all-currency loans/deposits liabilities to UAE
2011-03-31,GB,GB: United Kingdom,41.676187,BIS LBS: reporter-country all-currency loans/deposits liabilities to UAE
2011-03-31,GG,GG: Guernsey,0.00978,BIS LBS: reporter-country all-currency loans/deposits liabilities to UAE
2011-03-31,IE,IE: Ireland,-0.147831,BIS LBS: reporter-country all-currency loans/deposits liabilities to UAE
2011-03-31,IM,IM: Isle of Man,1.207029,BIS LBS: reporter-country all-currency loans/deposits liabilities to UAE
2011-03-31,JE,JE: Jersey,3.101846,BIS LBS: reporter-country all-currency loans/deposits liabilities to UAE
2011-03-31,KR,KR: Korea,4.406852,BIS LBS: reporter-country all-currency loans/deposits liabilities to UAE
2011-03-31,LU,LU: Luxembourg,1.103575,BIS LBS: reporter-country all-currency loans/deposits liabilities to UAE
2011-03-31,SE,SE: Sweden,0.718573,BIS LBS: reporter-country all-currency loans/deposits liabilities to UAE
2011-03-31,TW,TW: Chinese Taipei,0.26012,BIS LBS: reporter-country all-currency loans/deposits liabilities to UAE
2011-03-31,ZA,ZA: South Africa,0.01903,BIS LBS: reporter-country all-currency loans/deposits liabilities to UAE
2011-06-30,AT,AT: Austria,1.3879549999999998,BIS LBS: reporter-country all-currency loans/deposits liabilities to UAE
2011-06-30,AU,AU: Australia,3.6915560000000003,BIS LBS: reporter-country all-currency loans/deposits liabilities to UAE
2011-06-30,BE,BE: Belgium,1.7419380000000002,BIS LBS: reporter-country all-currency loans/deposits liabilities to UAE
2011-06-30,CA,CA: Canada,0.120806,BIS LBS: reporter-country all-currency loans/deposits liabilities to UAE
2011-06-30,CH,CH: Switzerland,19.30831,BIS LBS: reporter-country all-currency loans/deposits liabilities to UAE
2011-06-30,DK,DK: Denmark,0.241788,BIS LBS: reporter-country all-currency loans/deposits liabilities to UAE
2011-06-30,FI,FI: Finland,0.033651,BIS LBS: reporter-country all-currency loans/deposits liabilities to UAE
2011-06-30,FR,FR: France,0.3864969999999999,BIS LBS: reporter-country all-currency loans/deposits liabilities to UAE
2011-06-30,GB,GB: United Kingdom,33.175107,BIS LBS: reporter-country all-currency loans/deposits liabilities to UAE
2011-06-30,GG,GG: Guernsey,0.008032000000000001,BIS LBS: reporter-country all-currency loans/deposits liabilities to UAE
2011-06-30,IE,IE: Ireland,-0.042968000000000006,BIS LBS: reporter-country all-currency loans/deposits liabilities to UAE
2011-06-30,IM,IM: Isle of Man,1.299938,BIS LBS: reporter-country all-currency loans/deposits liabilities to UAE
2011-06-30,JE,JE: Jersey,3.896505,BIS LBS: reporter-country all-currency loans/deposits liabilities to UAE
2011-06-30,KR,KR: Korea,0.6102699999999999,BIS LBS: reporter-country all-currency loans/deposits liabilities to UAE
2011-06-30,LU,LU: Luxembourg,2.566198,BIS LBS: reporter-country all-currency loans/deposits liabilities to UAE
2011-06-30,SE,SE: Sweden,1.09923,BIS LBS: reporter-country all-currency loans/deposits liabilities to UAE
2011-06-30,TW,TW: Chinese Taipei,0.599368,BIS LBS: reporter-country all-currency loans/deposits liabilities to UAE
2011-06-30,ZA,ZA: South Africa,0.146632,BIS LBS: reporter-country all-currency loans/deposits liabilities to UAE
2011-09-30,AT,AT: Austria,0.21832799999999997,BIS LBS: reporter-country all-currency loans/deposits liabilities to UAE
2011-09-30,AU,AU: Australia,-0.9790840000000001,BIS LBS: reporter-country all-currency loans/deposits liabilities to UAE
2011-09-30,BE,BE: Belgium,0.9843179999999998,BIS LBS: reporter-country all-currency loans/deposits liabilities to UAE
2011-09-30,BR,BR: Brazil,0.004272,BIS LBS: reporter-country all-currency loans/deposits liabilities to UAE
2011-09-30,CA,CA: Canada,0.37784,BIS LBS: reporter-country all-currency loans/deposits liabilities to UAE
2011-09-30,CH,CH: Switzerland,23.355545,BIS LBS: reporter-country all-currency loans/deposits liabilities to UAE
2011-09-30,DK,DK: Denmark,0.5093030000000001,BIS LBS: reporter-country all-currency loans/deposits liabilities to UAE
2011-09-30,FI,FI: Finland,-0.202163,BIS LBS: reporter-country all-currency loans/deposits liabilities to UAE
2011-09-30,FR,FR: France,1.9451209999999999,BIS LBS: reporter-country all-currency loans/deposits liabilities to UAE
2011-09-30,GB,GB: United Kingdom,16.380525,BIS LBS: reporter-country all-currency loans/deposits liabilities to UAE
2011-09-30,IE,IE: Ireland,-0.03733500000000001,BIS LBS: reporter-country all-currency loans/deposits liabilities to UAE
2011-09-30,IM,IM: Isle of Man,2.306871,BIS LBS: reporter-country all-currency loans/deposits liabilities to UAE
2011-09-30,JE,JE: Jersey,3.428369,BIS LBS: reporter-country all-currency loans/deposits liabilities to UAE
2011-09-30,KR,KR: Korea,0.140235,BIS LBS: reporter-country all-currency loans/deposits liabilities to UAE
2011-09-30,LU,LU: Luxembourg,1.2131450000000001,BIS LBS: reporter-country all-currency loans/deposits liabilities to UAE
2011-09-30,SE,SE: Sweden,1.035698,BIS LBS: reporter-country all-currency loans/deposits liabilities to UAE
2011-09-30,TW,TW: Chinese Taipei,0.198824,BIS LBS: reporter-country all-currency loans/deposits liabilities to UAE
2011-09-30,ZA,ZA: South Africa,0.362987,BIS LBS: reporter-country all-currency loans/deposits liabilities to UAE
2011-12-31,AT,AT: Austria,0.361149,BIS LBS: reporter-country all-currency loans/deposits liabilities to UAE
2011-12-31,AU,AU: Australia,0.156742,BIS LBS: reporter-country all-currency loans/deposits liabilities to UAE
2011-12-31,BE,BE: Belgium,1.301138,BIS LBS: reporter-country all-currency loans/deposits liabilities to UAE
2011-12-31,CA,CA: Canada,0.12065599999999999,BIS LBS: reporter-country all-currency loans/deposits liabilities to UAE
2011-12-31,CH,CH: Switzerland,20.8732,BIS LBS: reporter-country all-currency loans/deposits liabilities to UAE
2011-12-31,DK,DK: Denmark,0.6189979999999999,BIS LBS: reporter-country all-currency loans/deposits liabilities to UAE
2011-12-31,FI,FI: Finland,0.06126,BIS LBS: reporter-country all-currency loans/deposits liabilities to UAE
2011-12-31,FR,FR: France,2.884185,BIS LBS: reporter-country all-currency loans/deposits liabilities to UAE
2011-12-31,GB,GB: United Kingdom,28.147413,BIS LBS: reporter-country all-currency loans/deposits liabilities to UAE
2011-12-31,IE,IE: Ireland,0.063417,BIS LBS: reporter-country all-currency loans/deposits liabilities to UAE
2011-12-31,IM,IM: Isle of Man,1.62649,BIS LBS: reporter-country all-currency loans/deposits liabilities to UAE
2011-12-31,JE,JE: Jersey,2.8637439999999996,BIS LBS: reporter-country all-currency loans/deposits liabilities to UAE
2011-12-31,KR,KR: Korea,0.43794299999999997,BIS LBS: reporter-country all-currency loans/deposits liabilities to UAE
2011-12-31,LU,LU: Luxembourg,-0.07512699999999994,BIS LBS: reporter-country all-currency loans/deposits liabilities to UAE
2011-12-31,SE,SE: Sweden,1.6280499999999998,BIS LBS: reporter-country all-currency loans/deposits liabilities to UAE
2011-12-31,TW,TW: Chinese Taipei,0.11099,BIS LBS: reporter-country all-currency loans/deposits liabilities to UAE
2011-12-31,ZA,ZA: South Africa,1.8087309999999999,BIS LBS: reporter-country all-currency loans/deposits liabilities to UAE
2012-03-31,AT,AT: Austria,0.793976,BIS LBS: reporter-country all-currency loans/deposits liabilities to UAE
2012-03-31,AU,AU: Australia,0.417127,BIS LBS: reporter-country all-currency loans/deposits liabilities to UAE
2012-03-31,BE,BE: Belgium,1.731833,BIS LBS: reporter-country all-currency loans/deposits liabilities to UAE
2012-03-31,BR,BR: Brazil,0.02,BIS LBS: reporter-country all-currency loans/deposits liabilities to UAE
2012-03-31,CA,CA: Canada,0.283831,BIS LBS: reporter-country all-currency loans/deposits liabilities to UAE
2012-03-31,CH,CH: Switzerland,19.316433,BIS LBS: reporter-country all-currency loans/deposits liabilities to UAE
2012-03-31,DK,DK: Denmark,0.261469,BIS LBS: reporter-country all-currency loans/deposits liabilities to UAE
2012-03-31,FI,FI: Finland,0.007718000000000001,BIS LBS: reporter-country all-currency loans/deposits liabilities to UAE
2012-03-31,FR,FR: France,3.073316,BIS LBS: reporter-country all-currency loans/deposits liabilities to UAE
2012-03-31,GB,GB: United Kingdom,40.719081,BIS LBS: reporter-country all-currency loans/deposits liabilities to UAE
2012-03-31,IE,IE: Ireland,0.161821,BIS LBS: reporter-country all-currency loans/deposits liabilities to UAE
2012-03-31,IM,IM: Isle of Man,1.827716,BIS LBS: reporter-country all-currency loans/deposits liabilities to UAE
2012-03-31,JE,JE: Jersey,4.32211,BIS LBS: reporter-country all-currency loans/deposits liabilities to UAE
2012-03-31,KR,KR: Korea,0.648033,BIS LBS: reporter-country all-currency loans/deposits liabilities to UAE
2012-03-31,LU,LU: Luxembourg,1.190837,BIS LBS: reporter-country all-currency loans/deposits liabilities to UAE
2012-03-31,SE,SE: Sweden,0.17980400000000002,BIS LBS: reporter-country all-currency loans/deposits liabilities to UAE
2012-03-31,TW,TW: Chinese Taipei,0.566248,BIS LBS: reporter-country all-currency loans/deposits liabilities to UAE
2012-03-31,ZA,ZA: South Africa,1.831639,BIS LBS: reporter-country all-currency loans/deposits liabilities to UAE
2012-06-30,AT,AT: Austria,0.718654,BIS LBS: reporter-country all-currency loans/deposits liabilities to UAE
2012-06-30,AU,AU: Australia,0.7508569999999999,BIS LBS: reporter-country all-currency loans/deposits liabilities to UAE
2012-06-30,BE,BE: Belgium,1.012431,BIS LBS: reporter-country all-currency loans/deposits liabilities to UAE
2012-06-30,BR,BR: Brazil,-0.002,BIS LBS: reporter-country all-currency loans/deposits liabilities to UAE
2012-06-30,CA,CA: Canada,0.270925,BIS LBS: reporter-country all-currency loans/deposits liabilities to UAE
2012-06-30,CH,CH: Switzerland,22.465107,BIS LBS: reporter-country all-currency loans/deposits liabilities to UAE
2012-06-30,DK,DK: Denmark,0.394533,BIS LBS: reporter-country all-currency loans/deposits liabilities to UAE
2012-06-30,ES,ES: Spain,0.076405,BIS LBS: reporter-country all-currency loans/deposits liabilities to UAE
2012-06-30,FI,FI: Finland,0.021192,BIS LBS: reporter-country all-currency loans/deposits liabilities to UAE
2012-06-30,FR,FR: France,5.085244,BIS LBS: reporter-country all-currency loans/deposits liabilities to UAE
2012-06-30,GB,GB: United Kingdom,22.447817999999998,BIS LBS: reporter-country all-currency loans/deposits liabilities to UAE
2012-06-30,IE,IE: Ireland,0.057259,BIS LBS: reporter-country all-currency loans/deposits liabilities to UAE
2012-06-30,IM,IM: Isle of Man,1.4743840000000001,BIS LBS: reporter-country all-currency loans/deposits liabilities to UAE
2012-06-30,JE,JE: Jersey,4.527443999999999,BIS LBS: reporter-country all-currency loans/deposits liabilities to UAE
2012-06-30,KR,KR: Korea,1.002824,BIS LBS: reporter-country all-currency loans/deposits liabilities to UAE
2012-06-30,LU,LU: Luxembourg,0.691561,BIS LBS: reporter-country all-currency loans/deposits liabilities to UAE
2012-06-30,MX,MX: Mexico,2.2e-05,BIS LBS: reporter-country all-currency loans/deposits liabilities to UAE
2012-06-30,SE,SE: Sweden,1.126246,BIS LBS: reporter-country all-currency loans/deposits liabilities to UAE
2012-06-30,TW,TW: Chinese Taipei,0.05564400000000001,BIS LBS: reporter-country all-currency loans/deposits liabilities to UAE
2012-06-30,US,US: United States,4.676,BIS LBS: reporter-country all-currency loans/deposits liabilities to UAE
2012-06-30,ZA,ZA: South Africa,-0.136529,BIS LBS: reporter-country all-currency loans/deposits liabilities to UAE
2012-09-30,AT,AT: Austria,0.877763,BIS LBS: reporter-country all-currency loans/deposits liabilities to UAE
2012-09-30,AU,AU: Australia,-0.162029,BIS LBS: reporter-country all-currency loans/deposits liabilities to UAE
2012-09-30,BE,BE: Belgium,1.465578,BIS LBS: reporter-country all-currency loans/deposits liabilities to UAE
2012-09-30,BR,BR: Brazil,-0.002,BIS LBS: reporter-country all-currency loans/deposits liabilities to UAE
2012-09-30,CA,CA: Canada,0.275932,BIS LBS: reporter-country all-currency loans/deposits liabilities to UAE
2012-09-30,CH,CH: Switzerland,23.003384,BIS LBS: reporter-country all-currency loans/deposits liabilities to UAE
2012-09-30,DK,DK: Denmark,0.772069,BIS LBS: reporter-country all-currency loans/deposits liabilities to UAE
2012-09-30,ES,ES: Spain,0.25023,BIS LBS: reporter-country all-currency loans/deposits liabilities to UAE
2012-09-30,FI,FI: Finland,-0.08743200000000001,BIS LBS: reporter-country all-currency loans/deposits liabilities to UAE
2012-09-30,FR,FR: France,5.866493,BIS LBS: reporter-country all-currency loans/deposits liabilities to UAE
2012-09-30,GB,GB: United Kingdom,36.232787,BIS LBS: reporter-country all-currency loans/deposits liabilities to UAE
2012-09-30,IE,IE: Ireland,0.058351,BIS LBS: reporter-country all-currency loans/deposits liabilities to UAE
2012-09-30,IM,IM: Isle of Man,1.603118,BIS LBS: reporter-country all-currency loans/deposits liabilities to UAE
2012-09-30,JE,JE: Jersey,4.820794,BIS LBS: reporter-country all-currency loans/deposits liabilities to UAE
2012-09-30,KR,KR: Korea,0.42552799999999996,BIS LBS: reporter-country all-currency loans/deposits liabilities to UAE
2012-09-30,LU,LU: Luxembourg,1.194533,BIS LBS: reporter-country all-currency loans/deposits liabilities to UAE
2012-09-30,MX,MX: Mexico,2.3e-05,BIS LBS: reporter-country all-currency loans/deposits liabilities to UAE
2012-09-30,SE,SE: Sweden,0.181894,BIS LBS: reporter-country all-currency loans/deposits liabilities to UAE
2012-09-30,TW,TW: Chinese Taipei,-0.045688000000000006,BIS LBS: reporter-country all-currency loans/deposits liabilities to UAE
2012-09-30,US,US: United States,10.807827,BIS LBS: reporter-country all-currency loans/deposits liabilities to UAE
2012-09-30,ZA,ZA: South Africa,-0.00596,BIS LBS: reporter-country all-currency loans/deposits liabilities to UAE
2012-12-31,AT,AT: Austria,1.389284,BIS LBS: reporter-country all-currency loans/deposits liabilities to UAE
2012-12-31,AU,AU: Australia,1.372318,BIS LBS: reporter-country all-currency loans/deposits liabilities to UAE
2012-12-31,BE,BE: Belgium,1.615265,BIS LBS: reporter-country all-currency loans/deposits liabilities to UAE
2012-12-31,BR,BR: Brazil,0.001,BIS LBS: reporter-country all-currency loans/deposits liabilities to UAE
2012-12-31,CA,CA: Canada,0.286274,BIS LBS: reporter-country all-currency loans/deposits liabilities to UAE
2012-12-31,CH,CH: Switzerland,20.789807999999997,BIS LBS: reporter-country all-currency loans/deposits liabilities to UAE
2012-12-31,DK,DK: Denmark,0.197832,BIS LBS: reporter-country all-currency loans/deposits liabilities to UAE
2012-12-31,ES,ES: Spain,0.624159,BIS LBS: reporter-country all-currency loans/deposits liabilities to UAE
2012-12-31,FI,FI: Finland,-0.081122,BIS LBS: reporter-country all-currency loans/deposits liabilities to UAE
2012-12-31,FR,FR: France,4.34384,BIS LBS: reporter-country all-currency loans/deposits liabilities to UAE
2012-12-31,GB,GB: United Kingdom,27.706012,BIS LBS: reporter-country all-currency loans/deposits liabilities to UAE
2012-12-31,IE,IE: Ireland,0.038228,BIS LBS: reporter-country all-currency loans/deposits liabilities to UAE
2012-12-31,IM,IM: Isle of Man,1.952696,BIS LBS: reporter-country all-currency loans/deposits liabilities to UAE
2012-12-31,JE,JE: Jersey,4.687885,BIS LBS: reporter-country all-currency loans/deposits liabilities to UAE
2012-12-31,KR,KR: Korea,0.9084780000000001,BIS LBS: reporter-country all-currency loans/deposits liabilities to UAE
2012-12-31,LU,LU: Luxembourg,1.269711,BIS LBS: reporter-country all-currency loans/deposits liabilities to UAE
2012-12-31,MX,MX: Mexico,-2.3e-05,BIS LBS: reporter-country all-currency loans/deposits liabilities to UAE
2012-12-31,SE,SE: Sweden,0.606928,BIS LBS: reporter-country all-currency loans/deposits liabilities to UAE
2012-12-31,TW,TW: Chinese Taipei,-0.09284500000000001,BIS LBS: reporter-country all-currency loans/deposits liabilities to UAE
2012-12-31,US,US: United States,7.438064,BIS LBS: reporter-country all-currency loans/deposits liabilities to UAE
2012-12-31,ZA,ZA: South Africa,-0.073016,BIS LBS: reporter-country all-currency loans/deposits liabilities to UAE
2013-03-31,AT,AT: Austria,0.48580500000000004,BIS LBS: reporter-country all-currency loans/deposits liabilities to UAE
2013-03-31,AU,AU: Australia,0.235856,BIS LBS: reporter-country all-currency loans/deposits liabilities to UAE
2013-03-31,BE,BE: Belgium,2.537883,BIS LBS: reporter-country all-currency loans/deposits liabilities to UAE
2013-03-31,BR,BR: Brazil,-0.0869400000000001,BIS LBS: reporter-country all-currency loans/deposits liabilities to UAE
2013-03-31,CA,CA: Canada,0.28363900000000003,BIS LBS: reporter-country all-currency loans/deposits liabilities to UAE
2013-03-31,CH,CH: Switzerland,22.969865,BIS LBS: reporter-country all-currency loans/deposits liabilities to UAE
2013-03-31,DK,DK: Denmark,2.052457,BIS LBS: reporter-country all-currency loans/deposits liabilities to UAE
2013-03-31,ES,ES: Spain,0.06639600000000001,BIS LBS: reporter-country all-currency loans/deposits liabilities to UAE
2013-03-31,FI,FI: Finland,0.061537999999999995,BIS LBS: reporter-country all-currency loans/deposits liabilities to UAE
2013-03-31,FR,FR: France,5.575897,BIS LBS: reporter-country all-currency loans/deposits liabilities to UAE
2013-03-31,GB,GB: United Kingdom,51.574167,BIS LBS: reporter-country all-currency loans/deposits liabilities to UAE
2013-03-31,IE,IE: Ireland,-0.062436000000000005,BIS LBS: reporter-country all-currency loans/deposits liabilities to UAE
2013-03-31,IM,IM: Isle of Man,2.168356,BIS LBS: reporter-country all-currency loans/deposits liabilities to UAE
2013-03-31,JE,JE: Jersey,4.844231000000001,BIS LBS: reporter-country all-currency loans/deposits liabilities to UAE
2013-03-31,KR,KR: Korea,1.184886,BIS LBS: reporter-country all-currency loans/deposits liabilities to UAE
2013-03-31,LU,LU: Luxembourg,1.955707,BIS LBS: reporter-country all-currency loans/deposits liabilities to UAE
2013-03-31,MX,MX: Mexico,4.4999999999999996e-05,BIS LBS: reporter-country all-currency loans/deposits liabilities to UAE
2013-03-31,SE,SE: Sweden,1.144132,BIS LBS: reporter-country all-currency loans/deposits liabilities to UAE
2013-03-31,TW,TW: Chinese Taipei,-0.140782,BIS LBS: reporter-country all-currency loans/deposits liabilities to UAE
2013-03-31,US,US: United States,10.718204,BIS LBS: reporter-country all-currency loans/deposits liabilities to UAE
2013-03-31,ZA,ZA: South Africa,0.162489,BIS LBS: reporter-country all-currency loans/deposits liabilities to UAE
2013-06-30,AT,AT: Austria,0.313766,BIS LBS: reporter-country all-currency loans/deposits liabilities to UAE
2013-06-30,AU,AU: Australia,3.7624060000000004,BIS LBS: reporter-country all-currency loans/deposits liabilities to UAE
2013-06-30,BE,BE: Belgium,1.327959,BIS LBS: reporter-country all-currency loans/deposits liabilities to UAE
2013-06-30,BR,BR: Brazil,-0.070214,BIS LBS: reporter-country all-currency loans/deposits liabilities to UAE
2013-06-30,CA,CA: Canada,0.300941,BIS LBS: reporter-country all-currency loans/deposits liabilities to UAE
2013-06-30,CH,CH: Switzerland,23.668907,BIS LBS: reporter-country all-currency loans/deposits liabilities to UAE
2013-06-30,DK,DK: Denmark,0.49269299999999994,BIS LBS: reporter-country all-currency loans/deposits liabilities to UAE
2013-06-30,ES,ES: Spain,0.199404,BIS LBS: reporter-country all-currency loans/deposits liabilities to UAE
2013-06-30,FI,FI: Finland,-0.050778000000000004,BIS LBS: reporter-country all-currency loans/deposits liabilities to UAE
2013-06-30,FR,FR: France,19.792918,BIS LBS: reporter-country all-currency loans/deposits liabilities to UAE
2013-06-30,GB,GB: United Kingdom,36.83211099999999,BIS LBS: reporter-country all-currency loans/deposits liabilities to UAE
2013-06-30,IE,IE: Ireland,0.135747,BIS LBS: reporter-country all-currency loans/deposits liabilities to UAE
2013-06-30,IM,IM: Isle of Man,1.9691049999999999,BIS LBS: reporter-country all-currency loans/deposits liabilities to UAE
2013-06-30,JE,JE: Jersey,4.727762,BIS LBS: reporter-country all-currency loans/deposits liabilities to UAE
2013-06-30,KR,KR: Korea,1.068619,BIS LBS: reporter-country all-currency loans/deposits liabilities to UAE
2013-06-30,LU,LU: Luxembourg,2.148679,BIS LBS: reporter-country all-currency loans/deposits liabilities to UAE
2013-06-30,MX,MX: Mexico,-6e-06,BIS LBS: reporter-country all-currency loans/deposits liabilities to UAE
2013-06-30,SE,SE: Sweden,1.246582,BIS LBS: reporter-country all-currency loans/deposits liabilities to UAE
2013-06-30,TW,TW: Chinese Taipei,2.43995,BIS LBS: reporter-country all-currency loans/deposits liabilities to UAE
2013-06-30,US,US: United States,7.505095,BIS LBS: reporter-country all-currency loans/deposits liabilities to UAE
2013-06-30,ZA,ZA: South Africa,10.411029,BIS LBS: reporter-country all-currency loans/deposits liabilities to UAE
2013-09-30,AT,AT: Austria,1.248488,BIS LBS: reporter-country all-currency loans/deposits liabilities to UAE
2013-09-30,AU,AU: Australia,-0.673711,BIS LBS: reporter-country all-currency loans/deposits liabilities to UAE
2013-09-30,BE,BE: Belgium,1.7894140000000003,BIS LBS: reporter-country all-currency loans/deposits liabilities to UAE
2013-09-30,CA,CA: Canada,0.352811,BIS LBS: reporter-country all-currency loans/deposits liabilities to UAE
2013-09-30,CH,CH: Switzerland,13.924608000000001,BIS LBS: reporter-country all-currency loans/deposits liabilities to UAE
2013-09-30,CL,CL: Chile,0.06,BIS LBS: reporter-country all-currency loans/deposits liabilities to UAE
2013-09-30,DK,DK: Denmark,0.3466100000000001,BIS LBS: reporter-country all-currency loans/deposits liabilities to UAE
2013-09-30,ES,ES: Spain,0.235487,BIS LBS: reporter-country all-currency loans/deposits liabilities to UAE
2013-09-30,FI,FI: Finland,0.018575,BIS LBS: reporter-country all-currency loans/deposits liabilities to UAE
2013-09-30,FR,FR: France,-5.274377999999999,BIS LBS: reporter-country all-currency loans/deposits liabilities to UAE
2013-09-30,GB,GB: United Kingdom,44.133215,BIS LBS: reporter-country all-currency loans/deposits liabilities to UAE
2013-09-30,IE,IE: Ireland,-0.018487999999999997,BIS LBS: reporter-country all-currency loans/deposits liabilities to UAE
2013-09-30,IM,IM: Isle of Man,2.3601979999999996,BIS LBS: reporter-country all-currency loans/deposits liabilities to UAE
2013-09-30,JE,JE: Jersey,5.104845000000001,BIS LBS: reporter-country all-currency loans/deposits liabilities to UAE
2013-09-30,KR,KR: Korea,0.97864,BIS LBS: reporter-country all-currency loans/deposits liabilities to UAE
2013-09-30,LU,LU: Luxembourg,1.320137,BIS LBS: reporter-country all-currency loans/deposits liabilities to UAE
2013-09-30,MX,MX: Mexico,0.004953000000000001,BIS LBS: reporter-country all-currency loans/deposits liabilities to UAE
2013-09-30,SE,SE: Sweden,-0.20235000000000003,BIS LBS: reporter-country all-currency loans/deposits liabilities to UAE
2013-09-30,TW,TW: Chinese Taipei,-0.8088380000000001,BIS LBS: reporter-country all-currency loans/deposits liabilities to UAE
2013-09-30,US,US: United States,6.049049999999999,BIS LBS: reporter-country all-currency loans/deposits liabilities to UAE
2013-09-30,ZA,ZA: South Africa,0.2564890000000001,BIS LBS: reporter-country all-currency loans/deposits liabilities to UAE
2013-12-31,AT,AT: Austria,0.334009,BIS LBS: reporter-country all-currency loans/deposits liabilities to UAE
2013-12-31,AU,AU: Australia,0.737428,BIS LBS: reporter-country all-currency loans/deposits liabilities to UAE
2013-12-31,BE,BE: Belgium,3.507582,BIS LBS: reporter-country all-currency loans/deposits liabilities to UAE
2013-12-31,CA,CA: Canada,0.41420300000000004,BIS LBS: reporter-country all-currency loans/deposits liabilities to UAE
2013-12-31,CH,CH: Switzerland,14.469479999999999,BIS LBS: reporter-country all-currency loans/deposits liabilities to UAE
2013-12-31,DK,DK: Denmark,1.16715,BIS LBS: reporter-country all-currency loans/deposits liabilities to UAE
2013-12-31,ES,ES: Spain,2.174862,BIS LBS: reporter-country all-currency loans/deposits liabilities to UAE
2013-12-31,FI,FI: Finland,-0.24824600000000002,BIS LBS: reporter-country all-currency loans/deposits liabilities to UAE
2013-12-31,FR,FR: France,4.037299,BIS LBS: reporter-country all-currency loans/deposits liabilities to UAE
2013-12-31,GB,GB: United Kingdom,31.907840000000004,BIS LBS: reporter-country all-currency loans/deposits liabilities to UAE
2013-12-31,IE,IE: Ireland,-0.002120000000000004,BIS LBS: reporter-country all-currency loans/deposits liabilities to UAE
2013-12-31,IM,IM: Isle of Man,2.159868,BIS LBS: reporter-country all-currency loans/deposits liabilities to UAE
2013-12-31,JE,JE: Jersey,4.989487,BIS LBS: reporter-country all-currency loans/deposits liabilities to UAE
2013-12-31,KR,KR: Korea,0.592821,BIS LBS: reporter-country all-currency loans/deposits liabilities to UAE
2013-12-31,LU,LU: Luxembourg,1.561782,BIS LBS: reporter-country all-currency loans/deposits liabilities to UAE
2013-12-31,MO,MO: Macao SAR,0.110892,BIS LBS: reporter-country all-currency loans/deposits liabilities to UAE
2013-12-31,MX,MX: Mexico,-0.002435,BIS LBS: reporter-country all-currency loans/deposits liabilities to UAE
2013-12-31,SE,SE: Sweden,1.438176,BIS LBS: reporter-country all-currency loans/deposits liabilities to UAE
2013-12-31,TW,TW: Chinese Taipei,0.373457,BIS LBS: reporter-country all-currency loans/deposits liabilities to UAE
2013-12-31,US,US: United States,13.950651,BIS LBS: reporter-country all-currency loans/deposits liabilities to UAE
2013-12-31,ZA,ZA: South Africa,1.7491189999999999,BIS LBS: reporter-country all-currency loans/deposits liabilities to UAE
2014-03-31,AT,AT: Austria,0.217401,BIS LBS: reporter-country all-currency loans/deposits liabilities to UAE
2014-03-31,AU,AU: Australia,2.768447,BIS LBS: reporter-country all-currency loans/deposits liabilities to UAE
2014-03-31,BE,BE: Belgium,0.599531,BIS LBS: reporter-country all-currency loans/deposits liabilities to UAE
2014-03-31,CA,CA: Canada,0.264054,BIS LBS: reporter-country all-currency loans/deposits liabilities to UAE
2014-03-31,CH,CH: Switzerland,13.06591,BIS LBS: reporter-country all-currency loans/deposits liabilities to UAE
2014-03-31,CL,CL: Chile,0.030002,BIS LBS: reporter-country all-currency loans/deposits liabilities to UAE
2014-03-31,DK,DK: Denmark,1.2784550000000001,BIS LBS: reporter-country all-currency loans/deposits liabilities to UAE
2014-03-31,ES,ES: Spain,-0.760693,BIS LBS: reporter-country all-currency loans/deposits liabilities to UAE
2014-03-31,FI,FI: Finland,-0.037624,BIS LBS: reporter-country all-currency loans/deposits liabilities to UAE
2014-03-31,FR,FR: France,5.309690000000001,BIS LBS: reporter-country all-currency loans/deposits liabilities to UAE
2014-03-31,GB,GB: United Kingdom,50.470003,BIS LBS: reporter-country all-currency loans/deposits liabilities to UAE
2014-03-31,GG,GG: Guernsey,0.055842,BIS LBS: reporter-country all-currency loans/deposits liabilities to UAE
2014-03-31,IE,IE: Ireland,0.040791,BIS LBS: reporter-country all-currency loans/deposits liabilities to UAE
2014-03-31,IM,IM: Isle of Man,2.007066,BIS LBS: reporter-country all-currency loans/deposits liabilities to UAE
2014-03-31,JE,JE: Jersey,4.972595999999999,BIS LBS: reporter-country all-currency loans/deposits liabilities to UAE
2014-03-31,KR,KR: Korea,1.267291,BIS LBS: reporter-country all-currency loans/deposits liabilities to UAE
2014-03-31,LU,LU: Luxembourg,2.235922,BIS LBS: reporter-country all-currency loans/deposits liabilities to UAE
2014-03-31,MO,MO: Macao SAR,0.11802,BIS LBS: reporter-country all-currency loans/deposits liabilities to UAE
2014-03-31,MX,MX: Mexico,-0.143286,BIS LBS: reporter-country all-currency loans/deposits liabilities to UAE
2014-03-31,SE,SE: Sweden,0.8538519999999999,BIS LBS: reporter-country all-currency loans/deposits liabilities to UAE
2014-03-31,TW,TW: Chinese Taipei,-0.177192,BIS LBS: reporter-country all-currency loans/deposits liabilities to UAE
2014-03-31,US,US: United States,18.227004,BIS LBS: reporter-country all-currency loans/deposits liabilities to UAE
2014-03-31,ZA,ZA: South Africa,0.5131159999999999,BIS LBS: reporter-country all-currency loans/deposits liabilities to UAE
2014-06-30,AT,AT: Austria,0.503559,BIS LBS: reporter-country all-currency loans/deposits liabilities to UAE
2014-06-30,AU,AU: Australia,0.6316219999999999,BIS LBS: reporter-country all-currency loans/deposits liabilities to UAE
2014-06-30,BE,BE: Belgium,4.548452999999999,BIS LBS: reporter-country all-currency loans/deposits liabilities to UAE
2014-06-30,BR,BR: Brazil,0.004,BIS LBS: reporter-country all-currency loans/deposits liabilities to UAE
2014-06-30,CA,CA: Canada,0.31488099999999997,BIS LBS: reporter-country all-currency loans/deposits liabilities to UAE
2014-06-30,CH,CH: Switzerland,14.339474999999998,BIS LBS: reporter-country all-currency loans/deposits liabilities to UAE
2014-06-30,CL,CL: Chile,0.03031,BIS LBS: reporter-country all-currency loans/deposits liabilities to UAE
2014-06-30,DK,DK: Denmark,0.691489,BIS LBS: reporter-country all-currency loans/deposits liabilities to UAE
2014-06-30,ES,ES: Spain,0.214582,BIS LBS: reporter-country all-currency loans/deposits liabilities to UAE
2014-06-30,FI,FI: Finland,-0.004912,BIS LBS: reporter-country all-currency loans/deposits liabilities to UAE
2014-06-30,FR,FR: France,3.7904109999999998,BIS LBS: reporter-country all-currency loans/deposits liabilities to UAE
2014-06-30,GB,GB: United Kingdom,50.655834999999996,BIS LBS: reporter-country all-currency loans/deposits liabilities to UAE
2014-06-30,GG,GG: Guernsey,1.5525220000000002,BIS LBS: reporter-country all-currency loans/deposits liabilities to UAE
2014-06-30,IE,IE: Ireland,0.0064139999999999996,BIS LBS: reporter-country all-currency loans/deposits liabilities to UAE
2014-06-30,IM,IM: Isle of Man,2.150411,BIS LBS: reporter-country all-currency loans/deposits liabilities to UAE
2014-06-30,JE,JE: Jersey,5.180909,BIS LBS: reporter-country all-currency loans/deposits liabilities to UAE
2014-06-30,KR,KR: Korea,0.393573,BIS LBS: reporter-country all-currency loans/deposits liabilities to UAE
2014-06-30,LU,LU: Luxembourg,2.09777,BIS LBS: reporter-country all-currency loans/deposits liabilities to UAE
2014-06-30,MO,MO: Macao SAR,0.15710200000000002,BIS LBS: reporter-country all-currency loans/deposits liabilities to UAE
2014-06-30,MX,MX: Mexico,-0.339007,BIS LBS: reporter-country all-currency loans/deposits liabilities to UAE
2014-06-30,SE,SE: Sweden,0.41497500000000004,BIS LBS: reporter-country all-currency loans/deposits liabilities to UAE
2014-06-30,TW,TW: Chinese Taipei,-0.046319999999999986,BIS LBS: reporter-country all-currency loans/deposits liabilities to UAE
2014-06-30,US,US: United States,6.192958000000001,BIS LBS: reporter-country all-currency loans/deposits liabilities to UAE
2014-06-30,ZA,ZA: South Africa,2.375139,BIS LBS: reporter-country all-currency loans/deposits liabilities to UAE
2014-09-30,AT,AT: Austria,0.6859250000000001,BIS LBS: reporter-country all-currency loans/deposits liabilities to UAE
2014-09-30,AU,AU: Australia,0.07975200000000005,BIS LBS: reporter-country all-currency loans/deposits liabilities to UAE
2014-09-30,BE,BE: Belgium,1.612741,BIS LBS: reporter-country all-currency loans/deposits liabilities to UAE
2014-09-30,BR,BR: Brazil,0.004,BIS LBS: reporter-country all-currency loans/deposits liabilities to UAE
2014-09-30,CA,CA: Canada,0.275799,BIS LBS: reporter-country all-currency loans/deposits liabilities to UAE
2014-09-30,CH,CH: Switzerland,14.634155999999999,BIS LBS: reporter-country all-currency loans/deposits liabilities to UAE
2014-09-30,CL,CL: Chile,0.029641999999999998,BIS LBS: reporter-country all-currency loans/deposits liabilities to UAE
2014-09-30,DK,DK: Denmark,1.482674,BIS LBS: reporter-country all-currency loans/deposits liabilities to UAE
2014-09-30,ES,ES: Spain,0.39037900000000003,BIS LBS: reporter-country all-currency loans/deposits liabilities to UAE
2014-09-30,FI,FI: Finland,0.0063679999999999995,BIS LBS: reporter-country all-currency loans/deposits liabilities to UAE
2014-09-30,FR,FR: France,7.87849,BIS LBS: reporter-country all-currency loans/deposits liabilities to UAE
2014-09-30,GB,GB: United Kingdom,55.969844,BIS LBS: reporter-country all-currency loans/deposits liabilities to UAE
2014-09-30,GG,GG: Guernsey,0.843442,BIS LBS: reporter-country all-currency loans/deposits liabilities to UAE
2014-09-30,IE,IE: Ireland,-0.048929,BIS LBS: reporter-country all-currency loans/deposits liabilities to UAE
2014-09-30,IM,IM: Isle of Man,1.738476,BIS LBS: reporter-country all-currency loans/deposits liabilities to UAE
2014-09-30,JE,JE: Jersey,5.149148,BIS LBS: reporter-country all-currency loans/deposits liabilities to UAE
2014-09-30,KR,KR: Korea,0.590676,BIS LBS: reporter-country all-currency loans/deposits liabilities to UAE
2014-09-30,LU,LU: Luxembourg,1.6354060000000001,BIS LBS: reporter-country all-currency loans/deposits liabilities to UAE
2014-09-30,MO,MO: Macao SAR,0.06533800000000001,BIS LBS: reporter-country all-currency loans/deposits liabilities to UAE
2014-09-30,MX,MX: Mexico,-0.10094099999999999,BIS LBS: reporter-country all-currency loans/deposits liabilities to UAE
2014-09-30,SE,SE: Sweden,0.654216,BIS LBS: reporter-country all-currency loans/deposits liabilities to UAE
2014-09-30,TW,TW: Chinese Taipei,0.032343999999999984,BIS LBS: reporter-country all-currency loans/deposits liabilities to UAE
2014-09-30,US,US: United States,28.124411,BIS LBS: reporter-country all-currency loans/deposits liabilities to UAE
2014-09-30,ZA,ZA: South Africa,2.667605,BIS LBS: reporter-country all-currency loans/deposits liabilities to UAE
2014-12-31,AT,AT: Austria,1.642296,BIS LBS: reporter-country all-currency loans/deposits liabilities to UAE
2014-12-31,AU,AU: Australia,2.604424,BIS LBS: reporter-country all-currency loans/deposits liabilities to UAE
2014-12-31,BE,BE: Belgium,0.8911689999999999,BIS LBS: reporter-country all-currency loans/deposits liabilities to UAE
2014-12-31,BR,BR: Brazil,0.005,BIS LBS: reporter-country all-currency loans/deposits liabilities to UAE
2014-12-31,CA,CA: Canada,0.542447,BIS LBS: reporter-country all-currency loans/deposits liabilities to UAE
2014-12-31,CH,CH: Switzerland,13.253057,BIS LBS: reporter-country all-currency loans/deposits liabilities to UAE
2014-12-31,CL,CL: Chile,0.030235,BIS LBS: reporter-country all-currency loans/deposits liabilities to UAE
2014-12-31,DK,DK: Denmark,-0.09453600000000006,BIS LBS: reporter-country all-currency loans/deposits liabilities to UAE
2014-12-31,ES,ES: Spain,0.1076079999999999,BIS LBS: reporter-country all-currency loans/deposits liabilities to UAE
2014-12-31,FI,FI: Finland,0.080452,BIS LBS: reporter-country all-currency loans/deposits liabilities to UAE
2014-12-31,FR,FR: France,6.347642,BIS LBS: reporter-country all-currency loans/deposits liabilities to UAE
2014-12-31,GB,GB: United Kingdom,44.599153,BIS LBS: reporter-country all-currency loans/deposits liabilities to UAE
2014-12-31,GG,GG: Guernsey,0.87691,BIS LBS: reporter-country all-currency loans/deposits liabilities to UAE
2014-12-31,HK,HK: Hong Kong SAR,7.776635000000001,BIS LBS: reporter-country all-currency loans/deposits liabilities to UAE
2014-12-31,IE,IE: Ireland,-0.049801,BIS LBS: reporter-country all-currency loans/deposits liabilities to UAE
2014-12-31,IM,IM: Isle of Man,2.186794,BIS LBS: reporter-country all-currency loans/deposits liabilities to UAE
2014-12-31,IT,IT: Italy,0.10029300000000001,BIS LBS: reporter-country all-currency loans/deposits liabilities to UAE
2014-12-31,JE,JE: Jersey,4.91838,BIS LBS: reporter-country all-currency loans/deposits liabilities to UAE
2014-12-31,KR,KR: Korea,0.56801,BIS LBS: reporter-country all-currency loans/deposits liabilities to UAE
2014-12-31,LU,LU: Luxembourg,1.3802880000000002,BIS LBS: reporter-country all-currency loans/deposits liabilities to UAE
2014-12-31,MO,MO: Macao SAR,-0.03725599999999999,BIS LBS: reporter-country all-currency loans/deposits liabilities to UAE
2014-12-31,MX,MX: Mexico,0.112611,BIS LBS: reporter-country all-currency loans/deposits liabilities to UAE
2014-12-31,NL,NL: Netherlands,3.47701,BIS LBS: reporter-country all-currency loans/deposits liabilities to UAE
2014-12-31,SE,SE: Sweden,-0.291642,BIS LBS: reporter-country all-currency loans/deposits liabilities to UAE
2014-12-31,TW,TW: Chinese Taipei,-0.277584,BIS LBS: reporter-country all-currency loans/deposits liabilities to UAE
2014-12-31,US,US: United States,14.763255000000001,BIS LBS: reporter-country all-currency loans/deposits liabilities to UAE
2014-12-31,ZA,ZA: South Africa,1.7782,BIS LBS: reporter-country all-currency loans/deposits liabilities to UAE
2015-03-31,AT,AT: Austria,0.3224640000000001,BIS LBS: reporter-country all-currency loans/deposits liabilities to UAE
2015-03-31,AU,AU: Australia,0.989787,BIS LBS: reporter-country all-currency loans/deposits liabilities to UAE
2015-03-31,BE,BE: Belgium,3.3964870000000005,BIS LBS: reporter-country all-currency loans/deposits liabilities to UAE
2015-03-31,BR,BR: Brazil,0.002,BIS LBS: reporter-country all-currency loans/deposits liabilities to UAE
2015-03-31,CA,CA: Canada,0.405288,BIS LBS: reporter-country all-currency loans/deposits liabilities to UAE
2015-03-31,CH,CH: Switzerland,16.000429,BIS LBS: reporter-country all-currency loans/deposits liabilities to UAE
2015-03-31,CL,CL: Chile,0.029682999999999998,BIS LBS: reporter-country all-currency loans/deposits liabilities to UAE
2015-03-31,DK,DK: Denmark,0.78382,BIS LBS: reporter-country all-currency loans/deposits liabilities to UAE
2015-03-31,ES,ES: Spain,1.343703,BIS LBS: reporter-country all-currency loans/deposits liabilities to UAE
2015-03-31,FI,FI: Finland,0.041116,BIS LBS: reporter-country all-currency loans/deposits liabilities to UAE
2015-03-31,FR,FR: France,8.032333000000001,BIS LBS: reporter-country all-currency loans/deposits liabilities to UAE
2015-03-31,GB,GB: United Kingdom,47.021370999999995,BIS LBS: reporter-country all-currency loans/deposits liabilities to UAE
2015-03-31,GG,GG: Guernsey,6.251136,BIS LBS: reporter-country all-currency loans/deposits liabilities to UAE
2015-03-31,HK,HK: Hong Kong SAR,7.83269,BIS LBS: reporter-country all-currency loans/deposits liabilities to UAE
2015-03-31,IE,IE: Ireland,0.095265,BIS LBS: reporter-country all-currency loans/deposits liabilities to UAE
2015-03-31,IM,IM: Isle of Man,1.658551,BIS LBS: reporter-country all-currency loans/deposits liabilities to UAE
2015-03-31,IT,IT: Italy,0.2143579999999999,BIS LBS: reporter-country all-currency loans/deposits liabilities to UAE
2015-03-31,JE,JE: Jersey,5.7961670000000005,BIS LBS: reporter-country all-currency loans/deposits liabilities to UAE
2015-03-31,KR,KR: Korea,0.589781,BIS LBS: reporter-country all-currency loans/deposits liabilities to UAE
2015-03-31,LU,LU: Luxembourg,2.105516,BIS LBS: reporter-country all-currency loans/deposits liabilities to UAE
2015-03-31,MO,MO: Macao SAR,-0.24554299999999998,BIS LBS: reporter-country all-currency loans/deposits liabilities to UAE
2015-03-31,MX,MX: Mexico,0.346923,BIS LBS: reporter-country all-currency loans/deposits liabilities to UAE
2015-03-31,NL,NL: Netherlands,3.943461,BIS LBS: reporter-country all-currency loans/deposits liabilities to UAE
2015-03-31,SE,SE: Sweden,1.707745,BIS LBS: reporter-country all-currency loans/deposits liabilities to UAE
2015-03-31,TW,TW: Chinese Taipei,0.024942000000000002,BIS LBS: reporter-country all-currency loans/deposits liabilities to UAE
2015-03-31,US,US: United States,26.95809,BIS LBS: reporter-country all-currency loans/deposits liabilities to UAE
2015-03-31,ZA,ZA: South Africa,0.894845,BIS LBS: reporter-country all-currency loans/deposits liabilities to UAE
2015-06-30,AT,AT: Austria,1.30254,BIS LBS: reporter-country all-currency loans/deposits liabilities to UAE
2015-06-30,AU,AU: Australia,0.9801900000000001,BIS LBS: reporter-country all-currency loans/deposits liabilities to UAE
2015-06-30,BE,BE: Belgium,1.6573550000000001,BIS LBS: reporter-country all-currency loans/deposits liabilities to UAE
2015-06-30,CA,CA: Canada,0.6234689999999999,BIS LBS: reporter-country all-currency loans/deposits liabilities to UAE
2015-06-30,CH,CH: Switzerland,17.674842,BIS LBS: reporter-country all-currency loans/deposits liabilities to UAE
2015-06-30,CL,CL: Chile,0.030771,BIS LBS: reporter-country all-currency loans/deposits liabilities to UAE
2015-06-30,DK,DK: Denmark,0.7414810000000001,BIS LBS: reporter-country all-currency loans/deposits liabilities to UAE
2015-06-30,ES,ES: Spain,0.739943,BIS LBS: reporter-country all-currency loans/deposits liabilities to UAE
2015-06-30,FI,FI: Finland,0.041028,BIS LBS: reporter-country all-currency loans/deposits liabilities to UAE
2015-06-30,FR,FR: France,5.541062,BIS LBS: reporter-country all-currency loans/deposits liabilities to UAE
2015-06-30,GB,GB: United Kingdom,39.814862999999995,BIS LBS: reporter-country all-currency loans/deposits liabilities to UAE
2015-06-30,GG,GG: Guernsey,1.0860159999999999,BIS LBS: reporter-country all-currency loans/deposits liabilities to UAE
2015-06-30,HK,HK: Hong Kong SAR,9.919956,BIS LBS: reporter-country all-currency loans/deposits liabilities to UAE
2015-06-30,IE,IE: Ireland,0.169312,BIS LBS: reporter-country all-currency loans/deposits liabilities to UAE
2015-06-30,IM,IM: Isle of Man,1.9977900000000002,BIS LBS: reporter-country all-currency loans/deposits liabilities to UAE
2015-06-30,IT,IT: Italy,0.18548399999999998,BIS LBS: reporter-country all-currency loans/deposits liabilities to UAE
2015-06-30,JE,JE: Jersey,5.7389019999999995,BIS LBS: reporter-country all-currency loans/deposits liabilities to UAE
2015-06-30,KR,KR: Korea,0.423485,BIS LBS: reporter-country all-currency loans/deposits liabilities to UAE
2015-06-30,LU,LU: Luxembourg,1.6856550000000001,BIS LBS: reporter-country all-currency loans/deposits liabilities to UAE
2015-06-30,MO,MO: Macao SAR,0.194084,BIS LBS: reporter-country all-currency loans/deposits liabilities to UAE
2015-06-30,MX,MX: Mexico,0.5187820000000001,BIS LBS: reporter-country all-currency loans/deposits liabilities to UAE
2015-06-30,NL,NL: Netherlands,6.637027,BIS LBS: reporter-country all-currency loans/deposits liabilities to UAE
2015-06-30,SE,SE: Sweden,0.093993,BIS LBS: reporter-country all-currency loans/deposits liabilities to UAE
2015-06-30,TW,TW: Chinese Taipei,0.06542800000000001,BIS LBS: reporter-country all-currency loans/deposits liabilities to UAE
2015-06-30,US,US: United States,21.394425,BIS LBS: reporter-country all-currency loans/deposits liabilities to UAE
2015-06-30,ZA,ZA: South Africa,1.2785760000000002,BIS LBS: reporter-country all-currency loans/deposits liabilities to UAE
2015-09-30,AT,AT: Austria,0.8219380000000001,BIS LBS: reporter-country all-currency loans/deposits liabilities to UAE
2015-09-30,AU,AU: Australia,0.5564410000000001,BIS LBS: reporter-country all-currency loans/deposits liabilities to UAE
2015-09-30,BE,BE: Belgium,1.204532,BIS LBS: reporter-country all-currency loans/deposits liabilities to UAE
2015-09-30,BR,BR: Brazil,0.198,BIS LBS: reporter-country all-currency loans/deposits liabilities to UAE
2015-09-30,CA,CA: Canada,0.609142,BIS LBS: reporter-country all-currency loans/deposits liabilities to UAE
2015-09-30,CH,CH: Switzerland,15.441181,BIS LBS: reporter-country all-currency loans/deposits liabilities to UAE
2015-09-30,CL,CL: Chile,-0.130231,BIS LBS: reporter-country all-currency loans/deposits liabilities to UAE
2015-09-30,DK,DK: Denmark,0.36631900000000006,BIS LBS: reporter-country all-currency loans/deposits liabilities to UAE
2015-09-30,ES,ES: Spain,0.706808,BIS LBS: reporter-country all-currency loans/deposits liabilities to UAE
2015-09-30,FI,FI: Finland,-0.022929999999999992,BIS LBS: reporter-country all-currency loans/deposits liabilities to UAE
2015-09-30,FR,FR: France,14.223759999999999,BIS LBS: reporter-country all-currency loans/deposits liabilities to UAE
2015-09-30,GB,GB: United Kingdom,58.87603599999999,BIS LBS: reporter-country all-currency loans/deposits liabilities to UAE
2015-09-30,GG,GG: Guernsey,0.80023,BIS LBS: reporter-country all-currency loans/deposits liabilities to UAE
2015-09-30,HK,HK: Hong Kong SAR,5.866147,BIS LBS: reporter-country all-currency loans/deposits liabilities to UAE
2015-09-30,IE,IE: Ireland,0.13347799999999999,BIS LBS: reporter-country all-currency loans/deposits liabilities to UAE
2015-09-30,IM,IM: Isle of Man,1.883756,BIS LBS: reporter-country all-currency loans/deposits liabilities to UAE
2015-09-30,IT,IT: Italy,0.16666199999999998,BIS LBS: reporter-country all-currency loans/deposits liabilities to UAE
2015-09-30,JE,JE: Jersey,5.138,BIS LBS: reporter-country all-currency loans/deposits liabilities to UAE
2015-09-30,KR,KR: Korea,0.16886699999999996,BIS LBS: reporter-country all-currency loans/deposits liabilities to UAE
2015-09-30,LU,LU: Luxembourg,2.356135,BIS LBS: reporter-country all-currency loans/deposits liabilities to UAE
2015-09-30,MO,MO: Macao SAR,-0.033445,BIS LBS: reporter-country all-currency loans/deposits liabilities to UAE
2015-09-30,MX,MX: Mexico,0.12618100000000002,BIS LBS: reporter-country all-currency loans/deposits liabilities to UAE
2015-09-30,NL,NL: Netherlands,5.4256660000000005,BIS LBS: reporter-country all-currency loans/deposits liabilities to UAE
2015-09-30,SE,SE: Sweden,1.167472,BIS LBS: reporter-country all-currency loans/deposits liabilities to UAE
2015-09-30,TW,TW: Chinese Taipei,-0.062206,BIS LBS: reporter-country all-currency loans/deposits liabilities to UAE
2015-09-30,US,US: United States,22.990329,BIS LBS: reporter-country all-currency loans/deposits liabilities to UAE
2015-09-30,ZA,ZA: South Africa,0.747081,BIS LBS: reporter-country all-currency loans/deposits liabilities to UAE
2015-12-31,AT,AT: Austria,1.233921,BIS LBS: reporter-country all-currency loans/deposits liabilities to UAE
2015-12-31,AU,AU: Australia,2.3222750000000003,BIS LBS: reporter-country all-currency loans/deposits liabilities to UAE
2015-12-31,BE,BE: Belgium,3.164122,BIS LBS: reporter-country all-currency loans/deposits liabilities to UAE
2015-12-31,BR,BR: Brazil,0.099,BIS LBS: reporter-country all-currency loans/deposits liabilities to UAE
2015-12-31,CA,CA: Canada,0.5347000000000001,BIS LBS: reporter-country all-currency loans/deposits liabilities to UAE
2015-12-31,CH,CH: Switzerland,19.071648,BIS LBS: reporter-country all-currency loans/deposits liabilities to UAE
2015-12-31,CL,CL: Chile,-0.099971,BIS LBS: reporter-country all-currency loans/deposits liabilities to UAE
2015-12-31,DK,DK: Denmark,0.50171,BIS LBS: reporter-country all-currency loans/deposits liabilities to UAE
2015-12-31,ES,ES: Spain,0.662583,BIS LBS: reporter-country all-currency loans/deposits liabilities to UAE
2015-12-31,FI,FI: Finland,0.01481,BIS LBS: reporter-country all-currency loans/deposits liabilities to UAE
2015-12-31,FR,FR: France,-1.11584,BIS LBS: reporter-country all-currency loans/deposits liabilities to UAE
2015-12-31,GB,GB: United Kingdom,39.187194,BIS LBS: reporter-country all-currency loans/deposits liabilities to UAE
2015-12-31,GG,GG: Guernsey,0.854808,BIS LBS: reporter-country all-currency loans/deposits liabilities to UAE
2015-12-31,HK,HK: Hong Kong SAR,5.1265920000000005,BIS LBS: reporter-country all-currency loans/deposits liabilities to UAE
2015-12-31,IE,IE: Ireland,0.157938,BIS LBS: reporter-country all-currency loans/deposits liabilities to UAE
2015-12-31,IM,IM: Isle of Man,1.9023719999999997,BIS LBS: reporter-country all-currency loans/deposits liabilities to UAE
2015-12-31,IT,IT: Italy,0.425307,BIS LBS: reporter-country all-currency loans/deposits liabilities to UAE
2015-12-31,JE,JE: Jersey,5.446022,BIS LBS: reporter-country all-currency loans/deposits liabilities to UAE
2015-12-31,KR,KR: Korea,0.47458100000000003,BIS LBS: reporter-country all-currency loans/deposits liabilities to UAE
2015-12-31,LU,LU: Luxembourg,2.676005,BIS LBS: reporter-country all-currency loans/deposits liabilities to UAE
2015-12-31,MO,MO: Macao SAR,-0.269982,BIS LBS: reporter-country all-currency loans/deposits liabilities to UAE
2015-12-31,MX,MX: Mexico,-0.01291,BIS LBS: reporter-country all-currency loans/deposits liabilities to UAE
2015-12-31,NL,NL: Netherlands,1.6076219999999997,BIS LBS: reporter-country all-currency loans/deposits liabilities to UAE
2015-12-31,SE,SE: Sweden,-0.726648,BIS LBS: reporter-country all-currency loans/deposits liabilities to UAE
2015-12-31,TW,TW: Chinese Taipei,0.274306,BIS LBS: reporter-country all-currency loans/deposits liabilities to UAE
2015-12-31,US,US: United States,0.39460400000000107,BIS LBS: reporter-country all-currency loans/deposits liabilities to UAE
2015-12-31,ZA,ZA: South Africa,0.812162,BIS LBS: reporter-country all-currency loans/deposits liabilities to UAE
2016-03-31,AT,AT: Austria,1.20204,BIS LBS: reporter-country all-currency loans/deposits liabilities to UAE
2016-03-31,AU,AU: Australia,-0.520466,BIS LBS: reporter-country all-currency loans/deposits liabilities to UAE
2016-03-31,BE,BE: Belgium,1.9864249999999999,BIS LBS: reporter-country all-currency loans/deposits liabilities to UAE
2016-03-31,BR,BR: Brazil,-0.097,BIS LBS: reporter-country all-currency loans/deposits liabilities to UAE
2016-03-31,CA,CA: Canada,0.6504380000000001,BIS LBS: reporter-country all-currency loans/deposits liabilities to UAE
2016-03-31,CH,CH: Switzerland,17.527625,BIS LBS: reporter-country all-currency loans/deposits liabilities to UAE
2016-03-31,CL,CL: Chile,-0.099955,BIS LBS: reporter-country all-currency loans/deposits liabilities to UAE
2016-03-31,DK,DK: Denmark,1.134322,BIS LBS: reporter-country all-currency loans/deposits liabilities to UAE
2016-03-31,ES,ES: Spain,0.622072,BIS LBS: reporter-country all-currency loans/deposits liabilities to UAE
2016-03-31,FI,FI: Finland,0.05992,BIS LBS: reporter-country all-currency loans/deposits liabilities to UAE
2016-03-31,FR,FR: France,9.186088,BIS LBS: reporter-country all-currency loans/deposits liabilities to UAE
2016-03-31,GB,GB: United Kingdom,36.298537,BIS LBS: reporter-country all-currency loans/deposits liabilities to UAE
2016-03-31,GG,GG: Guernsey,0.9405060000000001,BIS LBS: reporter-country all-currency loans/deposits liabilities to UAE
2016-03-31,HK,HK: Hong Kong SAR,6.60044,BIS LBS: reporter-country all-currency loans/deposits liabilities to UAE
2016-03-31,IE,IE: Ireland,0.04553,BIS LBS: reporter-country all-currency loans/deposits liabilities to UAE
2016-03-31,IM,IM: Isle of Man,1.7494750000000001,BIS LBS: reporter-country all-currency loans/deposits liabilities to UAE
2016-03-31,IT,IT: Italy,0.33794199999999996,BIS LBS: reporter-country all-currency loans/deposits liabilities to UAE
2016-03-31,JE,JE: Jersey,5.96374,BIS LBS: reporter-country all-currency loans/deposits liabilities to UAE
2016-03-31,KR,KR: Korea,-0.09060599999999998,BIS LBS: reporter-country all-currency loans/deposits liabilities to UAE
2016-03-31,LU,LU: Luxembourg,2.65451,BIS LBS: reporter-country all-currency loans/deposits liabilities to UAE
2016-03-31,MO,MO: Macao SAR,-0.040484000000000006,BIS LBS: reporter-country all-currency loans/deposits liabilities to UAE
2016-03-31,MX,MX: Mexico,-0.06672099999999999,BIS LBS: reporter-country all-currency loans/deposits liabilities to UAE
2016-03-31,NL,NL: Netherlands,2.960745,BIS LBS: reporter-country all-currency loans/deposits liabilities to UAE
2016-03-31,SE,SE: Sweden,0.390362,BIS LBS: reporter-country all-currency loans/deposits liabilities to UAE
2016-03-31,TW,TW: Chinese Taipei,-0.1343089999999999,BIS LBS: reporter-country all-currency loans/deposits liabilities to UAE
2016-03-31,US,US: United States,17.349885999999998,BIS LBS: reporter-country all-currency loans/deposits liabilities to UAE
2016-03-31,ZA,ZA: South Africa,1.396264,BIS LBS: reporter-country all-currency loans/deposits liabilities to UAE
2016-06-30,AT,AT: Austria,1.412318,BIS LBS: reporter-country all-currency loans/deposits liabilities to UAE
2016-06-30,AU,AU: Australia,1.3001070000000001,BIS LBS: reporter-country all-currency loans/deposits liabilities to UAE
2016-06-30,BE,BE: Belgium,5.698802,BIS LBS: reporter-country all-currency loans/deposits liabilities to UAE
2016-06-30,BR,BR: Brazil,0.201,BIS LBS: reporter-country all-currency loans/deposits liabilities to UAE
2016-06-30,CA,CA: Canada,0.546567,BIS LBS: reporter-country all-currency loans/deposits liabilities to UAE
2016-06-30,CH,CH: Switzerland,17.229448,BIS LBS: reporter-country all-currency loans/deposits liabilities to UAE
2016-06-30,CL,CL: Chile,-0.09914400000000001,BIS LBS: reporter-country all-currency loans/deposits liabilities to UAE
2016-06-30,DK,DK: Denmark,0.46272,BIS LBS: reporter-country all-currency loans/deposits liabilities to UAE
2016-06-30,ES,ES: Spain,0.6227229999999999,BIS LBS: reporter-country all-currency loans/deposits liabilities to UAE
2016-06-30,FI,FI: Finland,0.10453899999999999,BIS LBS: reporter-country all-currency loans/deposits liabilities to UAE
2016-06-30,FR,FR: France,8.764965,BIS LBS: reporter-country all-currency loans/deposits liabilities to UAE
2016-06-30,GB,GB: United Kingdom,38.70502,BIS LBS: reporter-country all-currency loans/deposits liabilities to UAE
2016-06-30,GG,GG: Guernsey,0.8753219999999999,BIS LBS: reporter-country all-currency loans/deposits liabilities to UAE
2016-06-30,HK,HK: Hong Kong SAR,7.046157999999999,BIS LBS: reporter-country all-currency loans/deposits liabilities to UAE
2016-06-30,IE,IE: Ireland,0.132373,BIS LBS: reporter-country all-currency loans/deposits liabilities to UAE
2016-06-30,IM,IM: Isle of Man,1.749794,BIS LBS: reporter-country all-currency loans/deposits liabilities to UAE
2016-06-30,IT,IT: Italy,0.269669,BIS LBS: reporter-country all-currency loans/deposits liabilities to UAE
2016-06-30,JE,JE: Jersey,6.7447029999999994,BIS LBS: reporter-country all-currency loans/deposits liabilities to UAE
2016-06-30,KR,KR: Korea,0.12874000000000002,BIS LBS: reporter-country all-currency loans/deposits liabilities to UAE
2016-06-30,LU,LU: Luxembourg,3.1029590000000002,BIS LBS: reporter-country all-currency loans/deposits liabilities to UAE
2016-06-30,MO,MO: Macao SAR,1.016336,BIS LBS: reporter-country all-currency loans/deposits liabilities to UAE
2016-06-30,MX,MX: Mexico,-0.083469,BIS LBS: reporter-country all-currency loans/deposits liabilities to UAE
2016-06-30,NL,NL: Netherlands,2.466456,BIS LBS: reporter-country all-currency loans/deposits liabilities to UAE
2016-06-30,SE,SE: Sweden,-0.18311100000000002,BIS LBS: reporter-country all-currency loans/deposits liabilities to UAE
2016-06-30,TW,TW: Chinese Taipei,-0.140014,BIS LBS: reporter-country all-currency loans/deposits liabilities to UAE
2016-06-30,US,US: United States,17.420572,BIS LBS: reporter-country all-currency loans/deposits liabilities to UAE
2016-06-30,ZA,ZA: South Africa,0.691685,BIS LBS: reporter-country all-currency loans/deposits liabilities to UAE
2016-09-30,AT,AT: Austria,5.0512049999999995,BIS LBS: reporter-country all-currency loans/deposits liabilities to UAE
2016-09-30,AU,AU: Australia,0.5788449999999999,BIS LBS: reporter-country all-currency loans/deposits liabilities to UAE
2016-09-30,BE,BE: Belgium,1.2291420000000002,BIS LBS: reporter-country all-currency loans/deposits liabilities to UAE
2016-09-30,BR,BR: Brazil,0.10904,BIS LBS: reporter-country all-currency loans/deposits liabilities to UAE
2016-09-30,CA,CA: Canada,0.566246,BIS LBS: reporter-country all-currency loans/deposits liabilities to UAE
2016-09-30,CH,CH: Switzerland,20.143176999999998,BIS LBS: reporter-country all-currency loans/deposits liabilities to UAE
2016-09-30,DK,DK: Denmark,2.60701,BIS LBS: reporter-country all-currency loans/deposits liabilities to UAE
2016-09-30,ES,ES: Spain,0.4137239999999999,BIS LBS: reporter-country all-currency loans/deposits liabilities to UAE
2016-09-30,FI,FI: Finland,1.3214540000000001,BIS LBS: reporter-country all-currency loans/deposits liabilities to UAE
2016-09-30,FR,FR: France,10.181356,BIS LBS: reporter-country all-currency loans/deposits liabilities to UAE
2016-09-30,GB,GB: United Kingdom,48.072696,BIS LBS: reporter-country all-currency loans/deposits liabilities to UAE
2016-09-30,GG,GG: Guernsey,1.2220860000000002,BIS LBS: reporter-country all-currency loans/deposits liabilities to UAE
2016-09-30,HK,HK: Hong Kong SAR,5.460678,BIS LBS: reporter-country all-currency loans/deposits liabilities to UAE
2016-09-30,IE,IE: Ireland,1.5999999999998654e-05,BIS LBS: reporter-country all-currency loans/deposits liabilities to UAE
2016-09-30,IM,IM: Isle of Man,1.700404,BIS LBS: reporter-country all-currency loans/deposits liabilities to UAE
2016-09-30,IT,IT: Italy,0.189921,BIS LBS: reporter-country all-currency loans/deposits liabilities to UAE
2016-09-30,JE,JE: Jersey,6.305657999999999,BIS LBS: reporter-country all-currency loans/deposits liabilities to UAE
2016-09-30,KR,KR: Korea,0.345173,BIS LBS: reporter-country all-currency loans/deposits liabilities to UAE
2016-09-30,LU,LU: Luxembourg,3.417666,BIS LBS: reporter-country all-currency loans/deposits liabilities to UAE
2016-09-30,MO,MO: Macao SAR,0.9123460000000001,BIS LBS: reporter-country all-currency loans/deposits liabilities to UAE
2016-09-30,MX,MX: Mexico,-0.100038,BIS LBS: reporter-country all-currency loans/deposits liabilities to UAE
2016-09-30,NL,NL: Netherlands,2.447075,BIS LBS: reporter-country all-currency loans/deposits liabilities to UAE
2016-09-30,SE,SE: Sweden,0.067493,BIS LBS: reporter-country all-currency loans/deposits liabilities to UAE
2016-09-30,TW,TW: Chinese Taipei,0.588769,BIS LBS: reporter-country all-currency loans/deposits liabilities to UAE
2016-09-30,US,US: United States,8.711786,BIS LBS: reporter-country all-currency loans/deposits liabilities to UAE
2016-09-30,ZA,ZA: South Africa,1.0377370000000001,BIS LBS: reporter-country all-currency loans/deposits liabilities to UAE
2016-12-31,AT,AT: Austria,3.139046,BIS LBS: reporter-country all-currency loans/deposits liabilities to UAE
2016-12-31,AU,AU: Australia,-0.15693100000000004,BIS LBS: reporter-country all-currency loans/deposits liabilities to UAE
2016-12-31,BE,BE: Belgium,4.629558,BIS LBS: reporter-country all-currency loans/deposits liabilities to UAE
2016-12-31,BR,BR: Brazil,-0.18192999999999998,BIS LBS: reporter-country all-currency loans/deposits liabilities to UAE
2016-12-31,CA,CA: Canada,0.509276,BIS LBS: reporter-country all-currency loans/deposits liabilities to UAE
2016-12-31,CH,CH: Switzerland,19.316142,BIS LBS: reporter-country all-currency loans/deposits liabilities to UAE
2016-12-31,CL,CL: Chile,6.4e-05,BIS LBS: reporter-country all-currency loans/deposits liabilities to UAE
2016-12-31,DK,DK: Denmark,0.305716,BIS LBS: reporter-country all-currency loans/deposits liabilities to UAE
2016-12-31,ES,ES: Spain,0.9066939999999999,BIS LBS: reporter-country all-currency loans/deposits liabilities to UAE
2016-12-31,FI,FI: Finland,0.384335,BIS LBS: reporter-country all-currency loans/deposits liabilities to UAE
2016-12-31,FR,FR: France,8.596626,BIS LBS: reporter-country all-currency loans/deposits liabilities to UAE
2016-12-31,GB,GB: United Kingdom,38.609118,BIS LBS: reporter-country all-currency loans/deposits liabilities to UAE
2016-12-31,GG,GG: Guernsey,0.830978,BIS LBS: reporter-country all-currency loans/deposits liabilities to UAE
2016-12-31,HK,HK: Hong Kong SAR,8.796858,BIS LBS: reporter-country all-currency loans/deposits liabilities to UAE
2016-12-31,IE,IE: Ireland,0.08385999999999999,BIS LBS: reporter-country all-currency loans/deposits liabilities to UAE
2016-12-31,IM,IM: Isle of Man,1.6292399999999998,BIS LBS: reporter-country all-currency loans/deposits liabilities to UAE
2016-12-31,IT,IT: Italy,1.247339,BIS LBS: reporter-country all-currency loans/deposits liabilities to UAE
2016-12-31,JE,JE: Jersey,6.523414,BIS LBS: reporter-country all-currency loans/deposits liabilities to UAE
2016-12-31,KR,KR: Korea,-0.09852200000000001,BIS LBS: reporter-country all-currency loans/deposits liabilities to UAE
2016-12-31,LU,LU: Luxembourg,2.601796,BIS LBS: reporter-country all-currency loans/deposits liabilities to UAE
2016-12-31,MO,MO: Macao SAR,63.734714,BIS LBS: reporter-country all-currency loans/deposits liabilities to UAE
2016-12-31,NL,NL: Netherlands,0.8947029999999998,BIS LBS: reporter-country all-currency loans/deposits liabilities to UAE
2016-12-31,PH,PH: Philippines,0.098495,BIS LBS: reporter-country all-currency loans/deposits liabilities to UAE
2016-12-31,SE,SE: Sweden,0.260268,BIS LBS: reporter-country all-currency loans/deposits liabilities to UAE
2016-12-31,TW,TW: Chinese Taipei,0.710547,BIS LBS: reporter-country all-currency loans/deposits liabilities to UAE
2016-12-31,US,US: United States,14.947583000000002,BIS LBS: reporter-country all-currency loans/deposits liabilities to UAE
2016-12-31,ZA,ZA: South Africa,1.3626740000000002,BIS LBS: reporter-country all-currency loans/deposits liabilities to UAE
2017-03-31,AT,AT: Austria,3.383752,BIS LBS: reporter-country all-currency loans/deposits liabilities to UAE
2017-03-31,AU,AU: Australia,0.8458870000000001,BIS LBS: reporter-country all-currency loans/deposits liabilities to UAE
2017-03-31,BE,BE: Belgium,1.513999,BIS LBS: reporter-country all-currency loans/deposits liabilities to UAE
2017-03-31,BR,BR: Brazil,3.055,BIS LBS: reporter-country all-currency loans/deposits liabilities to UAE
2017-03-31,CA,CA: Canada,0.548057,BIS LBS: reporter-country all-currency loans/deposits liabilities to UAE
2017-03-31,CH,CH: Switzerland,18.804378,BIS LBS: reporter-country all-currency loans/deposits liabilities to UAE
2017-03-31,CL,CL: Chile,0.00023,BIS LBS: reporter-country all-currency loans/deposits liabilities to UAE
2017-03-31,DK,DK: Denmark,2.342004,BIS LBS: reporter-country all-currency loans/deposits liabilities to UAE
2017-03-31,ES,ES: Spain,0.06719600000000003,BIS LBS: reporter-country all-currency loans/deposits liabilities to UAE
2017-03-31,FI,FI: Finland,0.497542,BIS LBS: reporter-country all-currency loans/deposits liabilities to UAE
2017-03-31,FR,FR: France,4.832131,BIS LBS: reporter-country all-currency loans/deposits liabilities to UAE
2017-03-31,GB,GB: United Kingdom,57.481591,BIS LBS: reporter-country all-currency loans/deposits liabilities to UAE
2017-03-31,GG,GG: Guernsey,0.947106,BIS LBS: reporter-country all-currency loans/deposits liabilities to UAE
2017-03-31,HK,HK: Hong Kong SAR,16.412264999999998,BIS LBS: reporter-country all-currency loans/deposits liabilities to UAE
2017-03-31,IE,IE: Ireland,0.12576,BIS LBS: reporter-country all-currency loans/deposits liabilities to UAE
2017-03-31,IM,IM: Isle of Man,1.651846,BIS LBS: reporter-country all-currency loans/deposits liabilities to UAE
2017-03-31,IT,IT: Italy,0.579921,BIS LBS: reporter-country all-currency loans/deposits liabilities to UAE
2017-03-31,JE,JE: Jersey,6.297258,BIS LBS: reporter-country all-currency loans/deposits liabilities to UAE
2017-03-31,KR,KR: Korea,0.9706429999999999,BIS LBS: reporter-country all-currency loans/deposits liabilities to UAE
2017-03-31,LU,LU: Luxembourg,2.730101,BIS LBS: reporter-country all-currency loans/deposits liabilities to UAE
2017-03-31,MO,MO: Macao SAR,103.836252,BIS LBS: reporter-country all-currency loans/deposits liabilities to UAE
2017-03-31,MX,MX: Mexico,0.000127,BIS LBS: reporter-country all-currency loans/deposits liabilities to UAE
2017-03-31,NL,NL: Netherlands,6.055189,BIS LBS: reporter-country all-currency loans/deposits liabilities to UAE
2017-03-31,PH,PH: Philippines,0.10910500000000001,BIS LBS: reporter-country all-currency loans/deposits liabilities to UAE
2017-03-31,SE,SE: Sweden,0.038185000000000004,BIS LBS: reporter-country all-currency loans/deposits liabilities to UAE
2017-03-31,TW,TW: Chinese Taipei,0.8938429999999999,BIS LBS: reporter-country all-currency loans/deposits liabilities to UAE
2017-03-31,US,US: United States,16.163727,BIS LBS: reporter-country all-currency loans/deposits liabilities to UAE
2017-03-31,ZA,ZA: South Africa,0.843646,BIS LBS: reporter-country all-currency loans/deposits liabilities to UAE
2017-06-30,AT,AT: Austria,3.7609519999999996,BIS LBS: reporter-country all-currency loans/deposits liabilities to UAE
2017-06-30,AU,AU: Australia,1.2311779999999999,BIS LBS: reporter-country all-currency loans/deposits liabilities to UAE
2017-06-30,BE,BE: Belgium,6.45835,BIS LBS: reporter-country all-currency loans/deposits liabilities to UAE
2017-06-30,BR,BR: Brazil,-0.0413229999999999,BIS LBS: reporter-country all-currency loans/deposits liabilities to UAE
2017-06-30,CA,CA: Canada,0.7389209999999999,BIS LBS: reporter-country all-currency loans/deposits liabilities to UAE
2017-06-30,CH,CH: Switzerland,19.560789,BIS LBS: reporter-country all-currency loans/deposits liabilities to UAE
2017-06-30,DK,DK: Denmark,2.065449,BIS LBS: reporter-country all-currency loans/deposits liabilities to UAE
2017-06-30,ES,ES: Spain,0.361333,BIS LBS: reporter-country all-currency loans/deposits liabilities to UAE
2017-06-30,FI,FI: Finland,0.273376,BIS LBS: reporter-country all-currency loans/deposits liabilities to UAE
2017-06-30,FR,FR: France,9.495576,BIS LBS: reporter-country all-currency loans/deposits liabilities to UAE
2017-06-30,GB,GB: United Kingdom,44.346804,BIS LBS: reporter-country all-currency loans/deposits liabilities to UAE
2017-06-30,GG,GG: Guernsey,1.077132,BIS LBS: reporter-country all-currency loans/deposits liabilities to UAE
2017-06-30,HK,HK: Hong Kong SAR,5.452415,BIS LBS: reporter-country all-currency loans/deposits liabilities to UAE
2017-06-30,IE,IE: Ireland,-0.032457,BIS LBS: reporter-country all-currency loans/deposits liabilities to UAE
2017-06-30,IM,IM: Isle of Man,1.7819289999999999,BIS LBS: reporter-country all-currency loans/deposits liabilities to UAE
2017-06-30,IT,IT: Italy,0.933246,BIS LBS: reporter-country all-currency loans/deposits liabilities to UAE
2017-06-30,JE,JE: Jersey,6.699138,BIS LBS: reporter-country all-currency loans/deposits liabilities to UAE
2017-06-30,KR,KR: Korea,0.210934,BIS LBS: reporter-country all-currency loans/deposits liabilities to UAE
2017-06-30,LU,LU: Luxembourg,1.3576590000000002,BIS LBS: reporter-country all-currency loans/deposits liabilities to UAE
2017-06-30,MO,MO: Macao SAR,1.360606,BIS LBS: reporter-country all-currency loans/deposits liabilities to UAE
2017-06-30,MX,MX: Mexico,0.002103,BIS LBS: reporter-country all-currency loans/deposits liabilities to UAE
2017-06-30,NL,NL: Netherlands,0.38558000000000014,BIS LBS: reporter-country all-currency loans/deposits liabilities to UAE
2017-06-30,PH,PH: Philippines,0.076645,BIS LBS: reporter-country all-currency loans/deposits liabilities to UAE
2017-06-30,SE,SE: Sweden,0.261842,BIS LBS: reporter-country all-currency loans/deposits liabilities to UAE
2017-06-30,TW,TW: Chinese Taipei,5.803535999999999,BIS LBS: reporter-country all-currency loans/deposits liabilities to UAE
2017-06-30,US,US: United States,6.109772,BIS LBS: reporter-country all-currency loans/deposits liabilities to UAE
2017-06-30,ZA,ZA: South Africa,0.443835,BIS LBS: reporter-country all-currency loans/deposits liabilities to UAE
2017-09-30,AT,AT: Austria,3.429181,BIS LBS: reporter-country all-currency loans/deposits liabilities to UAE
2017-09-30,AU,AU: Australia,2.386739,BIS LBS: reporter-country all-currency loans/deposits liabilities to UAE
2017-09-30,BE,BE: Belgium,1.8745650000000003,BIS LBS: reporter-country all-currency loans/deposits liabilities to UAE
2017-09-30,BR,BR: Brazil,0.128407,BIS LBS: reporter-country all-currency loans/deposits liabilities to UAE
2017-09-30,CA,CA: Canada,0.811062,BIS LBS: reporter-country all-currency loans/deposits liabilities to UAE
2017-09-30,CH,CH: Switzerland,17.929177000000003,BIS LBS: reporter-country all-currency loans/deposits liabilities to UAE
2017-09-30,DK,DK: Denmark,1.836569,BIS LBS: reporter-country all-currency loans/deposits liabilities to UAE
2017-09-30,ES,ES: Spain,0.337662,BIS LBS: reporter-country all-currency loans/deposits liabilities to UAE
2017-09-30,FI,FI: Finland,-0.08391199999999999,BIS LBS: reporter-country all-currency loans/deposits liabilities to UAE
2017-09-30,FR,FR: France,10.630327,BIS LBS: reporter-country all-currency loans/deposits liabilities to UAE
2017-09-30,GB,GB: United Kingdom,59.236344,BIS LBS: reporter-country all-currency loans/deposits liabilities to UAE
2017-09-30,GG,GG: Guernsey,1.085296,BIS LBS: reporter-country all-currency loans/deposits liabilities to UAE
2017-09-30,HK,HK: Hong Kong SAR,12.021688999999999,BIS LBS: reporter-country all-currency loans/deposits liabilities to UAE
2017-09-30,IE,IE: Ireland,0.33567199999999997,BIS LBS: reporter-country all-currency loans/deposits liabilities to UAE
2017-09-30,IM,IM: Isle of Man,2.200292,BIS LBS: reporter-country all-currency loans/deposits liabilities to UAE
2017-09-30,IT,IT: Italy,0.340194,BIS LBS: reporter-country all-currency loans/deposits liabilities to UAE
2017-09-30,JE,JE: Jersey,6.860848,BIS LBS: reporter-country all-currency loans/deposits liabilities to UAE
2017-09-30,KR,KR: Korea,0.332962,BIS LBS: reporter-country all-currency loans/deposits liabilities to UAE
2017-09-30,LU,LU: Luxembourg,2.361033,BIS LBS: reporter-country all-currency loans/deposits liabilities to UAE
2017-09-30,MO,MO: Macao SAR,1.198162,BIS LBS: reporter-country all-currency loans/deposits liabilities to UAE
2017-09-30,MX,MX: Mexico,-0.000531,BIS LBS: reporter-country all-currency loans/deposits liabilities to UAE
2017-09-30,NL,NL: Netherlands,1.414411,BIS LBS: reporter-country all-currency loans/deposits liabilities to UAE
2017-09-30,PH,PH: Philippines,0.110313,BIS LBS: reporter-country all-currency loans/deposits liabilities to UAE
2017-09-30,SE,SE: Sweden,2.771094,BIS LBS: reporter-country all-currency loans/deposits liabilities to UAE
2017-09-30,TW,TW: Chinese Taipei,0.33080200000000004,BIS LBS: reporter-country all-currency loans/deposits liabilities to UAE
2017-09-30,US,US: United States,13.429957,BIS LBS: reporter-country all-currency loans/deposits liabilities to UAE
2017-09-30,ZA,ZA: South Africa,0.517444,BIS LBS: reporter-country all-currency loans/deposits liabilities to UAE
2017-12-31,AT,AT: Austria,2.557563,BIS LBS: reporter-country all-currency loans/deposits liabilities to UAE
2017-12-31,AU,AU: Australia,1.516629,BIS LBS: reporter-country all-currency loans/deposits liabilities to UAE
2017-12-31,BE,BE: Belgium,5.055055,BIS LBS: reporter-country all-currency loans/deposits liabilities to UAE
2017-12-31,BR,BR: Brazil,-0.008088999999999999,BIS LBS: reporter-country all-currency loans/deposits liabilities to UAE
2017-12-31,CA,CA: Canada,0.617186,BIS LBS: reporter-country all-currency loans/deposits liabilities to UAE
2017-12-31,CH,CH: Switzerland,20.840669,BIS LBS: reporter-country all-currency loans/deposits liabilities to UAE
2017-12-31,CL,CL: Chile,0.000418,BIS LBS: reporter-country all-currency loans/deposits liabilities to UAE
2017-12-31,DK,DK: Denmark,2.012975,BIS LBS: reporter-country all-currency loans/deposits liabilities to UAE
2017-12-31,ES,ES: Spain,0.24286100000000005,BIS LBS: reporter-country all-currency loans/deposits liabilities to UAE
2017-12-31,FI,FI: Finland,0.01435,BIS LBS: reporter-country all-currency loans/deposits liabilities to UAE
2017-12-31,FR,FR: France,15.064706,BIS LBS: reporter-country all-currency loans/deposits liabilities to UAE
2017-12-31,GB,GB: United Kingdom,47.179534,BIS LBS: reporter-country all-currency loans/deposits liabilities to UAE
2017-12-31,GG,GG: Guernsey,1.0746540000000002,BIS LBS: reporter-country all-currency loans/deposits liabilities to UAE
2017-12-31,HK,HK: Hong Kong SAR,13.952205000000001,BIS LBS: reporter-country all-currency loans/deposits liabilities to UAE
2017-12-31,IE,IE: Ireland,0.292354,BIS LBS: reporter-country all-currency loans/deposits liabilities to UAE
2017-12-31,IM,IM: Isle of Man,2.207745,BIS LBS: reporter-country all-currency loans/deposits liabilities to UAE
2017-12-31,IT,IT: Italy,0.462538,BIS LBS: reporter-country all-currency loans/deposits liabilities to UAE
2017-12-31,JE,JE: Jersey,6.421289,BIS LBS: reporter-country all-currency loans/deposits liabilities to UAE
2017-12-31,KR,KR: Korea,0.6829540000000001,BIS LBS: reporter-country all-currency loans/deposits liabilities to UAE
2017-12-31,LU,LU: Luxembourg,2.7296199999999997,BIS LBS: reporter-country all-currency loans/deposits liabilities to UAE
2017-12-31,MO,MO: Macao SAR,0.96258,BIS LBS: reporter-country all-currency loans/deposits liabilities to UAE
2017-12-31,MX,MX: Mexico,-0.00015000000000000001,BIS LBS: reporter-country all-currency loans/deposits liabilities to UAE
2017-12-31,NL,NL: Netherlands,2.783164,BIS LBS: reporter-country all-currency loans/deposits liabilities to UAE
2017-12-31,PH,PH: Philippines,0.122755,BIS LBS: reporter-country all-currency loans/deposits liabilities to UAE
2017-12-31,SE,SE: Sweden,-0.463556,BIS LBS: reporter-country all-currency loans/deposits liabilities to UAE
2017-12-31,TW,TW: Chinese Taipei,0.240369,BIS LBS: reporter-country all-currency loans/deposits liabilities to UAE
2017-12-31,US,US: United States,24.478163,BIS LBS: reporter-country all-currency loans/deposits liabilities to UAE
2017-12-31,ZA,ZA: South Africa,0.624219,BIS LBS: reporter-country all-currency loans/deposits liabilities to UAE
2018-03-31,AT,AT: Austria,2.5551,BIS LBS: reporter-country all-currency loans/deposits liabilities to UAE
2018-03-31,AU,AU: Australia,1.4588320000000001,BIS LBS: reporter-country all-currency loans/deposits liabilities to UAE
2018-03-31,BE,BE: Belgium,3.020318,BIS LBS: reporter-country all-currency loans/deposits liabilities to UAE
2018-03-31,BR,BR: Brazil,0.374514,BIS LBS: reporter-country all-currency loans/deposits liabilities to UAE
2018-03-31,CA,CA: Canada,1.307177,BIS LBS: reporter-country all-currency loans/deposits liabilities to UAE
2018-03-31,CH,CH: Switzerland,17.385482000000003,BIS LBS: reporter-country all-currency loans/deposits liabilities to UAE
2018-03-31,CL,CL: Chile,0.050041,BIS LBS: reporter-country all-currency loans/deposits liabilities to UAE
2018-03-31,DK,DK: Denmark,1.497774,BIS LBS: reporter-country all-currency loans/deposits liabilities to UAE
2018-03-31,ES,ES: Spain,0.5111680000000001,BIS LBS: reporter-country all-currency loans/deposits liabilities to UAE
2018-03-31,FI,FI: Finland,0.12343399999999999,BIS LBS: reporter-country all-currency loans/deposits liabilities to UAE
2018-03-31,FR,FR: France,12.930783000000002,BIS LBS: reporter-country all-currency loans/deposits liabilities to UAE
2018-03-31,GB,GB: United Kingdom,67.924429,BIS LBS: reporter-country all-currency loans/deposits liabilities to UAE
2018-03-31,GG,GG: Guernsey,1.1212719999999998,BIS LBS: reporter-country all-currency loans/deposits liabilities to UAE
2018-03-31,HK,HK: Hong Kong SAR,9.270698,BIS LBS: reporter-country all-currency loans/deposits liabilities to UAE
2018-03-31,IE,IE: Ireland,0.437326,BIS LBS: reporter-country all-currency loans/deposits liabilities to UAE
2018-03-31,IM,IM: Isle of Man,1.999576,BIS LBS: reporter-country all-currency loans/deposits liabilities to UAE
2018-03-31,IT,IT: Italy,0.9113530000000001,BIS LBS: reporter-country all-currency loans/deposits liabilities to UAE
2018-03-31,JE,JE: Jersey,6.161488,BIS LBS: reporter-country all-currency loans/deposits liabilities to UAE
2018-03-31,KR,KR: Korea,0.015220999999999981,BIS LBS: reporter-country all-currency loans/deposits liabilities to UAE
2018-03-31,LU,LU: Luxembourg,2.926139,BIS LBS: reporter-country all-currency loans/deposits liabilities to UAE
2018-03-31,MO,MO: Macao SAR,0.833626,BIS LBS: reporter-country all-currency loans/deposits liabilities to UAE
2018-03-31,MX,MX: Mexico,6.675523999999999,BIS LBS: reporter-country all-currency loans/deposits liabilities to UAE
2018-03-31,NL,NL: Netherlands,4.999817999999999,BIS LBS: reporter-country all-currency loans/deposits liabilities to UAE
2018-03-31,PH,PH: Philippines,0.087501,BIS LBS: reporter-country all-currency loans/deposits liabilities to UAE
2018-03-31,SE,SE: Sweden,3.153214,BIS LBS: reporter-country all-currency loans/deposits liabilities to UAE
2018-03-31,TW,TW: Chinese Taipei,0.6165719999999999,BIS LBS: reporter-country all-currency loans/deposits liabilities to UAE
2018-03-31,US,US: United States,19.315294,BIS LBS: reporter-country all-currency loans/deposits liabilities to UAE
2018-03-31,ZA,ZA: South Africa,-0.09948900000000002,BIS LBS: reporter-country all-currency loans/deposits liabilities to UAE
2018-06-30,AT,AT: Austria,1.437084,BIS LBS: reporter-country all-currency loans/deposits liabilities to UAE
2018-06-30,AU,AU: Australia,0.7647849999999999,BIS LBS: reporter-country all-currency loans/deposits liabilities to UAE
2018-06-30,BE,BE: Belgium,6.213439999999999,BIS LBS: reporter-country all-currency loans/deposits liabilities to UAE
2018-06-30,BR,BR: Brazil,0.47852000000000006,BIS LBS: reporter-country all-currency loans/deposits liabilities to UAE
2018-06-30,CA,CA: Canada,0.792663,BIS LBS: reporter-country all-currency loans/deposits liabilities to UAE
2018-06-30,CH,CH: Switzerland,16.967998,BIS LBS: reporter-country all-currency loans/deposits liabilities to UAE
2018-06-30,CL,CL: Chile,-0.024603,BIS LBS: reporter-country all-currency loans/deposits liabilities to UAE
2018-06-30,DK,DK: Denmark,2.015579,BIS LBS: reporter-country all-currency loans/deposits liabilities to UAE
2018-06-30,ES,ES: Spain,0.550754,BIS LBS: reporter-country all-currency loans/deposits liabilities to UAE
2018-06-30,FI,FI: Finland,0.082552,BIS LBS: reporter-country all-currency loans/deposits liabilities to UAE
2018-06-30,FR,FR: France,8.886103000000002,BIS LBS: reporter-country all-currency loans/deposits liabilities to UAE
2018-06-30,GB,GB: United Kingdom,42.858003999999994,BIS LBS: reporter-country all-currency loans/deposits liabilities to UAE
2018-06-30,GG,GG: Guernsey,1.05114,BIS LBS: reporter-country all-currency loans/deposits liabilities to UAE
2018-06-30,HK,HK: Hong Kong SAR,17.611026,BIS LBS: reporter-country all-currency loans/deposits liabilities to UAE
2018-06-30,IE,IE: Ireland,0.441342,BIS LBS: reporter-country all-currency loans/deposits liabilities to UAE
2018-06-30,IM,IM: Isle of Man,2.131951,BIS LBS: reporter-country all-currency loans/deposits liabilities to UAE
2018-06-30,IT,IT: Italy,0.588217,BIS LBS: reporter-country all-currency loans/deposits liabilities to UAE
2018-06-30,JE,JE: Jersey,6.555230999999999,BIS LBS: reporter-country all-currency loans/deposits liabilities to UAE
2018-06-30,KR,KR: Korea,1.114513,BIS LBS: reporter-country all-currency loans/deposits liabilities to UAE
2018-06-30,LU,LU: Luxembourg,2.441319,BIS LBS: reporter-country all-currency loans/deposits liabilities to UAE
2018-06-30,MO,MO: Macao SAR,0.541214,BIS LBS: reporter-country all-currency loans/deposits liabilities to UAE
2018-06-30,MX,MX: Mexico,0.12167900000000001,BIS LBS: reporter-country all-currency loans/deposits liabilities to UAE
2018-06-30,NL,NL: Netherlands,0.6532339999999999,BIS LBS: reporter-country all-currency loans/deposits liabilities to UAE
2018-06-30,PH,PH: Philippines,0.048594000000000005,BIS LBS: reporter-country all-currency loans/deposits liabilities to UAE
2018-06-30,SE,SE: Sweden,-0.242467,BIS LBS: reporter-country all-currency loans/deposits liabilities to UAE
2018-06-30,TW,TW: Chinese Taipei,-0.0077120000000000105,BIS LBS: reporter-country all-currency loans/deposits liabilities to UAE
2018-06-30,US,US: United States,9.975572,BIS LBS: reporter-country all-currency loans/deposits liabilities to UAE
2018-06-30,ZA,ZA: South Africa,0.228086,BIS LBS: reporter-country all-currency loans/deposits liabilities to UAE
2018-09-30,AT,AT: Austria,1.558514,BIS LBS: reporter-country all-currency loans/deposits liabilities to UAE
2018-09-30,AU,AU: Australia,1.738811,BIS LBS: reporter-country all-currency loans/deposits liabilities to UAE
2018-09-30,BE,BE: Belgium,3.82403,BIS LBS: reporter-country all-currency loans/deposits liabilities to UAE
2018-09-30,BR,BR: Brazil,0.539044,BIS LBS: reporter-country all-currency loans/deposits liabilities to UAE
2018-09-30,CA,CA: Canada,1.158254,BIS LBS: reporter-country all-currency loans/deposits liabilities to UAE
2018-09-30,CH,CH: Switzerland,17.090328,BIS LBS: reporter-country all-currency loans/deposits liabilities to UAE
2018-09-30,CL,CL: Chile,0.00031299999999999996,BIS LBS: reporter-country all-currency loans/deposits liabilities to UAE
2018-09-30,DK,DK: Denmark,1.436572,BIS LBS: reporter-country all-currency loans/deposits liabilities to UAE
2018-09-30,ES,ES: Spain,0.495473,BIS LBS: reporter-country all-currency loans/deposits liabilities to UAE
2018-09-30,FI,FI: Finland,0.13907,BIS LBS: reporter-country all-currency loans/deposits liabilities to UAE
2018-09-30,FR,FR: France,18.053411,BIS LBS: reporter-country all-currency loans/deposits liabilities to UAE
2018-09-30,GB,GB: United Kingdom,53.818844999999996,BIS LBS: reporter-country all-currency loans/deposits liabilities to UAE
2018-09-30,GG,GG: Guernsey,0.594364,BIS LBS: reporter-country all-currency loans/deposits liabilities to UAE
2018-09-30,HK,HK: Hong Kong SAR,12.003698,BIS LBS: reporter-country all-currency loans/deposits liabilities to UAE
2018-09-30,IE,IE: Ireland,0.397393,BIS LBS: reporter-country all-currency loans/deposits liabilities to UAE
2018-09-30,IM,IM: Isle of Man,1.968857,BIS LBS: reporter-country all-currency loans/deposits liabilities to UAE
2018-09-30,IT,IT: Italy,0.578114,BIS LBS: reporter-country all-currency loans/deposits liabilities to UAE
2018-09-30,JE,JE: Jersey,6.985714,BIS LBS: reporter-country all-currency loans/deposits liabilities to UAE
2018-09-30,KR,KR: Korea,0.23352300000000004,BIS LBS: reporter-country all-currency loans/deposits liabilities to UAE
2018-09-30,LU,LU: Luxembourg,2.6276910000000004,BIS LBS: reporter-country all-currency loans/deposits liabilities to UAE
2018-09-30,MO,MO: Macao SAR,2.507734,BIS LBS: reporter-country all-currency loans/deposits liabilities to UAE
2018-09-30,MX,MX: Mexico,0.55755,BIS LBS: reporter-country all-currency loans/deposits liabilities to UAE
2018-09-30,NL,NL: Netherlands,1.6466779999999999,BIS LBS: reporter-country all-currency loans/deposits liabilities to UAE
2018-09-30,PH,PH: Philippines,0.022051,BIS LBS: reporter-country all-currency loans/deposits liabilities to UAE
2018-09-30,SE,SE: Sweden,0.072163,BIS LBS: reporter-country all-currency loans/deposits liabilities to UAE
2018-09-30,TW,TW: Chinese Taipei,0.587358,BIS LBS: reporter-country all-currency loans/deposits liabilities to UAE
2018-09-30,US,US: United States,27.176181999999997,BIS LBS: reporter-country all-currency loans/deposits liabilities to UAE
2018-09-30,ZA,ZA: South Africa,0.356714,BIS LBS: reporter-country all-currency loans/deposits liabilities to UAE
2018-12-31,AT,AT: Austria,2.263269,BIS LBS: reporter-country all-currency loans/deposits liabilities to UAE
2018-12-31,AU,AU: Australia,0.9987349999999999,BIS LBS: reporter-country all-currency loans/deposits liabilities to UAE
2018-12-31,BE,BE: Belgium,6.475543,BIS LBS: reporter-country all-currency loans/deposits liabilities to UAE
2018-12-31,BR,BR: Brazil,1.120843,BIS LBS: reporter-country all-currency loans/deposits liabilities to UAE
2018-12-31,CA,CA: Canada,1.107129,BIS LBS: reporter-country all-currency loans/deposits liabilities to UAE
2018-12-31,CH,CH: Switzerland,15.841065,BIS LBS: reporter-country all-currency loans/deposits liabilities to UAE
2018-12-31,CL,CL: Chile,0.262945,BIS LBS: reporter-country all-currency loans/deposits liabilities to UAE
2018-12-31,DK,DK: Denmark,1.548425,BIS LBS: reporter-country all-currency loans/deposits liabilities to UAE
2018-12-31,ES,ES: Spain,0.473545,BIS LBS: reporter-country all-currency loans/deposits liabilities to UAE
2018-12-31,FI,FI: Finland,0.102598,BIS LBS: reporter-country all-currency loans/deposits liabilities to UAE
2018-12-31,FR,FR: France,19.782518,BIS LBS: reporter-country all-currency loans/deposits liabilities to UAE
2018-12-31,GB,GB: United Kingdom,51.59926500000001,BIS LBS: reporter-country all-currency loans/deposits liabilities to UAE
2018-12-31,GG,GG: Guernsey,0.777044,BIS LBS: reporter-country all-currency loans/deposits liabilities to UAE
2018-12-31,HK,HK: Hong Kong SAR,11.845772,BIS LBS: reporter-country all-currency loans/deposits liabilities to UAE
2018-12-31,IE,IE: Ireland,0.154471,BIS LBS: reporter-country all-currency loans/deposits liabilities to UAE
2018-12-31,IM,IM: Isle of Man,3.074942,BIS LBS: reporter-country all-currency loans/deposits liabilities to UAE
2018-12-31,IT,IT: Italy,0.6368670000000001,BIS LBS: reporter-country all-currency loans/deposits liabilities to UAE
2018-12-31,JE,JE: Jersey,6.702466,BIS LBS: reporter-country all-currency loans/deposits liabilities to UAE
2018-12-31,KR,KR: Korea,0.182998,BIS LBS: reporter-country all-currency loans/deposits liabilities to UAE
2018-12-31,LU,LU: Luxembourg,2.3702,BIS LBS: reporter-country all-currency loans/deposits liabilities to UAE
2018-12-31,MO,MO: Macao SAR,2.437342,BIS LBS: reporter-country all-currency loans/deposits liabilities to UAE
2018-12-31,MX,MX: Mexico,9.734641,BIS LBS: reporter-country all-currency loans/deposits liabilities to UAE
2018-12-31,NL,NL: Netherlands,2.816914,BIS LBS: reporter-country all-currency loans/deposits liabilities to UAE
2018-12-31,PH,PH: Philippines,0.091945,BIS LBS: reporter-country all-currency loans/deposits liabilities to UAE
2018-12-31,SE,SE: Sweden,-0.03298200000000001,BIS LBS: reporter-country all-currency loans/deposits liabilities to UAE
2018-12-31,TW,TW: Chinese Taipei,4.128527,BIS LBS: reporter-country all-currency loans/deposits liabilities to UAE
2018-12-31,US,US: United States,25.204710000000002,BIS LBS: reporter-country all-currency loans/deposits liabilities to UAE
2018-12-31,ZA,ZA: South Africa,0.485647,BIS LBS: reporter-country all-currency loans/deposits liabilities to UAE
2019-03-31,AT,AT: Austria,1.510345,BIS LBS: reporter-country all-currency loans/deposits liabilities to UAE
2019-03-31,AU,AU: Australia,2.6272130000000002,BIS LBS: reporter-country all-currency loans/deposits liabilities to UAE
2019-03-31,BE,BE: Belgium,2.271555,BIS LBS: reporter-country all-currency loans/deposits liabilities to UAE
2019-03-31,BR,BR: Brazil,0.835129,BIS LBS: reporter-country all-currency loans/deposits liabilities to UAE
2019-03-31,CA,CA: Canada,0.48451399999999994,BIS LBS: reporter-country all-currency loans/deposits liabilities to UAE
2019-03-31,CH,CH: Switzerland,17.656357,BIS LBS: reporter-country all-currency loans/deposits liabilities to UAE
2019-03-31,CL,CL: Chile,-0.09710400000000001,BIS LBS: reporter-country all-currency loans/deposits liabilities to UAE
2019-03-31,DK,DK: Denmark,1.6772140000000002,BIS LBS: reporter-country all-currency loans/deposits liabilities to UAE
2019-03-31,ES,ES: Spain,1.434073,BIS LBS: reporter-country all-currency loans/deposits liabilities to UAE
2019-03-31,FI,FI: Finland,0.007130000000000001,BIS LBS: reporter-country all-currency loans/deposits liabilities to UAE
2019-03-31,FR,FR: France,16.672439,BIS LBS: reporter-country all-currency loans/deposits liabilities to UAE
2019-03-31,GB,GB: United Kingdom,69.097514,BIS LBS: reporter-country all-currency loans/deposits liabilities to UAE
2019-03-31,GG,GG: Guernsey,0.719196,BIS LBS: reporter-country all-currency loans/deposits liabilities to UAE
2019-03-31,HK,HK: Hong Kong SAR,7.1587,BIS LBS: reporter-country all-currency loans/deposits liabilities to UAE
2019-03-31,IE,IE: Ireland,0.00799699999999999,BIS LBS: reporter-country all-currency loans/deposits liabilities to UAE
2019-03-31,IM,IM: Isle of Man,2.657117,BIS LBS: reporter-country all-currency loans/deposits liabilities to UAE
2019-03-31,IT,IT: Italy,0.42369500000000004,BIS LBS: reporter-country all-currency loans/deposits liabilities to UAE
2019-03-31,JE,JE: Jersey,7.177678,BIS LBS: reporter-country all-currency loans/deposits liabilities to UAE
2019-03-31,KR,KR: Korea,0.232962,BIS LBS: reporter-country all-currency loans/deposits liabilities to UAE
2019-03-31,LU,LU: Luxembourg,2.832693,BIS LBS: reporter-country all-currency loans/deposits liabilities to UAE
2019-03-31,MO,MO: Macao SAR,-1.039892,BIS LBS: reporter-country all-currency loans/deposits liabilities to UAE
2019-03-31,MX,MX: Mexico,-0.067496,BIS LBS: reporter-country all-currency loans/deposits liabilities to UAE
2019-03-31,NL,NL: Netherlands,3.147635,BIS LBS: reporter-country all-currency loans/deposits liabilities to UAE
2019-03-31,PH,PH: Philippines,0.0013260000000000008,BIS LBS: reporter-country all-currency loans/deposits liabilities to UAE
2019-03-31,SE,SE: Sweden,1.687062,BIS LBS: reporter-country all-currency loans/deposits liabilities to UAE
2019-03-31,TW,TW: Chinese Taipei,0.21793200000000001,BIS LBS: reporter-country all-currency loans/deposits liabilities to UAE
2019-03-31,US,US: United States,5.511749000000001,BIS LBS: reporter-country all-currency loans/deposits liabilities to UAE
2019-03-31,ZA,ZA: South Africa,0.333453,BIS LBS: reporter-country all-currency loans/deposits liabilities to UAE
2019-06-30,AT,AT: Austria,1.7024599999999999,BIS LBS: reporter-country all-currency loans/deposits liabilities to UAE
2019-06-30,AU,AU: Australia,1.287238,BIS LBS: reporter-country all-currency loans/deposits liabilities to UAE
2019-06-30,BE,BE: Belgium,3.811385,BIS LBS: reporter-country all-currency loans/deposits liabilities to UAE
2019-06-30,BR,BR: Brazil,1.270316,BIS LBS: reporter-country all-currency loans/deposits liabilities to UAE
2019-06-30,CA,CA: Canada,0.887282,BIS LBS: reporter-country all-currency loans/deposits liabilities to UAE
2019-06-30,CH,CH: Switzerland,18.735554999999998,BIS LBS: reporter-country all-currency loans/deposits liabilities to UAE
2019-06-30,CL,CL: Chile,0.035727,BIS LBS: reporter-country all-currency loans/deposits liabilities to UAE
2019-06-30,DK,DK: Denmark,1.681942,BIS LBS: reporter-country all-currency loans/deposits liabilities to UAE
2019-06-30,ES,ES: Spain,0.36362000000000005,BIS LBS: reporter-country all-currency loans/deposits liabilities to UAE
2019-06-30,FI,FI: Finland,0.0031760000000000017,BIS LBS: reporter-country all-currency loans/deposits liabilities to UAE
2019-06-30,FR,FR: France,19.357574,BIS LBS: reporter-country all-currency loans/deposits liabilities to UAE
2019-06-30,GB,GB: United Kingdom,53.28315599999999,BIS LBS: reporter-country all-currency loans/deposits liabilities to UAE
2019-06-30,GG,GG: Guernsey,0.83639,BIS LBS: reporter-country all-currency loans/deposits liabilities to UAE
2019-06-30,HK,HK: Hong Kong SAR,13.615686,BIS LBS: reporter-country all-currency loans/deposits liabilities to UAE
2019-06-30,IE,IE: Ireland,0.12272999999999999,BIS LBS: reporter-country all-currency loans/deposits liabilities to UAE
2019-06-30,IM,IM: Isle of Man,2.451041,BIS LBS: reporter-country all-currency loans/deposits liabilities to UAE
2019-06-30,IT,IT: Italy,0.2584930000000001,BIS LBS: reporter-country all-currency loans/deposits liabilities to UAE
2019-06-30,JE,JE: Jersey,7.551222,BIS LBS: reporter-country all-currency loans/deposits liabilities to UAE
2019-06-30,KR,KR: Korea,0.14695999999999998,BIS LBS: reporter-country all-currency loans/deposits liabilities to UAE
2019-06-30,LU,LU: Luxembourg,2.9851840000000003,BIS LBS: reporter-country all-currency loans/deposits liabilities to UAE
2019-06-30,MO,MO: Macao SAR,-0.18797999999999998,BIS LBS: reporter-country all-currency loans/deposits liabilities to UAE
2019-06-30,MX,MX: Mexico,-0.09216300000000001,BIS LBS: reporter-country all-currency loans/deposits liabilities to UAE
2019-06-30,NL,NL: Netherlands,1.545039,BIS LBS: reporter-country all-currency loans/deposits liabilities to UAE
2019-06-30,PH,PH: Philippines,1.603735,BIS LBS: reporter-country all-currency loans/deposits liabilities to UAE
2019-06-30,SE,SE: Sweden,2.236287,BIS LBS: reporter-country all-currency loans/deposits liabilities to UAE
2019-06-30,TW,TW: Chinese Taipei,-0.456184,BIS LBS: reporter-country all-currency loans/deposits liabilities to UAE
2019-06-30,US,US: United States,13.278361,BIS LBS: reporter-country all-currency loans/deposits liabilities to UAE
2019-06-30,ZA,ZA: South Africa,0.12282399999999999,BIS LBS: reporter-country all-currency loans/deposits liabilities to UAE
2019-09-30,AT,AT: Austria,1.193128,BIS LBS: reporter-country all-currency loans/deposits liabilities to UAE
2019-09-30,AU,AU: Australia,0.18607599999999996,BIS LBS: reporter-country all-currency loans/deposits liabilities to UAE
2019-09-30,BE,BE: Belgium,8.043688,BIS LBS: reporter-country all-currency loans/deposits liabilities to UAE
2019-09-30,BR,BR: Brazil,0.585958,BIS LBS: reporter-country all-currency loans/deposits liabilities to UAE
2019-09-30,CA,CA: Canada,1.03006,BIS LBS: reporter-country all-currency loans/deposits liabilities to UAE
2019-09-30,CH,CH: Switzerland,16.880472,BIS LBS: reporter-country all-currency loans/deposits liabilities to UAE
2019-09-30,CL,CL: Chile,0.141094,BIS LBS: reporter-country all-currency loans/deposits liabilities to UAE
2019-09-30,DK,DK: Denmark,1.643342,BIS LBS: reporter-country all-currency loans/deposits liabilities to UAE
2019-09-30,ES,ES: Spain,0.771152,BIS LBS: reporter-country all-currency loans/deposits liabilities to UAE
2019-09-30,FI,FI: Finland,0.08913,BIS LBS: reporter-country all-currency loans/deposits liabilities to UAE
2019-09-30,FR,FR: France,17.191319,BIS LBS: reporter-country all-currency loans/deposits liabilities to UAE
2019-09-30,GB,GB: United Kingdom,78.92085900000001,BIS LBS: reporter-country all-currency loans/deposits liabilities to UAE
2019-09-30,GG,GG: Guernsey,0.759246,BIS LBS: reporter-country all-currency loans/deposits liabilities to UAE
2019-09-30,HK,HK: Hong Kong SAR,5.293731000000001,BIS LBS: reporter-country all-currency loans/deposits liabilities to UAE
2019-09-30,IE,IE: Ireland,0.16833900000000002,BIS LBS: reporter-country all-currency loans/deposits liabilities to UAE
2019-09-30,IM,IM: Isle of Man,2.1487939999999996,BIS LBS: reporter-country all-currency loans/deposits liabilities to UAE
2019-09-30,IT,IT: Italy,0.62354,BIS LBS: reporter-country all-currency loans/deposits liabilities to UAE
2019-09-30,JE,JE: Jersey,7.99599,BIS LBS: reporter-country all-currency loans/deposits liabilities to UAE
2019-09-30,KR,KR: Korea,0.04381299999999999,BIS LBS: reporter-country all-currency loans/deposits liabilities to UAE
2019-09-30,LU,LU: Luxembourg,3.4711220000000003,BIS LBS: reporter-country all-currency loans/deposits liabilities to UAE
2019-09-30,MO,MO: Macao SAR,0.530628,BIS LBS: reporter-country all-currency loans/deposits liabilities to UAE
2019-09-30,MX,MX: Mexico,-0.045665,BIS LBS: reporter-country all-currency loans/deposits liabilities to UAE
2019-09-30,NL,NL: Netherlands,0.20867900000000017,BIS LBS: reporter-country all-currency loans/deposits liabilities to UAE
2019-09-30,PH,PH: Philippines,-0.373311,BIS LBS: reporter-country all-currency loans/deposits liabilities to UAE
2019-09-30,SE,SE: Sweden,2.546405,BIS LBS: reporter-country all-currency loans/deposits liabilities to UAE
2019-09-30,TW,TW: Chinese Taipei,-0.04217899999999999,BIS LBS: reporter-country all-currency loans/deposits liabilities to UAE
2019-09-30,US,US: United States,29.739162,BIS LBS: reporter-country all-currency loans/deposits liabilities to UAE
2019-09-30,ZA,ZA: South Africa,0.498597,BIS LBS: reporter-country all-currency loans/deposits liabilities to UAE
2019-12-31,AT,AT: Austria,1.448633,BIS LBS: reporter-country all-currency loans/deposits liabilities to UAE
2019-12-31,AU,AU: Australia,1.0340989999999999,BIS LBS: reporter-country all-currency loans/deposits liabilities to UAE
2019-12-31,BE,BE: Belgium,-2.180791,BIS LBS: reporter-country all-currency loans/deposits liabilities to UAE
2019-12-31,BR,BR: Brazil,-0.04887999999999998,BIS LBS: reporter-country all-currency loans/deposits liabilities to UAE
2019-12-31,CA,CA: Canada,0.735916,BIS LBS: reporter-country all-currency loans/deposits liabilities to UAE
2019-12-31,CH,CH: Switzerland,21.012076,BIS LBS: reporter-country all-currency loans/deposits liabilities to UAE
2019-12-31,CL,CL: Chile,-0.051939,BIS LBS: reporter-country all-currency loans/deposits liabilities to UAE
2019-12-31,DK,DK: Denmark,1.747244,BIS LBS: reporter-country all-currency loans/deposits liabilities to UAE
2019-12-31,ES,ES: Spain,0.37042200000000003,BIS LBS: reporter-country all-currency loans/deposits liabilities to UAE
2019-12-31,FI,FI: Finland,0.074135,BIS LBS: reporter-country all-currency loans/deposits liabilities to UAE
2019-12-31,FR,FR: France,16.533577,BIS LBS: reporter-country all-currency loans/deposits liabilities to UAE
2019-12-31,GB,GB: United Kingdom,68.825006,BIS LBS: reporter-country all-currency loans/deposits liabilities to UAE
2019-12-31,GG,GG: Guernsey,0.90781,BIS LBS: reporter-country all-currency loans/deposits liabilities to UAE
2019-12-31,HK,HK: Hong Kong SAR,5.811431000000001,BIS LBS: reporter-country all-currency loans/deposits liabilities to UAE
2019-12-31,IE,IE: Ireland,0.209115,BIS LBS: reporter-country all-currency loans/deposits liabilities to UAE
2019-12-31,IM,IM: Isle of Man,2.144994,BIS LBS: reporter-country all-currency loans/deposits liabilities to UAE
2019-12-31,IT,IT: Italy,1.0085709999999999,BIS LBS: reporter-country all-currency loans/deposits liabilities to UAE
2019-12-31,JE,JE: Jersey,8.065233,BIS LBS: reporter-country all-currency loans/deposits liabilities to UAE
2019-12-31,KR,KR: Korea,1.219584,BIS LBS: reporter-country all-currency loans/deposits liabilities to UAE
2019-12-31,LU,LU: Luxembourg,3.4148130000000005,BIS LBS: reporter-country all-currency loans/deposits liabilities to UAE
2019-12-31,MO,MO: Macao SAR,-0.05203100000000001,BIS LBS: reporter-country all-currency loans/deposits liabilities to UAE
2019-12-31,MX,MX: Mexico,-0.042767,BIS LBS: reporter-country all-currency loans/deposits liabilities to UAE
2019-12-31,NL,NL: Netherlands,2.036897,BIS LBS: reporter-country all-currency loans/deposits liabilities to UAE
2019-12-31,PH,PH: Philippines,0.122457,BIS LBS: reporter-country all-currency loans/deposits liabilities to UAE
2019-12-31,SE,SE: Sweden,0.13868899999999984,BIS LBS: reporter-country all-currency loans/deposits liabilities to UAE
2019-12-31,TW,TW: Chinese Taipei,0.611398,BIS LBS: reporter-country all-currency loans/deposits liabilities to UAE
2019-12-31,US,US: United States,10.249056999999999,BIS LBS: reporter-country all-currency loans/deposits liabilities to UAE
2019-12-31,ZA,ZA: South Africa,0.17922400000000002,BIS LBS: reporter-country all-currency loans/deposits liabilities to UAE
2020-03-31,AT,AT: Austria,1.614814,BIS LBS: reporter-country all-currency loans/deposits liabilities to UAE
2020-03-31,AU,AU: Australia,2.0552200000000003,BIS LBS: reporter-country all-currency loans/deposits liabilities to UAE
2020-03-31,BE,BE: Belgium,5.1499310000000005,BIS LBS: reporter-country all-currency loans/deposits liabilities to UAE
2020-03-31,BR,BR: Brazil,0.24204,BIS LBS: reporter-country all-currency loans/deposits liabilities to UAE
2020-03-31,CA,CA: Canada,1.009726,BIS LBS: reporter-country all-currency loans/deposits liabilities to UAE
2020-03-31,CH,CH: Switzerland,34.200931999999995,BIS LBS: reporter-country all-currency loans/deposits liabilities to UAE
2020-03-31,CL,CL: Chile,-0.066772,BIS LBS: reporter-country all-currency loans/deposits liabilities to UAE
2020-03-31,DK,DK: Denmark,0.04478700000000002,BIS LBS: reporter-country all-currency loans/deposits liabilities to UAE
2020-03-31,ES,ES: Spain,0.39870400000000006,BIS LBS: reporter-country all-currency loans/deposits liabilities to UAE
2020-03-31,FI,FI: Finland,0.213106,BIS LBS: reporter-country all-currency loans/deposits liabilities to UAE
2020-03-31,FR,FR: France,9.044763000000001,BIS LBS: reporter-country all-currency loans/deposits liabilities to UAE
2020-03-31,GB,GB: United Kingdom,64.860124,BIS LBS: reporter-country all-currency loans/deposits liabilities to UAE
2020-03-31,GG,GG: Guernsey,0.943508,BIS LBS: reporter-country all-currency loans/deposits liabilities to UAE
2020-03-31,HK,HK: Hong Kong SAR,11.582806,BIS LBS: reporter-country all-currency loans/deposits liabilities to UAE
2020-03-31,IE,IE: Ireland,0.253712,BIS LBS: reporter-country all-currency loans/deposits liabilities to UAE
2020-03-31,IM,IM: Isle of Man,2.334613,BIS LBS: reporter-country all-currency loans/deposits liabilities to UAE
2020-03-31,IT,IT: Italy,0.763304,BIS LBS: reporter-country all-currency loans/deposits liabilities to UAE
2020-03-31,JE,JE: Jersey,8.60909,BIS LBS: reporter-country all-currency loans/deposits liabilities to UAE
2020-03-31,KR,KR: Korea,0.8281639999999999,BIS LBS: reporter-country all-currency loans/deposits liabilities to UAE
2020-03-31,LU,LU: Luxembourg,4.814661,BIS LBS: reporter-country all-currency loans/deposits liabilities to UAE
2020-03-31,MO,MO: Macao SAR,2.383124,BIS LBS: reporter-country all-currency loans/deposits liabilities to UAE
2020-03-31,MX,MX: Mexico,0.174424,BIS LBS: reporter-country all-currency loans/deposits liabilities to UAE
2020-03-31,NL,NL: Netherlands,2.2791129999999997,BIS LBS: reporter-country all-currency loans/deposits liabilities to UAE
2020-03-31,PH,PH: Philippines,0.033996,BIS LBS: reporter-country all-currency loans/deposits liabilities to UAE
2020-03-31,SE,SE: Sweden,3.330864,BIS LBS: reporter-country all-currency loans/deposits liabilities to UAE
2020-03-31,TW,TW: Chinese Taipei,0.5285660000000001,BIS LBS: reporter-country all-currency loans/deposits liabilities to UAE
2020-03-31,US,US: United States,43.883680999999996,BIS LBS: reporter-country all-currency loans/deposits liabilities to UAE
2020-03-31,ZA,ZA: South Africa,0.199125,BIS LBS: reporter-country all-currency loans/deposits liabilities to UAE
2020-06-30,AT,AT: Austria,1.7197390000000001,BIS LBS: reporter-country all-currency loans/deposits liabilities to UAE
2020-06-30,AU,AU: Australia,1.172752,BIS LBS: reporter-country all-currency loans/deposits liabilities to UAE
2020-06-30,BE,BE: Belgium,4.057862,BIS LBS: reporter-country all-currency loans/deposits liabilities to UAE
2020-06-30,BR,BR: Brazil,0.33398,BIS LBS: reporter-country all-currency loans/deposits liabilities to UAE
2020-06-30,CA,CA: Canada,1.426433,BIS LBS: reporter-country all-currency loans/deposits liabilities to UAE
2020-06-30,CH,CH: Switzerland,28.180496,BIS LBS: reporter-country all-currency loans/deposits liabilities to UAE
2020-06-30,CL,CL: Chile,-0.026952,BIS LBS: reporter-country all-currency loans/deposits liabilities to UAE
2020-06-30,DK,DK: Denmark,3.018042,BIS LBS: reporter-country all-currency loans/deposits liabilities to UAE
2020-06-30,ES,ES: Spain,1.3140939999999999,BIS LBS: reporter-country all-currency loans/deposits liabilities to UAE
2020-06-30,FI,FI: Finland,0.187602,BIS LBS: reporter-country all-currency loans/deposits liabilities to UAE
2020-06-30,FR,FR: France,24.008302,BIS LBS: reporter-country all-currency loans/deposits liabilities to UAE
2020-06-30,GB,GB: United Kingdom,60.694866999999995,BIS LBS: reporter-country all-currency loans/deposits liabilities to UAE
2020-06-30,GG,GG: Guernsey,0.718488,BIS LBS: reporter-country all-currency loans/deposits liabilities to UAE
2020-06-30,HK,HK: Hong Kong SAR,9.243529,BIS LBS: reporter-country all-currency loans/deposits liabilities to UAE
2020-06-30,IE,IE: Ireland,0.26784399999999997,BIS LBS: reporter-country all-currency loans/deposits liabilities to UAE
2020-06-30,IM,IM: Isle of Man,2.256955,BIS LBS: reporter-country all-currency loans/deposits liabilities to UAE
2020-06-30,IT,IT: Italy,1.1002359999999998,BIS LBS: reporter-country all-currency loans/deposits liabilities to UAE
2020-06-30,JE,JE: Jersey,8.161178,BIS LBS: reporter-country all-currency loans/deposits liabilities to UAE
2020-06-30,KR,KR: Korea,0.729825,BIS LBS: reporter-country all-currency loans/deposits liabilities to UAE
2020-06-30,LU,LU: Luxembourg,3.5610350000000004,BIS LBS: reporter-country all-currency loans/deposits liabilities to UAE
2020-06-30,MO,MO: Macao SAR,-0.30218,BIS LBS: reporter-country all-currency loans/deposits liabilities to UAE
2020-06-30,MX,MX: Mexico,4.205151,BIS LBS: reporter-country all-currency loans/deposits liabilities to UAE
2020-06-30,NL,NL: Netherlands,2.291938,BIS LBS: reporter-country all-currency loans/deposits liabilities to UAE
2020-06-30,PH,PH: Philippines,-0.067696,BIS LBS: reporter-country all-currency loans/deposits liabilities to UAE
2020-06-30,SE,SE: Sweden,1.672067,BIS LBS: reporter-country all-currency loans/deposits liabilities to UAE
2020-06-30,TW,TW: Chinese Taipei,3.9179150000000003,BIS LBS: reporter-country all-currency loans/deposits liabilities to UAE
2020-06-30,US,US: United States,23.422788,BIS LBS: reporter-country all-currency loans/deposits liabilities to UAE
2020-06-30,ZA,ZA: South Africa,0.263067,BIS LBS: reporter-country all-currency loans/deposits liabilities to UAE
2020-09-30,AT,AT: Austria,1.537433,BIS LBS: reporter-country all-currency loans/deposits liabilities to UAE
2020-09-30,AU,AU: Australia,1.908626,BIS LBS: reporter-country all-currency loans/deposits liabilities to UAE
2020-09-30,BE,BE: Belgium,8.192879,BIS LBS: reporter-country all-currency loans/deposits liabilities to UAE
2020-09-30,BR,BR: Brazil,-0.23397,BIS LBS: reporter-country all-currency loans/deposits liabilities to UAE
2020-09-30,CA,CA: Canada,1.209661,BIS LBS: reporter-country all-currency loans/deposits liabilities to UAE
2020-09-30,CH,CH: Switzerland,30.737961000000002,BIS LBS: reporter-country all-currency loans/deposits liabilities to UAE
2020-09-30,CL,CL: Chile,-0.060582,BIS LBS: reporter-country all-currency loans/deposits liabilities to UAE
2020-09-30,DK,DK: Denmark,1.624315,BIS LBS: reporter-country all-currency loans/deposits liabilities to UAE
2020-09-30,ES,ES: Spain,1.1404990000000002,BIS LBS: reporter-country all-currency loans/deposits liabilities to UAE
2020-09-30,FI,FI: Finland,0.267616,BIS LBS: reporter-country all-currency loans/deposits liabilities to UAE
2020-09-30,FR,FR: France,13.510184,BIS LBS: reporter-country all-currency loans/deposits liabilities to UAE
2020-09-30,GB,GB: United Kingdom,68.117214,BIS LBS: reporter-country all-currency loans/deposits liabilities to UAE
2020-09-30,GG,GG: Guernsey,1.0955159999999997,BIS LBS: reporter-country all-currency loans/deposits liabilities to UAE
2020-09-30,HK,HK: Hong Kong SAR,12.959951,BIS LBS: reporter-country all-currency loans/deposits liabilities to UAE
2020-09-30,IE,IE: Ireland,1.176501,BIS LBS: reporter-country all-currency loans/deposits liabilities to UAE
2020-09-30,IM,IM: Isle of Man,2.1915750000000003,BIS LBS: reporter-country all-currency loans/deposits liabilities to UAE
2020-09-30,IT,IT: Italy,0.803517,BIS LBS: reporter-country all-currency loans/deposits liabilities to UAE
2020-09-30,JE,JE: Jersey,7.705363999999999,BIS LBS: reporter-country all-currency loans/deposits liabilities to UAE
2020-09-30,KR,KR: Korea,0.453132,BIS LBS: reporter-country all-currency loans/deposits liabilities to UAE
2020-09-30,LU,LU: Luxembourg,2.171433,BIS LBS: reporter-country all-currency loans/deposits liabilities to UAE
2020-09-30,MO,MO: Macao SAR,0.1755279999999998,BIS LBS: reporter-country all-currency loans/deposits liabilities to UAE
2020-09-30,MX,MX: Mexico,-0.0061259999999999995,BIS LBS: reporter-country all-currency loans/deposits liabilities to UAE
2020-09-30,NL,NL: Netherlands,3.106601,BIS LBS: reporter-country all-currency loans/deposits liabilities to UAE
2020-09-30,PH,PH: Philippines,0.103878,BIS LBS: reporter-country all-currency loans/deposits liabilities to UAE
2020-09-30,SE,SE: Sweden,-1.481514,BIS LBS: reporter-country all-currency loans/deposits liabilities to UAE
2020-09-30,TW,TW: Chinese Taipei,1.5169759999999999,BIS LBS: reporter-country all-currency loans/deposits liabilities to UAE
2020-09-30,US,US: United States,44.178501,BIS LBS: reporter-country all-currency loans/deposits liabilities to UAE
2020-09-30,ZA,ZA: South Africa,0.6314,BIS LBS: reporter-country all-currency loans/deposits liabilities to UAE
2020-12-31,AT,AT: Austria,2.177365,BIS LBS: reporter-country all-currency loans/deposits liabilities to UAE
2020-12-31,AU,AU: Australia,0.15683899999999995,BIS LBS: reporter-country all-currency loans/deposits liabilities to UAE
2020-12-31,BE,BE: Belgium,10.55897,BIS LBS: reporter-country all-currency loans/deposits liabilities to UAE
2020-12-31,BR,BR: Brazil,-0.02456,BIS LBS: reporter-country all-currency loans/deposits liabilities to UAE
2020-12-31,CA,CA: Canada,1.140142,BIS LBS: reporter-country all-currency loans/deposits liabilities to UAE
2020-12-31,CH,CH: Switzerland,33.402057,BIS LBS: reporter-country all-currency loans/deposits liabilities to UAE
2020-12-31,CL,CL: Chile,-0.055256,BIS LBS: reporter-country all-currency loans/deposits liabilities to UAE
2020-12-31,DK,DK: Denmark,2.152189,BIS LBS: reporter-country all-currency loans/deposits liabilities to UAE
2020-12-31,ES,ES: Spain,1.565642,BIS LBS: reporter-country all-currency loans/deposits liabilities to UAE
2020-12-31,FI,FI: Finland,0.106514,BIS LBS: reporter-country all-currency loans/deposits liabilities to UAE
2020-12-31,FR,FR: France,18.709992,BIS LBS: reporter-country all-currency loans/deposits liabilities to UAE
2020-12-31,GB,GB: United Kingdom,70.947168,BIS LBS: reporter-country all-currency loans/deposits liabilities to UAE
2020-12-31,GG,GG: Guernsey,1.018188,BIS LBS: reporter-country all-currency loans/deposits liabilities to UAE
2020-12-31,HK,HK: Hong Kong SAR,9.547279,BIS LBS: reporter-country all-currency loans/deposits liabilities to UAE
2020-12-31,IE,IE: Ireland,-0.217195,BIS LBS: reporter-country all-currency loans/deposits liabilities to UAE
2020-12-31,IM,IM: Isle of Man,2.172331,BIS LBS: reporter-country all-currency loans/deposits liabilities to UAE
2020-12-31,IT,IT: Italy,1.0424319999999998,BIS LBS: reporter-country all-currency loans/deposits liabilities to UAE
2020-12-31,JE,JE: Jersey,6.975878,BIS LBS: reporter-country all-currency loans/deposits liabilities to UAE
2020-12-31,KR,KR: Korea,0.315921,BIS LBS: reporter-country all-currency loans/deposits liabilities to UAE
2020-12-31,LU,LU: Luxembourg,3.0663489999999998,BIS LBS: reporter-country all-currency loans/deposits liabilities to UAE
2020-12-31,MO,MO: Macao SAR,0.24096599999999999,BIS LBS: reporter-country all-currency loans/deposits liabilities to UAE
2020-12-31,MX,MX: Mexico,-0.08793000000000001,BIS LBS: reporter-country all-currency loans/deposits liabilities to UAE
2020-12-31,NL,NL: Netherlands,2.214544,BIS LBS: reporter-country all-currency loans/deposits liabilities to UAE
2020-12-31,PH,PH: Philippines,0.149287,BIS LBS: reporter-country all-currency loans/deposits liabilities to UAE
2020-12-31,SE,SE: Sweden,0.02716099999999999,BIS LBS: reporter-country all-currency loans/deposits liabilities to UAE
2020-12-31,TW,TW: Chinese Taipei,-0.17816200000000001,BIS LBS: reporter-country all-currency loans/deposits liabilities to UAE
2020-12-31,US,US: United States,16.203834,BIS LBS: reporter-country all-currency loans/deposits liabilities to UAE
2020-12-31,ZA,ZA: South Africa,0.375828,BIS LBS: reporter-country all-currency loans/deposits liabilities to UAE
2021-03-31,AT,AT: Austria,1.9220409999999999,BIS LBS: reporter-country all-currency loans/deposits liabilities to UAE
2021-03-31,AU,AU: Australia,0.629001,BIS LBS: reporter-country all-currency loans/deposits liabilities to UAE
2021-03-31,BE,BE: Belgium,0.14253300000000013,BIS LBS: reporter-country all-currency loans/deposits liabilities to UAE
2021-03-31,BR,BR: Brazil,-0.020129999999999995,BIS LBS: reporter-country all-currency loans/deposits liabilities to UAE
2021-03-31,CA,CA: Canada,3.102536,BIS LBS: reporter-country all-currency loans/deposits liabilities to UAE
2021-03-31,CH,CH: Switzerland,37.029719,BIS LBS: reporter-country all-currency loans/deposits liabilities to UAE
2021-03-31,CL,CL: Chile,-0.064976,BIS LBS: reporter-country all-currency loans/deposits liabilities to UAE
2021-03-31,DK,DK: Denmark,-0.10608099999999998,BIS LBS: reporter-country all-currency loans/deposits liabilities to UAE
2021-03-31,ES,ES: Spain,1.534303,BIS LBS: reporter-country all-currency loans/deposits liabilities to UAE
2021-03-31,FI,FI: Finland,0.024582,BIS LBS: reporter-country all-currency loans/deposits liabilities to UAE
2021-03-31,FR,FR: France,25.381752,BIS LBS: reporter-country all-currency loans/deposits liabilities to UAE
2021-03-31,GB,GB: United Kingdom,45.770043,BIS LBS: reporter-country all-currency loans/deposits liabilities to UAE
2021-03-31,GG,GG: Guernsey,1.207346,BIS LBS: reporter-country all-currency loans/deposits liabilities to UAE
2021-03-31,HK,HK: Hong Kong SAR,5.946047,BIS LBS: reporter-country all-currency loans/deposits liabilities to UAE
2021-03-31,IE,IE: Ireland,0.305102,BIS LBS: reporter-country all-currency loans/deposits liabilities to UAE
2021-03-31,IM,IM: Isle of Man,1.797398,BIS LBS: reporter-country all-currency loans/deposits liabilities to UAE
2021-03-31,IT,IT: Italy,0.7529520000000001,BIS LBS: reporter-country all-currency loans/deposits liabilities to UAE
2021-03-31,JE,JE: Jersey,7.429074,BIS LBS: reporter-country all-currency loans/deposits liabilities to UAE
2021-03-31,KR,KR: Korea,0.304965,BIS LBS: reporter-country all-currency loans/deposits liabilities to UAE
2021-03-31,LU,LU: Luxembourg,3.307822,BIS LBS: reporter-country all-currency loans/deposits liabilities to UAE
2021-03-31,MO,MO: Macao SAR,2.997898,BIS LBS: reporter-country all-currency loans/deposits liabilities to UAE
2021-03-31,MX,MX: Mexico,-0.095429,BIS LBS: reporter-country all-currency loans/deposits liabilities to UAE
2021-03-31,NL,NL: Netherlands,3.667339,BIS LBS: reporter-country all-currency loans/deposits liabilities to UAE
2021-03-31,PH,PH: Philippines,0.178477,BIS LBS: reporter-country all-currency loans/deposits liabilities to UAE
2021-03-31,SE,SE: Sweden,0.241356,BIS LBS: reporter-country all-currency loans/deposits liabilities to UAE
2021-03-31,TW,TW: Chinese Taipei,0.862521,BIS LBS: reporter-country all-currency loans/deposits liabilities to UAE
2021-03-31,US,US: United States,25.235084999999998,BIS LBS: reporter-country all-currency loans/deposits liabilities to UAE
2021-03-31,ZA,ZA: South Africa,0.11630500000000002,BIS LBS: reporter-country all-currency loans/deposits liabilities to UAE
2021-06-30,AT,AT: Austria,2.222193,BIS LBS: reporter-country all-currency loans/deposits liabilities to UAE
2021-06-30,AU,AU: Australia,0.418064,BIS LBS: reporter-country all-currency loans/deposits liabilities to UAE
2021-06-30,BE,BE: Belgium,7.812318,BIS LBS: reporter-country all-currency loans/deposits liabilities to UAE
2021-06-30,BR,BR: Brazil,0.7852480000000001,BIS LBS: reporter-country all-currency loans/deposits liabilities to UAE
2021-06-30,CA,CA: Canada,1.599178,BIS LBS: reporter-country all-currency loans/deposits liabilities to UAE
2021-06-30,CH,CH: Switzerland,36.174674,BIS LBS: reporter-country all-currency loans/deposits liabilities to UAE
2021-06-30,CL,CL: Chile,-0.037082000000000004,BIS LBS: reporter-country all-currency loans/deposits liabilities to UAE
2021-06-30,DK,DK: Denmark,3.33073,BIS LBS: reporter-country all-currency loans/deposits liabilities to UAE
2021-06-30,ES,ES: Spain,1.536486,BIS LBS: reporter-country all-currency loans/deposits liabilities to UAE
2021-06-30,FI,FI: Finland,0.07985999999999979,BIS LBS: reporter-country all-currency loans/deposits liabilities to UAE
2021-06-30,FR,FR: France,24.765635,BIS LBS: reporter-country all-currency loans/deposits liabilities to UAE
2021-06-30,GB,GB: United Kingdom,74.731026,BIS LBS: reporter-country all-currency loans/deposits liabilities to UAE
2021-06-30,GG,GG: Guernsey,0.906276,BIS LBS: reporter-country all-currency loans/deposits liabilities to UAE
2021-06-30,HK,HK: Hong Kong SAR,9.317295,BIS LBS: reporter-country all-currency loans/deposits liabilities to UAE
2021-06-30,IE,IE: Ireland,0.921243,BIS LBS: reporter-country all-currency loans/deposits liabilities to UAE
2021-06-30,IM,IM: Isle of Man,1.610607,BIS LBS: reporter-country all-currency loans/deposits liabilities to UAE
2021-06-30,IT,IT: Italy,0.754069,BIS LBS: reporter-country all-currency loans/deposits liabilities to UAE
2021-06-30,JE,JE: Jersey,5.600398,BIS LBS: reporter-country all-currency loans/deposits liabilities to UAE
2021-06-30,KR,KR: Korea,-0.166961,BIS LBS: reporter-country all-currency loans/deposits liabilities to UAE
2021-06-30,LU,LU: Luxembourg,3.6666929999999995,BIS LBS: reporter-country all-currency loans/deposits liabilities to UAE
2021-06-30,MO,MO: Macao SAR,160.778232,BIS LBS: reporter-country all-currency loans/deposits liabilities to UAE
2021-06-30,MX,MX: Mexico,-0.100242,BIS LBS: reporter-country all-currency loans/deposits liabilities to UAE
2021-06-30,NL,NL: Netherlands,4.138854,BIS LBS: reporter-country all-currency loans/deposits liabilities to UAE
2021-06-30,PH,PH: Philippines,0.044584,BIS LBS: reporter-country all-currency loans/deposits liabilities to UAE
2021-06-30,SE,SE: Sweden,-0.073028,BIS LBS: reporter-country all-currency loans/deposits liabilities to UAE
2021-06-30,TW,TW: Chinese Taipei,0.07338,BIS LBS: reporter-country all-currency loans/deposits liabilities to UAE
2021-06-30,US,US: United States,33.38264,BIS LBS: reporter-country all-currency loans/deposits liabilities to UAE
2021-06-30,ZA,ZA: South Africa,0.42668700000000004,BIS LBS: reporter-country all-currency loans/deposits liabilities to UAE
2021-09-30,AT,AT: Austria,4.46781,BIS LBS: reporter-country all-currency loans/deposits liabilities to UAE
2021-09-30,AU,AU: Australia,0.68711,BIS LBS: reporter-country all-currency loans/deposits liabilities to UAE
2021-09-30,BE,BE: Belgium,9.944991,BIS LBS: reporter-country all-currency loans/deposits liabilities to UAE
2021-09-30,BR,BR: Brazil,0.573688,BIS LBS: reporter-country all-currency loans/deposits liabilities to UAE
2021-09-30,CA,CA: Canada,1.176578,BIS LBS: reporter-country all-currency loans/deposits liabilities to UAE
2021-09-30,CH,CH: Switzerland,36.029105,BIS LBS: reporter-country all-currency loans/deposits liabilities to UAE
2021-09-30,CL,CL: Chile,-0.07474700000000001,BIS LBS: reporter-country all-currency loans/deposits liabilities to UAE
2021-09-30,ES,ES: Spain,1.811546,BIS LBS: reporter-country all-currency loans/deposits liabilities to UAE
2021-09-30,FI,FI: Finland,0.036968,BIS LBS: reporter-country all-currency loans/deposits liabilities to UAE
2021-09-30,FR,FR: France,16.420104,BIS LBS: reporter-country all-currency loans/deposits liabilities to UAE
2021-09-30,GB,GB: United Kingdom,56.296253,BIS LBS: reporter-country all-currency loans/deposits liabilities to UAE
2021-09-30,GG,GG: Guernsey,0.954854,BIS LBS: reporter-country all-currency loans/deposits liabilities to UAE
2021-09-30,HK,HK: Hong Kong SAR,7.058333999999999,BIS LBS: reporter-country all-currency loans/deposits liabilities to UAE
2021-09-30,IE,IE: Ireland,0.09378900000000001,BIS LBS: reporter-country all-currency loans/deposits liabilities to UAE
2021-09-30,IM,IM: Isle of Man,1.7379890000000002,BIS LBS: reporter-country all-currency loans/deposits liabilities to UAE
2021-09-30,IT,IT: Italy,1.135826,BIS LBS: reporter-country all-currency loans/deposits liabilities to UAE
2021-09-30,JE,JE: Jersey,5.944539,BIS LBS: reporter-country all-currency loans/deposits liabilities to UAE
2021-09-30,KR,KR: Korea,0.312248,BIS LBS: reporter-country all-currency loans/deposits liabilities to UAE
2021-09-30,LU,LU: Luxembourg,3.97797,BIS LBS: reporter-country all-currency loans/deposits liabilities to UAE
2021-09-30,MO,MO: Macao SAR,54.127088,BIS LBS: reporter-country all-currency loans/deposits liabilities to UAE
2021-09-30,MX,MX: Mexico,-0.100008,BIS LBS: reporter-country all-currency loans/deposits liabilities to UAE
2021-09-30,NL,NL: Netherlands,2.50547,BIS LBS: reporter-country all-currency loans/deposits liabilities to UAE
2021-09-30,PH,PH: Philippines,0.099354,BIS LBS: reporter-country all-currency loans/deposits liabilities to UAE
2021-09-30,SE,SE: Sweden,0.388729,BIS LBS: reporter-country all-currency loans/deposits liabilities to UAE
2021-09-30,TW,TW: Chinese Taipei,0.403961,BIS LBS: reporter-country all-currency loans/deposits liabilities to UAE
2021-09-30,US,US: United States,34.321483,BIS LBS: reporter-country all-currency loans/deposits liabilities to UAE
2021-09-30,ZA,ZA: South Africa,0.06323000000000001,BIS LBS: reporter-country all-currency loans/deposits liabilities to UAE
2021-12-31,AT,AT: Austria,2.961018,BIS LBS: reporter-country all-currency loans/deposits liabilities to UAE
2021-12-31,AU,AU: Australia,0.565005,BIS LBS: reporter-country all-currency loans/deposits liabilities to UAE
2021-12-31,BE,BE: Belgium,7.444571,BIS LBS: reporter-country all-currency loans/deposits liabilities to UAE
2021-12-31,BR,BR: Brazil,-0.16049200000000002,BIS LBS: reporter-country all-currency loans/deposits liabilities to UAE
2021-12-31,CA,CA: Canada,3.1385469999999995,BIS LBS: reporter-country all-currency loans/deposits liabilities to UAE
2021-12-31,CH,CH: Switzerland,36.363232,BIS LBS: reporter-country all-currency loans/deposits liabilities to UAE
2021-12-31,CL,CL: Chile,-0.047298,BIS LBS: reporter-country all-currency loans/deposits liabilities to UAE
2021-12-31,DK,DK: Denmark,1.921318,BIS LBS: reporter-country all-currency loans/deposits liabilities to UAE
2021-12-31,ES,ES: Spain,0.5459520000000001,BIS LBS: reporter-country all-currency loans/deposits liabilities to UAE
2021-12-31,FI,FI: Finland,-0.046537999999999996,BIS LBS: reporter-country all-currency loans/deposits liabilities to UAE
2021-12-31,FR,FR: France,21.63019,BIS LBS: reporter-country all-currency loans/deposits liabilities to UAE
2021-12-31,GB,GB: United Kingdom,45.004163,BIS LBS: reporter-country all-currency loans/deposits liabilities to UAE
2021-12-31,GG,GG: Guernsey,0.12315000000000004,BIS LBS: reporter-country all-currency loans/deposits liabilities to UAE
2021-12-31,HK,HK: Hong Kong SAR,5.4422440000000005,BIS LBS: reporter-country all-currency loans/deposits liabilities to UAE
2021-12-31,IE,IE: Ireland,1.5461589999999998,BIS LBS: reporter-country all-currency loans/deposits liabilities to UAE
2021-12-31,IM,IM: Isle of Man,1.7846090000000001,BIS LBS: reporter-country all-currency loans/deposits liabilities to UAE
2021-12-31,IT,IT: Italy,0.803741,BIS LBS: reporter-country all-currency loans/deposits liabilities to UAE
2021-12-31,JE,JE: Jersey,10.41483,BIS LBS: reporter-country all-currency loans/deposits liabilities to UAE
2021-12-31,KR,KR: Korea,-0.07774400000000002,BIS LBS: reporter-country all-currency loans/deposits liabilities to UAE
2021-12-31,LU,LU: Luxembourg,3.162865,BIS LBS: reporter-country all-currency loans/deposits liabilities to UAE
2021-12-31,MO,MO: Macao SAR,3.0392879999999995,BIS LBS: reporter-country all-currency loans/deposits liabilities to UAE
2021-12-31,MX,MX: Mexico,4.4e-05,BIS LBS: reporter-country all-currency loans/deposits liabilities to UAE
2021-12-31,NL,NL: Netherlands,3.201508,BIS LBS: reporter-country all-currency loans/deposits liabilities to UAE
2021-12-31,PH,PH: Philippines,0.11808899999999989,BIS LBS: reporter-country all-currency loans/deposits liabilities to UAE
2021-12-31,SE,SE: Sweden,0.1498249999999999,BIS LBS: reporter-country all-currency loans/deposits liabilities to UAE
2021-12-31,TW,TW: Chinese Taipei,-0.04433699999999999,BIS LBS: reporter-country all-currency loans/deposits liabilities to UAE
2021-12-31,US,US: United States,42.75061,BIS LBS: reporter-country all-currency loans/deposits liabilities to UAE
2021-12-31,ZA,ZA: South Africa,-0.0010599999999999984,BIS LBS: reporter-country all-currency loans/deposits liabilities to UAE
2022-03-31,AT,AT: Austria,4.5020679999999995,BIS LBS: reporter-country all-currency loans/deposits liabilities to UAE
2022-03-31,AU,AU: Australia,0.629087,BIS LBS: reporter-country all-currency loans/deposits liabilities to UAE
2022-03-31,BE,BE: Belgium,10.455568,BIS LBS: reporter-country all-currency loans/deposits liabilities to UAE
2022-03-31,BR,BR: Brazil,0.128661,BIS LBS: reporter-country all-currency loans/deposits liabilities to UAE
2022-03-31,CA,CA: Canada,2.277003,BIS LBS: reporter-country all-currency loans/deposits liabilities to UAE
2022-03-31,CH,CH: Switzerland,44.007422,BIS LBS: reporter-country all-currency loans/deposits liabilities to UAE
2022-03-31,CL,CL: Chile,0.732406,BIS LBS: reporter-country all-currency loans/deposits liabilities to UAE
2022-03-31,DK,DK: Denmark,0.13089799999999996,BIS LBS: reporter-country all-currency loans/deposits liabilities to UAE
2022-03-31,ES,ES: Spain,1.627134,BIS LBS: reporter-country all-currency loans/deposits liabilities to UAE
2022-03-31,FI,FI: Finland,0.227074,BIS LBS: reporter-country all-currency loans/deposits liabilities to UAE
2022-03-31,FR,FR: France,15.152423,BIS LBS: reporter-country all-currency loans/deposits liabilities to UAE
2022-03-31,GB,GB: United Kingdom,59.19451,BIS LBS: reporter-country all-currency loans/deposits liabilities to UAE
2022-03-31,GG,GG: Guernsey,0.278482,BIS LBS: reporter-country all-currency loans/deposits liabilities to UAE
2022-03-31,HK,HK: Hong Kong SAR,4.824634,BIS LBS: reporter-country all-currency loans/deposits liabilities to UAE
2022-03-31,IE,IE: Ireland,0.9352860000000001,BIS LBS: reporter-country all-currency loans/deposits liabilities to UAE
2022-03-31,IM,IM: Isle of Man,1.7822939999999998,BIS LBS: reporter-country all-currency loans/deposits liabilities to UAE
2022-03-31,IT,IT: Italy,0.958747,BIS LBS: reporter-country all-currency loans/deposits liabilities to UAE
2022-03-31,JE,JE: Jersey,8.216614,BIS LBS: reporter-country all-currency loans/deposits liabilities to UAE
2022-03-31,KR,KR: Korea,1.127048,BIS LBS: reporter-country all-currency loans/deposits liabilities to UAE
2022-03-31,LU,LU: Luxembourg,4.820951,BIS LBS: reporter-country all-currency loans/deposits liabilities to UAE
2022-03-31,MO,MO: Macao SAR,0.455481,BIS LBS: reporter-country all-currency loans/deposits liabilities to UAE
2022-03-31,MX,MX: Mexico,1.8999999999999998e-05,BIS LBS: reporter-country all-currency loans/deposits liabilities to UAE
2022-03-31,NL,NL: Netherlands,4.689402,BIS LBS: reporter-country all-currency loans/deposits liabilities to UAE
2022-03-31,PH,PH: Philippines,0.08454900000000001,BIS LBS: reporter-country all-currency loans/deposits liabilities to UAE
2022-03-31,SE,SE: Sweden,1.904431,BIS LBS: reporter-country all-currency loans/deposits liabilities to UAE
2022-03-31,TW,TW: Chinese Taipei,0.913856,BIS LBS: reporter-country all-currency loans/deposits liabilities to UAE
2022-03-31,US,US: United States,29.72325,BIS LBS: reporter-country all-currency loans/deposits liabilities to UAE
2022-03-31,ZA,ZA: South Africa,0.217939,BIS LBS: reporter-country all-currency loans/deposits liabilities to UAE
2022-06-30,AT,AT: Austria,4.302282999999999,BIS LBS: reporter-country all-currency loans/deposits liabilities to UAE
2022-06-30,AU,AU: Australia,1.6038100000000002,BIS LBS: reporter-country all-currency loans/deposits liabilities to UAE
2022-06-30,BE,BE: Belgium,9.850478,BIS LBS: reporter-country all-currency loans/deposits liabilities to UAE
2022-06-30,BR,BR: Brazil,-0.099662,BIS LBS: reporter-country all-currency loans/deposits liabilities to UAE
2022-06-30,CA,CA: Canada,2.5525130000000003,BIS LBS: reporter-country all-currency loans/deposits liabilities to UAE
2022-06-30,CH,CH: Switzerland,28.813398,BIS LBS: reporter-country all-currency loans/deposits liabilities to UAE
2022-06-30,CL,CL: Chile,0.15335200000000002,BIS LBS: reporter-country all-currency loans/deposits liabilities to UAE
2022-06-30,DK,DK: Denmark,1.5416720000000002,BIS LBS: reporter-country all-currency loans/deposits liabilities to UAE
2022-06-30,ES,ES: Spain,0.9994,BIS LBS: reporter-country all-currency loans/deposits liabilities to UAE
2022-06-30,FI,FI: Finland,0.155019,BIS LBS: reporter-country all-currency loans/deposits liabilities to UAE
2022-06-30,FR,FR: France,12.486597,BIS LBS: reporter-country all-currency loans/deposits liabilities to UAE
2022-06-30,GB,GB: United Kingdom,63.242864000000004,BIS LBS: reporter-country all-currency loans/deposits liabilities to UAE
2022-06-30,GG,GG: Guernsey,0.45256399999999997,BIS LBS: reporter-country all-currency loans/deposits liabilities to UAE
2022-06-30,HK,HK: Hong Kong SAR,9.231545,BIS LBS: reporter-country all-currency loans/deposits liabilities to UAE
2022-06-30,IE,IE: Ireland,0.665184,BIS LBS: reporter-country all-currency loans/deposits liabilities to UAE
2022-06-30,IM,IM: Isle of Man,1.794606,BIS LBS: reporter-country all-currency loans/deposits liabilities to UAE
2022-06-30,IT,IT: Italy,0.9024100000000002,BIS LBS: reporter-country all-currency loans/deposits liabilities to UAE
2022-06-30,JE,JE: Jersey,10.576827999999999,BIS LBS: reporter-country all-currency loans/deposits liabilities to UAE
2022-06-30,KR,KR: Korea,-0.074563,BIS LBS: reporter-country all-currency loans/deposits liabilities to UAE
2022-06-30,LU,LU: Luxembourg,4.779351,BIS LBS: reporter-country all-currency loans/deposits liabilities to UAE
2022-06-30,MO,MO: Macao SAR,0.394775,BIS LBS: reporter-country all-currency loans/deposits liabilities to UAE
2022-06-30,MX,MX: Mexico,1.7e-05,BIS LBS: reporter-country all-currency loans/deposits liabilities to UAE
2022-06-30,NL,NL: Netherlands,10.440952,BIS LBS: reporter-country all-currency loans/deposits liabilities to UAE
2022-06-30,PH,PH: Philippines,0.206318,BIS LBS: reporter-country all-currency loans/deposits liabilities to UAE
2022-06-30,SE,SE: Sweden,4.60586,BIS LBS: reporter-country all-currency loans/deposits liabilities to UAE
2022-06-30,TW,TW: Chinese Taipei,0.476344,BIS LBS: reporter-country all-currency loans/deposits liabilities to UAE
2022-06-30,US,US: United States,53.174051000000006,BIS LBS: reporter-country all-currency loans/deposits liabilities to UAE
2022-06-30,ZA,ZA: South Africa,0.302573,BIS LBS: reporter-country all-currency loans/deposits liabilities to UAE
2022-09-30,AT,AT: Austria,2.436287,BIS LBS: reporter-country all-currency loans/deposits liabilities to UAE
2022-09-30,AU,AU: Australia,1.683068,BIS LBS: reporter-country all-currency loans/deposits liabilities to UAE
2022-09-30,BE,BE: Belgium,7.643554,BIS LBS: reporter-country all-currency loans/deposits liabilities to UAE
2022-09-30,BR,BR: Brazil,0.093445,BIS LBS: reporter-country all-currency loans/deposits liabilities to UAE
2022-09-30,CA,CA: Canada,0.784945,BIS LBS: reporter-country all-currency loans/deposits liabilities to UAE
2022-09-30,CH,CH: Switzerland,26.552639,BIS LBS: reporter-country all-currency loans/deposits liabilities to UAE
2022-09-30,CL,CL: Chile,0.25109200000000004,BIS LBS: reporter-country all-currency loans/deposits liabilities to UAE
2022-09-30,DK,DK: Denmark,2.404163,BIS LBS: reporter-country all-currency loans/deposits liabilities to UAE
2022-09-30,ES,ES: Spain,1.018237,BIS LBS: reporter-country all-currency loans/deposits liabilities to UAE
2022-09-30,FI,FI: Finland,0.102714,BIS LBS: reporter-country all-currency loans/deposits liabilities to UAE
2022-09-30,FR,FR: France,14.575676999999999,BIS LBS: reporter-country all-currency loans/deposits liabilities to UAE
2022-09-30,GB,GB: United Kingdom,71.886909,BIS LBS: reporter-country all-currency loans/deposits liabilities to UAE
2022-09-30,GG,GG: Guernsey,0.219716,BIS LBS: reporter-country all-currency loans/deposits liabilities to UAE
2022-09-30,HK,HK: Hong Kong SAR,3.815912,BIS LBS: reporter-country all-currency loans/deposits liabilities to UAE
2022-09-30,IE,IE: Ireland,-0.16239399999999998,BIS LBS: reporter-country all-currency loans/deposits liabilities to UAE
2022-09-30,IM,IM: Isle of Man,2.297789,BIS LBS: reporter-country all-currency loans/deposits liabilities to UAE
2022-09-30,IT,IT: Italy,0.71076,BIS LBS: reporter-country all-currency loans/deposits liabilities to UAE
2022-09-30,JE,JE: Jersey,8.373695999999999,BIS LBS: reporter-country all-currency loans/deposits liabilities to UAE
2022-09-30,KR,KR: Korea,1.515355,BIS LBS: reporter-country all-currency loans/deposits liabilities to UAE
2022-09-30,LU,LU: Luxembourg,3.4467809999999997,BIS LBS: reporter-country all-currency loans/deposits liabilities to UAE
2022-09-30,MO,MO: Macao SAR,-0.217536,BIS LBS: reporter-country all-currency loans/deposits liabilities to UAE
2022-09-30,MX,MX: Mexico,1.5e-05,BIS LBS: reporter-country all-currency loans/deposits liabilities to UAE
2022-09-30,NL,NL: Netherlands,5.3198799999999995,BIS LBS: reporter-country all-currency loans/deposits liabilities to UAE
2022-09-30,PH,PH: Philippines,0.158741,BIS LBS: reporter-country all-currency loans/deposits liabilities to UAE
2022-09-30,SE,SE: Sweden,0.7447170000000001,BIS LBS: reporter-country all-currency loans/deposits liabilities to UAE
2022-09-30,TW,TW: Chinese Taipei,0.5716209999999999,BIS LBS: reporter-country all-currency loans/deposits liabilities to UAE
2022-09-30,US,US: United States,84.507631,BIS LBS: reporter-country all-currency loans/deposits liabilities to UAE
2022-09-30,ZA,ZA: South Africa,0.196788,BIS LBS: reporter-country all-currency loans/deposits liabilities to UAE
2022-12-31,AT,AT: Austria,3.2142049999999998,BIS LBS: reporter-country all-currency loans/deposits liabilities to UAE
2022-12-31,AU,AU: Australia,1.012797,BIS LBS: reporter-country all-currency loans/deposits liabilities to UAE
2022-12-31,BE,BE: Belgium,4.657318,BIS LBS: reporter-country all-currency loans/deposits liabilities to UAE
2022-12-31,BR,BR: Brazil,-0.21667599999999998,BIS LBS: reporter-country all-currency loans/deposits liabilities to UAE
2022-12-31,CA,CA: Canada,-0.020907000000000134,BIS LBS: reporter-country all-currency loans/deposits liabilities to UAE
2022-12-31,CH,CH: Switzerland,19.310726000000003,BIS LBS: reporter-country all-currency loans/deposits liabilities to UAE
2022-12-31,CL,CL: Chile,0.24568600000000002,BIS LBS: reporter-country all-currency loans/deposits liabilities to UAE
2022-12-31,DK,DK: Denmark,0.34130499999999997,BIS LBS: reporter-country all-currency loans/deposits liabilities to UAE
2022-12-31,ES,ES: Spain,2.0870620000000004,BIS LBS: reporter-country all-currency loans/deposits liabilities to UAE
2022-12-31,FI,FI: Finland,0.090248,BIS LBS: reporter-country all-currency loans/deposits liabilities to UAE
2022-12-31,FR,FR: France,15.508529,BIS LBS: reporter-country all-currency loans/deposits liabilities to UAE
2022-12-31,GB,GB: United Kingdom,65.810972,BIS LBS: reporter-country all-currency loans/deposits liabilities to UAE
2022-12-31,GG,GG: Guernsey,0.413316,BIS LBS: reporter-country all-currency loans/deposits liabilities to UAE
2022-12-31,HK,HK: Hong Kong SAR,8.376569,BIS LBS: reporter-country all-currency loans/deposits liabilities to UAE
2022-12-31,IE,IE: Ireland,0.143373,BIS LBS: reporter-country all-currency loans/deposits liabilities to UAE
2022-12-31,IM,IM: Isle of Man,2.167091,BIS LBS: reporter-country all-currency loans/deposits liabilities to UAE
2022-12-31,IT,IT: Italy,0.9624809999999999,BIS LBS: reporter-country all-currency loans/deposits liabilities to UAE
2022-12-31,JE,JE: Jersey,7.884598,BIS LBS: reporter-country all-currency loans/deposits liabilities to UAE
2022-12-31,KR,KR: Korea,0.785002,BIS LBS: reporter-country all-currency loans/deposits liabilities to UAE
2022-12-31,LU,LU: Luxembourg,4.409237,BIS LBS: reporter-country all-currency loans/deposits liabilities to UAE
2022-12-31,MO,MO: Macao SAR,1.755663,BIS LBS: reporter-country all-currency loans/deposits liabilities to UAE
2022-12-31,MX,MX: Mexico,0.45001800000000003,BIS LBS: reporter-country all-currency loans/deposits liabilities to UAE
2022-12-31,NL,NL: Netherlands,5.156737,BIS LBS: reporter-country all-currency loans/deposits liabilities to UAE
2022-12-31,PH,PH: Philippines,0.11233099999999999,BIS LBS: reporter-country all-currency loans/deposits liabilities to UAE
2022-12-31,SE,SE: Sweden,1.431467,BIS LBS: reporter-country all-currency loans/deposits liabilities to UAE
2022-12-31,TW,TW: Chinese Taipei,0.146764,BIS LBS: reporter-country all-currency loans/deposits liabilities to UAE
2022-12-31,US,US: United States,44.79132,BIS LBS: reporter-country all-currency loans/deposits liabilities to UAE
2022-12-31,ZA,ZA: South Africa,0.320295,BIS LBS: reporter-country all-currency loans/deposits liabilities to UAE
2023-03-31,AT,AT: Austria,3.64956,BIS LBS: reporter-country all-currency loans/deposits liabilities to UAE
2023-03-31,AU,AU: Australia,2.088683,BIS LBS: reporter-country all-currency loans/deposits liabilities to UAE
2023-03-31,BE,BE: Belgium,2.9770399999999997,BIS LBS: reporter-country all-currency loans/deposits liabilities to UAE
2023-03-31,BR,BR: Brazil,0.6141059999999999,BIS LBS: reporter-country all-currency loans/deposits liabilities to UAE
2023-03-31,CA,CA: Canada,0.590549,BIS LBS: reporter-country all-currency loans/deposits liabilities to UAE
2023-03-31,CH,CH: Switzerland,18.332624,BIS LBS: reporter-country all-currency loans/deposits liabilities to UAE
2023-03-31,CL,CL: Chile,0.060698,BIS LBS: reporter-country all-currency loans/deposits liabilities to UAE
2023-03-31,DK,DK: Denmark,1.352412,BIS LBS: reporter-country all-currency loans/deposits liabilities to UAE
2023-03-31,ES,ES: Spain,1.632126,BIS LBS: reporter-country all-currency loans/deposits liabilities to UAE
2023-03-31,FI,FI: Finland,-0.030916,BIS LBS: reporter-country all-currency loans/deposits liabilities to UAE
2023-03-31,FR,FR: France,16.041235,BIS LBS: reporter-country all-currency loans/deposits liabilities to UAE
2023-03-31,GB,GB: United Kingdom,79.803809,BIS LBS: reporter-country all-currency loans/deposits liabilities to UAE
2023-03-31,GG,GG: Guernsey,0.45246400000000003,BIS LBS: reporter-country all-currency loans/deposits liabilities to UAE
2023-03-31,HK,HK: Hong Kong SAR,5.789023,BIS LBS: reporter-country all-currency loans/deposits liabilities to UAE
2023-03-31,IE,IE: Ireland,-0.003925999999999999,BIS LBS: reporter-country all-currency loans/deposits liabilities to UAE
2023-03-31,IM,IM: Isle of Man,2.223747,BIS LBS: reporter-country all-currency loans/deposits liabilities to UAE
2023-03-31,IT,IT: Italy,0.549867,BIS LBS: reporter-country all-currency loans/deposits liabilities to UAE
2023-03-31,JE,JE: Jersey,8.87806,BIS LBS: reporter-country all-currency loans/deposits liabilities to UAE
2023-03-31,KR,KR: Korea,1.353852,BIS LBS: reporter-country all-currency loans/deposits liabilities to UAE
2023-03-31,LU,LU: Luxembourg,4.327857,BIS LBS: reporter-country all-currency loans/deposits liabilities to UAE
2023-03-31,MO,MO: Macao SAR,-0.521725,BIS LBS: reporter-country all-currency loans/deposits liabilities to UAE
2023-03-31,MX,MX: Mexico,3.307855,BIS LBS: reporter-country all-currency loans/deposits liabilities to UAE
2023-03-31,NL,NL: Netherlands,11.033353,BIS LBS: reporter-country all-currency loans/deposits liabilities to UAE
2023-03-31,PH,PH: Philippines,0.09102,BIS LBS: reporter-country all-currency loans/deposits liabilities to UAE
2023-03-31,SE,SE: Sweden,5.509745,BIS LBS: reporter-country all-currency loans/deposits liabilities to UAE
2023-03-31,TW,TW: Chinese Taipei,0.278451,BIS LBS: reporter-country all-currency loans/deposits liabilities to UAE
2023-03-31,US,US: United States,53.082485,BIS LBS: reporter-country all-currency loans/deposits liabilities to UAE
2023-03-31,ZA,ZA: South Africa,0.17721800000000001,BIS LBS: reporter-country all-currency loans/deposits liabilities to UAE
2023-06-30,AT,AT: Austria,3.154948,BIS LBS: reporter-country all-currency loans/deposits liabilities to UAE
2023-06-30,AU,AU: Australia,1.871025,BIS LBS: reporter-country all-currency loans/deposits liabilities to UAE
2023-06-30,BE,BE: Belgium,4.300528,BIS LBS: reporter-country all-currency loans/deposits liabilities to UAE
2023-06-30,BR,BR: Brazil,1.183273,BIS LBS: reporter-country all-currency loans/deposits liabilities to UAE
2023-06-30,CA,CA: Canada,0.783722,BIS LBS: reporter-country all-currency loans/deposits liabilities to UAE
2023-06-30,CH,CH: Switzerland,23.688378,BIS LBS: reporter-country all-currency loans/deposits liabilities to UAE
2023-06-30,CL,CL: Chile,0.117854,BIS LBS: reporter-country all-currency loans/deposits liabilities to UAE
2023-06-30,DK,DK: Denmark,3.036353,BIS LBS: reporter-country all-currency loans/deposits liabilities to UAE
2023-06-30,ES,ES: Spain,2.848304,BIS LBS: reporter-country all-currency loans/deposits liabilities to UAE
2023-06-30,FI,FI: Finland,0.020609000000000006,BIS LBS: reporter-country all-currency loans/deposits liabilities to UAE
2023-06-30,FR,FR: France,19.68395,BIS LBS: reporter-country all-currency loans/deposits liabilities to UAE
2023-06-30,GB,GB: United Kingdom,68.891521,BIS LBS: reporter-country all-currency loans/deposits liabilities to UAE
2023-06-30,GG,GG: Guernsey,0.36553,BIS LBS: reporter-country all-currency loans/deposits liabilities to UAE
2023-06-30,HK,HK: Hong Kong SAR,3.017265,BIS LBS: reporter-country all-currency loans/deposits liabilities to UAE
2023-06-30,IE,IE: Ireland,0.454467,BIS LBS: reporter-country all-currency loans/deposits liabilities to UAE
2023-06-30,IM,IM: Isle of Man,2.2761880000000003,BIS LBS: reporter-country all-currency loans/deposits liabilities to UAE
2023-06-30,IT,IT: Italy,0.770788,BIS LBS: reporter-country all-currency loans/deposits liabilities to UAE
2023-06-30,JE,JE: Jersey,9.800889000000002,BIS LBS: reporter-country all-currency loans/deposits liabilities to UAE
2023-06-30,KR,KR: Korea,0.869656,BIS LBS: reporter-country all-currency loans/deposits liabilities to UAE
2023-06-30,LU,LU: Luxembourg,4.6246030000000005,BIS LBS: reporter-country all-currency loans/deposits liabilities to UAE
2023-06-30,MO,MO: Macao SAR,1.43247,BIS LBS: reporter-country all-currency loans/deposits liabilities to UAE
2023-06-30,MX,MX: Mexico,0.9310740000000001,BIS LBS: reporter-country all-currency loans/deposits liabilities to UAE
2023-06-30,NL,NL: Netherlands,5.016806,BIS LBS: reporter-country all-currency loans/deposits liabilities to UAE
2023-06-30,PH,PH: Philippines,0.0670879999999999,BIS LBS: reporter-country all-currency loans/deposits liabilities to UAE
2023-06-30,SE,SE: Sweden,2.5141649999999998,BIS LBS: reporter-country all-currency loans/deposits liabilities to UAE
2023-06-30,TW,TW: Chinese Taipei,-0.142034,BIS LBS: reporter-country all-currency loans/deposits liabilities to UAE
2023-06-30,US,US: United States,35.292919,BIS LBS: reporter-country all-currency loans/deposits liabilities to UAE
2023-06-30,ZA,ZA: South Africa,0.259403,BIS LBS: reporter-country all-currency loans/deposits liabilities to UAE
2023-09-30,AT,AT: Austria,1.7844699999999998,BIS LBS: reporter-country all-currency loans/deposits liabilities to UAE
2023-09-30,AU,AU: Australia,1.204573,BIS LBS: reporter-country all-currency loans/deposits liabilities to UAE
2023-09-30,BE,BE: Belgium,5.131337,BIS LBS: reporter-country all-currency loans/deposits liabilities to UAE
2023-09-30,BR,BR: Brazil,0.13758599999999999,BIS LBS: reporter-country all-currency loans/deposits liabilities to UAE
2023-09-30,CA,CA: Canada,0.844737,BIS LBS: reporter-country all-currency loans/deposits liabilities to UAE
2023-09-30,CH,CH: Switzerland,16.192547,BIS LBS: reporter-country all-currency loans/deposits liabilities to UAE
2023-09-30,CL,CL: Chile,0.07194,BIS LBS: reporter-country all-currency loans/deposits liabilities to UAE
2023-09-30,DK,DK: Denmark,1.8837110000000001,BIS LBS: reporter-country all-currency loans/deposits liabilities to UAE
2023-09-30,ES,ES: Spain,1.178719,BIS LBS: reporter-country all-currency loans/deposits liabilities to UAE
2023-09-30,FI,FI: Finland,-0.04701399999999999,BIS LBS: reporter-country all-currency loans/deposits liabilities to UAE
2023-09-30,FR,FR: France,19.943352,BIS LBS: reporter-country all-currency loans/deposits liabilities to UAE
2023-09-30,GB,GB: United Kingdom,69.135654,BIS LBS: reporter-country all-currency loans/deposits liabilities to UAE
2023-09-30,GG,GG: Guernsey,0.45595600000000003,BIS LBS: reporter-country all-currency loans/deposits liabilities to UAE
2023-09-30,HK,HK: Hong Kong SAR,6.109596,BIS LBS: reporter-country all-currency loans/deposits liabilities to UAE
2023-09-30,IE,IE: Ireland,0.405081,BIS LBS: reporter-country all-currency loans/deposits liabilities to UAE
2023-09-30,IM,IM: Isle of Man,2.0599540000000003,BIS LBS: reporter-country all-currency loans/deposits liabilities to UAE
2023-09-30,IT,IT: Italy,0.44766700000000004,BIS LBS: reporter-country all-currency loans/deposits liabilities to UAE
2023-09-30,JE,JE: Jersey,9.552639,BIS LBS: reporter-country all-currency loans/deposits liabilities to UAE
2023-09-30,KR,KR: Korea,0.8411599999999999,BIS LBS: reporter-country all-currency loans/deposits liabilities to UAE
2023-09-30,LU,LU: Luxembourg,4.201992,BIS LBS: reporter-country all-currency loans/deposits liabilities to UAE
2023-09-30,MO,MO: Macao SAR,-0.29794400000000004,BIS LBS: reporter-country all-currency loans/deposits liabilities to UAE
2023-09-30,MX,MX: Mexico,1.3337359999999998,BIS LBS: reporter-country all-currency loans/deposits liabilities to UAE
2023-09-30,NL,NL: Netherlands,10.02535,BIS LBS: reporter-country all-currency loans/deposits liabilities to UAE
2023-09-30,PH,PH: Philippines,0.080648,BIS LBS: reporter-country all-currency loans/deposits liabilities to UAE
2023-09-30,SE,SE: Sweden,3.928256,BIS LBS: reporter-country all-currency loans/deposits liabilities to UAE
2023-09-30,TW,TW: Chinese Taipei,-0.05013899999999989,BIS LBS: reporter-country all-currency loans/deposits liabilities to UAE
2023-09-30,US,US: United States,51.482951,BIS LBS: reporter-country all-currency loans/deposits liabilities to UAE
2023-09-30,ZA,ZA: South Africa,0.625715,BIS LBS: reporter-country all-currency loans/deposits liabilities to UAE
2023-12-31,AT,AT: Austria,2.47874,BIS LBS: reporter-country all-currency loans/deposits liabilities to UAE
2023-12-31,AU,AU: Australia,0.650447,BIS LBS: reporter-country all-currency loans/deposits liabilities to UAE
2023-12-31,BE,BE: Belgium,3.6434349999999998,BIS LBS: reporter-country all-currency loans/deposits liabilities to UAE
2023-12-31,BR,BR: Brazil,-0.369232,BIS LBS: reporter-country all-currency loans/deposits liabilities to UAE
2023-12-31,CA,CA: Canada,0.979139,BIS LBS: reporter-country all-currency loans/deposits liabilities to UAE
2023-12-31,CH,CH: Switzerland,20.712211,BIS LBS: reporter-country all-currency loans/deposits liabilities to UAE
2023-12-31,CL,CL: Chile,-0.022206,BIS LBS: reporter-country all-currency loans/deposits liabilities to UAE
2023-12-31,DK,DK: Denmark,0.19437900000000008,BIS LBS: reporter-country all-currency loans/deposits liabilities to UAE
2023-12-31,ES,ES: Spain,2.9818160000000002,BIS LBS: reporter-country all-currency loans/deposits liabilities to UAE
2023-12-31,FI,FI: Finland,0.006651000000000001,BIS LBS: reporter-country all-currency loans/deposits liabilities to UAE
2023-12-31,FR,FR: France,15.96847,BIS LBS: reporter-country all-currency loans/deposits liabilities to UAE
2023-12-31,GB,GB: United Kingdom,79.74709200000001,BIS LBS: reporter-country all-currency loans/deposits liabilities to UAE
2023-12-31,GG,GG: Guernsey,0.39405199999999996,BIS LBS: reporter-country all-currency loans/deposits liabilities to UAE
2023-12-31,HK,HK: Hong Kong SAR,3.536332,BIS LBS: reporter-country all-currency loans/deposits liabilities to UAE
2023-12-31,IE,IE: Ireland,0.711502,BIS LBS: reporter-country all-currency loans/deposits liabilities to UAE
2023-12-31,IM,IM: Isle of Man,2.618126,BIS LBS: reporter-country all-currency loans/deposits liabilities to UAE
2023-12-31,IT,IT: Italy,0.606433,BIS LBS: reporter-country all-currency loans/deposits liabilities to UAE
2023-12-31,JE,JE: Jersey,8.922089,BIS LBS: reporter-country all-currency loans/deposits liabilities to UAE
2023-12-31,KR,KR: Korea,0.9690560000000001,BIS LBS: reporter-country all-currency loans/deposits liabilities to UAE
2023-12-31,LU,LU: Luxembourg,3.716634,BIS LBS: reporter-country all-currency loans/deposits liabilities to UAE
2023-12-31,MO,MO: Macao SAR,1.23732,BIS LBS: reporter-country all-currency loans/deposits liabilities to UAE
2023-12-31,MX,MX: Mexico,0.09147699999999999,BIS LBS: reporter-country all-currency loans/deposits liabilities to UAE
2023-12-31,NL,NL: Netherlands,3.9155070000000007,BIS LBS: reporter-country all-currency loans/deposits liabilities to UAE
2023-12-31,PH,PH: Philippines,0.096424,BIS LBS: reporter-country all-currency loans/deposits liabilities to UAE
2023-12-31,SE,SE: Sweden,1.2832189999999999,BIS LBS: reporter-country all-currency loans/deposits liabilities to UAE
2023-12-31,TW,TW: Chinese Taipei,-0.006858999999999997,BIS LBS: reporter-country all-currency loans/deposits liabilities to UAE
2023-12-31,US,US: United States,50.621224,BIS LBS: reporter-country all-currency loans/deposits liabilities to UAE
2023-12-31,ZA,ZA: South Africa,0.765073,BIS LBS: reporter-country all-currency loans/deposits liabilities to UAE
2024-03-31,AT,AT: Austria,2.6532530000000003,BIS LBS: reporter-country all-currency loans/deposits liabilities to UAE
2024-03-31,AU,AU: Australia,0.529988,BIS LBS: reporter-country all-currency loans/deposits liabilities to UAE
2024-03-31,BE,BE: Belgium,5.203813,BIS LBS: reporter-country all-currency loans/deposits liabilities to UAE
2024-03-31,BR,BR: Brazil,1.186418,BIS LBS: reporter-country all-currency loans/deposits liabilities to UAE
2024-03-31,CA,CA: Canada,0.949219,BIS LBS: reporter-country all-currency loans/deposits liabilities to UAE
2024-03-31,CH,CH: Switzerland,23.078694,BIS LBS: reporter-country all-currency loans/deposits liabilities to UAE
2024-03-31,CL,CL: Chile,-0.036128,BIS LBS: reporter-country all-currency loans/deposits liabilities to UAE
2024-03-31,DK,DK: Denmark,2.886287,BIS LBS: reporter-country all-currency loans/deposits liabilities to UAE
2024-03-31,ES,ES: Spain,2.5377020000000003,BIS LBS: reporter-country all-currency loans/deposits liabilities to UAE
2024-03-31,FI,FI: Finland,0.044227,BIS LBS: reporter-country all-currency loans/deposits liabilities to UAE
2024-03-31,FR,FR: France,22.220786,BIS LBS: reporter-country all-currency loans/deposits liabilities to UAE
2024-03-31,GB,GB: United Kingdom,113.714952,BIS LBS: reporter-country all-currency loans/deposits liabilities to UAE
2024-03-31,GG,GG: Guernsey,0.29437399999999997,BIS LBS: reporter-country all-currency loans/deposits liabilities to UAE
2024-03-31,HK,HK: Hong Kong SAR,5.9925060000000006,BIS LBS: reporter-country all-currency loans/deposits liabilities to UAE
2024-03-31,IE,IE: Ireland,0.491437,BIS LBS: reporter-country all-currency loans/deposits liabilities to UAE
2024-03-31,IM,IM: Isle of Man,3.060195,BIS LBS: reporter-country all-currency loans/deposits liabilities to UAE
2024-03-31,IT,IT: Italy,0.672868,BIS LBS: reporter-country all-currency loans/deposits liabilities to UAE
2024-03-31,JE,JE: Jersey,10.371322,BIS LBS: reporter-country all-currency loans/deposits liabilities to UAE
2024-03-31,KR,KR: Korea,0.382075,BIS LBS: reporter-country all-currency loans/deposits liabilities to UAE
2024-03-31,LU,LU: Luxembourg,4.8305489999999995,BIS LBS: reporter-country all-currency loans/deposits liabilities to UAE
2024-03-31,MO,MO: Macao SAR,2.562106,BIS LBS: reporter-country all-currency loans/deposits liabilities to UAE
2024-03-31,MX,MX: Mexico,-0.07307899999999999,BIS LBS: reporter-country all-currency loans/deposits liabilities to UAE
2024-03-31,NL,NL: Netherlands,6.560257,BIS LBS: reporter-country all-currency loans/deposits liabilities to UAE
2024-03-31,PH,PH: Philippines,0.119641,BIS LBS: reporter-country all-currency loans/deposits liabilities to UAE
2024-03-31,SE,SE: Sweden,1.3141249999999998,BIS LBS: reporter-country all-currency loans/deposits liabilities to UAE
2024-03-31,TW,TW: Chinese Taipei,-0.07978799999999998,BIS LBS: reporter-country all-currency loans/deposits liabilities to UAE
2024-03-31,US,US: United States,53.408472,BIS LBS: reporter-country all-currency loans/deposits liabilities to UAE
2024-03-31,ZA,ZA: South Africa,0.955867,BIS LBS: reporter-country all-currency loans/deposits liabilities to UAE
2024-06-30,AT,AT: Austria,2.9454599999999997,BIS LBS: reporter-country all-currency loans/deposits liabilities to UAE
2024-06-30,AU,AU: Australia,0.5555950000000001,BIS LBS: reporter-country all-currency loans/deposits liabilities to UAE
2024-06-30,BE,BE: Belgium,4.6090930000000006,BIS LBS: reporter-country all-currency loans/deposits liabilities to UAE
2024-06-30,BR,BR: Brazil,0.823696,BIS LBS: reporter-country all-currency loans/deposits liabilities to UAE
2024-06-30,CA,CA: Canada,1.3531259999999998,BIS LBS: reporter-country all-currency loans/deposits liabilities to UAE
2024-06-30,CH,CH: Switzerland,18.13661,BIS LBS: reporter-country all-currency loans/deposits liabilities to UAE
2024-06-30,CL,CL: Chile,-0.035676,BIS LBS: reporter-country all-currency loans/deposits liabilities to UAE
2024-06-30,DK,DK: Denmark,1.787188,BIS LBS: reporter-country all-currency loans/deposits liabilities to UAE
2024-06-30,ES,ES: Spain,2.102607,BIS LBS: reporter-country all-currency loans/deposits liabilities to UAE
2024-06-30,FI,FI: Finland,-0.004198,BIS LBS: reporter-country all-currency loans/deposits liabilities to UAE
2024-06-30,FR,FR: France,13.681526999999999,BIS LBS: reporter-country all-currency loans/deposits liabilities to UAE
2024-06-30,GB,GB: United Kingdom,84.047943,BIS LBS: reporter-country all-currency loans/deposits liabilities to UAE
2024-06-30,GG,GG: Guernsey,0.24158000000000002,BIS LBS: reporter-country all-currency loans/deposits liabilities to UAE
2024-06-30,HK,HK: Hong Kong SAR,4.216365000000001,BIS LBS: reporter-country all-currency loans/deposits liabilities to UAE
2024-06-30,IE,IE: Ireland,2.546147,BIS LBS: reporter-country all-currency loans/deposits liabilities to UAE
2024-06-30,IM,IM: Isle of Man,2.75724,BIS LBS: reporter-country all-currency loans/deposits liabilities to UAE
2024-06-30,IT,IT: Italy,0.51196,BIS LBS: reporter-country all-currency loans/deposits liabilities to UAE
2024-06-30,JE,JE: Jersey,11.384014,BIS LBS: reporter-country all-currency loans/deposits liabilities to UAE
2024-06-30,KR,KR: Korea,0.37838499999999997,BIS LBS: reporter-country all-currency loans/deposits liabilities to UAE
2024-06-30,LU,LU: Luxembourg,4.414173,BIS LBS: reporter-country all-currency loans/deposits liabilities to UAE
2024-06-30,MO,MO: Macao SAR,1.716628,BIS LBS: reporter-country all-currency loans/deposits liabilities to UAE
2024-06-30,MX,MX: Mexico,0.002522,BIS LBS: reporter-country all-currency loans/deposits liabilities to UAE
2024-06-30,NL,NL: Netherlands,6.146154000000001,BIS LBS: reporter-country all-currency loans/deposits liabilities to UAE
2024-06-30,PH,PH: Philippines,0.07138800000000001,BIS LBS: reporter-country all-currency loans/deposits liabilities to UAE
2024-06-30,SE,SE: Sweden,3.525155,BIS LBS: reporter-country all-currency loans/deposits liabilities to UAE
2024-06-30,TW,TW: Chinese Taipei,-0.0665250000000001,BIS LBS: reporter-country all-currency loans/deposits liabilities to UAE
2024-06-30,US,US: United States,39.981469000000004,BIS LBS: reporter-country all-currency loans/deposits liabilities to UAE
2024-06-30,ZA,ZA: South Africa,0.79118,BIS LBS: reporter-country all-currency loans/deposits liabilities to UAE
2024-09-30,AT,AT: Austria,2.460607,BIS LBS: reporter-country all-currency loans/deposits liabilities to UAE
2024-09-30,AU,AU: Australia,0.5633740000000002,BIS LBS: reporter-country all-currency loans/deposits liabilities to UAE
2024-09-30,BE,BE: Belgium,1.539649,BIS LBS: reporter-country all-currency loans/deposits liabilities to UAE
2024-09-30,BR,BR: Brazil,-0.7094320000000001,BIS LBS: reporter-country all-currency loans/deposits liabilities to UAE
2024-09-30,CA,CA: Canada,1.2961909999999999,BIS LBS: reporter-country all-currency loans/deposits liabilities to UAE
2024-09-30,CH,CH: Switzerland,18.777361,BIS LBS: reporter-country all-currency loans/deposits liabilities to UAE
2024-09-30,CL,CL: Chile,-0.03674,BIS LBS: reporter-country all-currency loans/deposits liabilities to UAE
2024-09-30,DK,DK: Denmark,0.11259400000000008,BIS LBS: reporter-country all-currency loans/deposits liabilities to UAE
2024-09-30,ES,ES: Spain,1.718603,BIS LBS: reporter-country all-currency loans/deposits liabilities to UAE
2024-09-30,FI,FI: Finland,0.015364999999999998,BIS LBS: reporter-country all-currency loans/deposits liabilities to UAE
2024-09-30,FR,FR: France,10.894566,BIS LBS: reporter-country all-currency loans/deposits liabilities to UAE
2024-09-30,GB,GB: United Kingdom,111.93918799999999,BIS LBS: reporter-country all-currency loans/deposits liabilities to UAE
2024-09-30,GG,GG: Guernsey,0.306184,BIS LBS: reporter-country all-currency loans/deposits liabilities to UAE
2024-09-30,HK,HK: Hong Kong SAR,7.307392,BIS LBS: reporter-country all-currency loans/deposits liabilities to UAE
2024-09-30,IE,IE: Ireland,1.481761,BIS LBS: reporter-country all-currency loans/deposits liabilities to UAE
2024-09-30,IM,IM: Isle of Man,3.482698,BIS LBS: reporter-country all-currency loans/deposits liabilities to UAE
2024-09-30,IT,IT: Italy,1.009337,BIS LBS: reporter-country all-currency loans/deposits liabilities to UAE
2024-09-30,JE,JE: Jersey,9.4055,BIS LBS: reporter-country all-currency loans/deposits liabilities to UAE
2024-09-30,KR,KR: Korea,-0.031234000000000005,BIS LBS: reporter-country all-currency loans/deposits liabilities to UAE
2024-09-30,LU,LU: Luxembourg,3.802313,BIS LBS: reporter-country all-currency loans/deposits liabilities to UAE
2024-09-30,MO,MO: Macao SAR,2.673203,BIS LBS: reporter-country all-currency loans/deposits liabilities to UAE
2024-09-30,MX,MX: Mexico,-0.021646,BIS LBS: reporter-country all-currency loans/deposits liabilities to UAE
2024-09-30,NL,NL: Netherlands,10.224931,BIS LBS: reporter-country all-currency loans/deposits liabilities to UAE
2024-09-30,PH,PH: Philippines,-0.02414,BIS LBS: reporter-country all-currency loans/deposits liabilities to UAE
2024-09-30,SE,SE: Sweden,2.321238,BIS LBS: reporter-country all-currency loans/deposits liabilities to UAE
2024-09-30,TW,TW: Chinese Taipei,0.30208100000000004,BIS LBS: reporter-country all-currency loans/deposits liabilities to UAE
2024-09-30,US,US: United States,36.578661999999994,BIS LBS: reporter-country all-currency loans/deposits liabilities to UAE
2024-09-30,ZA,ZA: South Africa,1.096867,BIS LBS: reporter-country all-currency loans/deposits liabilities to UAE
2024-12-31,AT,AT: Austria,4.037844,BIS LBS: reporter-country all-currency loans/deposits liabilities to UAE
2024-12-31,AU,AU: Australia,3.992351,BIS LBS: reporter-country all-currency loans/deposits liabilities to UAE
2024-12-31,BE,BE: Belgium,6.03998,BIS LBS: reporter-country all-currency loans/deposits liabilities to UAE
2024-12-31,BR,BR: Brazil,1.491924,BIS LBS: reporter-country all-currency loans/deposits liabilities to UAE
2024-12-31,CA,CA: Canada,1.443949,BIS LBS: reporter-country all-currency loans/deposits liabilities to UAE
2024-12-31,CH,CH: Switzerland,19.417735,BIS LBS: reporter-country all-currency loans/deposits liabilities to UAE
2024-12-31,CL,CL: Chile,-0.01781,BIS LBS: reporter-country all-currency loans/deposits liabilities to UAE
2024-12-31,DK,DK: Denmark,4.478918999999999,BIS LBS: reporter-country all-currency loans/deposits liabilities to UAE
2024-12-31,ES,ES: Spain,4.288380999999999,BIS LBS: reporter-country all-currency loans/deposits liabilities to UAE
2024-12-31,FI,FI: Finland,-0.5361319999999999,BIS LBS: reporter-country all-currency loans/deposits liabilities to UAE
2024-12-31,FR,FR: France,20.68112,BIS LBS: reporter-country all-currency loans/deposits liabilities to UAE
2024-12-31,GB,GB: United Kingdom,99.597792,BIS LBS: reporter-country all-currency loans/deposits liabilities to UAE
2024-12-31,GG,GG: Guernsey,0.516266,BIS LBS: reporter-country all-currency loans/deposits liabilities to UAE
2024-12-31,HK,HK: Hong Kong SAR,6.716074,BIS LBS: reporter-country all-currency loans/deposits liabilities to UAE
2024-12-31,IE,IE: Ireland,-0.559275,BIS LBS: reporter-country all-currency loans/deposits liabilities to UAE
2024-12-31,IM,IM: Isle of Man,2.941882,BIS LBS: reporter-country all-currency loans/deposits liabilities to UAE
2024-12-31,IT,IT: Italy,1.064323,BIS LBS: reporter-country all-currency loans/deposits liabilities to UAE
2024-12-31,JE,JE: Jersey,10.550287999999998,BIS LBS: reporter-country all-currency loans/deposits liabilities to UAE
2024-12-31,KR,KR: Korea,-0.028834000000000002,BIS LBS: reporter-country all-currency loans/deposits liabilities to UAE
2024-12-31,LU,LU: Luxembourg,4.059677000000001,BIS LBS: reporter-country all-currency loans/deposits liabilities to UAE
2024-12-31,MO,MO: Macao SAR,1.5470389999999998,BIS LBS: reporter-country all-currency loans/deposits liabilities to UAE
2024-12-31,MX,MX: Mexico,-0.015708,BIS LBS: reporter-country all-currency loans/deposits liabilities to UAE
2024-12-31,NL,NL: Netherlands,7.5963460000000005,BIS LBS: reporter-country all-currency loans/deposits liabilities to UAE
2024-12-31,PH,PH: Philippines,0.346009,BIS LBS: reporter-country all-currency loans/deposits liabilities to UAE
2024-12-31,SE,SE: Sweden,0.18645299999999998,BIS LBS: reporter-country all-currency loans/deposits liabilities to UAE
2024-12-31,TW,TW: Chinese Taipei,3.417119,BIS LBS: reporter-country all-currency loans/deposits liabilities to UAE
2024-12-31,US,US: United States,34.634775999999995,BIS LBS: reporter-country all-currency loans/deposits liabilities to UAE
2024-12-31,ZA,ZA: South Africa,1.139065,BIS LBS: reporter-country all-currency loans/deposits liabilities to UAE
2025-03-31,AT,AT: Austria,2.730959,BIS LBS: reporter-country all-currency loans/deposits liabilities to UAE
2025-03-31,AU,AU: Australia,3.208209,BIS LBS: reporter-country all-currency loans/deposits liabilities to UAE
2025-03-31,BE,BE: Belgium,7.671811999999999,BIS LBS: reporter-country all-currency loans/deposits liabilities to UAE
2025-03-31,BR,BR: Brazil,0.9741879999999999,BIS LBS: reporter-country all-currency loans/deposits liabilities to UAE
2025-03-31,CA,CA: Canada,1.370065,BIS LBS: reporter-country all-currency loans/deposits liabilities to UAE
2025-03-31,CH,CH: Switzerland,23.907776,BIS LBS: reporter-country all-currency loans/deposits liabilities to UAE
2025-03-31,CL,CL: Chile,-0.011718000000000001,BIS LBS: reporter-country all-currency loans/deposits liabilities to UAE
2025-03-31,DK,DK: Denmark,0.506224,BIS LBS: reporter-country all-currency loans/deposits liabilities to UAE
2025-03-31,ES,ES: Spain,6.237319,BIS LBS: reporter-country all-currency loans/deposits liabilities to UAE
2025-03-31,FI,FI: Finland,0.05911,BIS LBS: reporter-country all-currency loans/deposits liabilities to UAE
2025-03-31,FR,FR: France,16.709956000000002,BIS LBS: reporter-country all-currency loans/deposits liabilities to UAE
2025-03-31,GB,GB: United Kingdom,118.10810399999998,BIS LBS: reporter-country all-currency loans/deposits liabilities to UAE
2025-03-31,GG,GG: Guernsey,0.462809,BIS LBS: reporter-country all-currency loans/deposits liabilities to UAE
2025-03-31,HK,HK: Hong Kong SAR,6.416942,BIS LBS: reporter-country all-currency loans/deposits liabilities to UAE
2025-03-31,IE,IE: Ireland,0.8530070000000001,BIS LBS: reporter-country all-currency loans/deposits liabilities to UAE
2025-03-31,IM,IM: Isle of Man,4.761023,BIS LBS: reporter-country all-currency loans/deposits liabilities to UAE
2025-03-31,IT,IT: Italy,0.763226,BIS LBS: reporter-country all-currency loans/deposits liabilities to UAE
2025-03-31,JE,JE: Jersey,9.916536,BIS LBS: reporter-country all-currency loans/deposits liabilities to UAE
2025-03-31,KR,KR: Korea,0.6181409999999999,BIS LBS: reporter-country all-currency loans/deposits liabilities to UAE
2025-03-31,LU,LU: Luxembourg,8.377925000000001,BIS LBS: reporter-country all-currency loans/deposits liabilities to UAE
2025-03-31,MO,MO: Macao SAR,1.231801,BIS LBS: reporter-country all-currency loans/deposits liabilities to UAE
2025-03-31,MX,MX: Mexico,-0.001781,BIS LBS: reporter-country all-currency loans/deposits liabilities to UAE
2025-03-31,NL,NL: Netherlands,7.971293999999999,BIS LBS: reporter-country all-currency loans/deposits liabilities to UAE
2025-03-31,PH,PH: Philippines,0.22487,BIS LBS: reporter-country all-currency loans/deposits liabilities to UAE
2025-03-31,SE,SE: Sweden,4.370832999999999,BIS LBS: reporter-country all-currency loans/deposits liabilities to UAE
2025-03-31,TW,TW: Chinese Taipei,-0.37775400000000003,BIS LBS: reporter-country all-currency loans/deposits liabilities to UAE
2025-03-31,US,US: United States,48.847612000000005,BIS LBS: reporter-country all-currency loans/deposits liabilities to UAE
2025-03-31,ZA,ZA: South Africa,1.06851,BIS LBS: reporter-country all-currency loans/deposits liabilities to UAE
2025-06-30,AT,AT: Austria,3.203355,BIS LBS: reporter-country all-currency loans/deposits liabilities to UAE
2025-06-30,AU,AU: Australia,1.6918190000000002,BIS LBS: reporter-country all-currency loans/deposits liabilities to UAE
2025-06-30,BE,BE: Belgium,5.455711,BIS LBS: reporter-country all-currency loans/deposits liabilities to UAE
2025-06-30,BR,BR: Brazil,1.039742,BIS LBS: reporter-country all-currency loans/deposits liabilities to UAE
2025-06-30,CA,CA: Canada,3.756357,BIS LBS: reporter-country all-currency loans/deposits liabilities to UAE
2025-06-30,CH,CH: Switzerland,23.431659000000003,BIS LBS: reporter-country all-currency loans/deposits liabilities to UAE
2025-06-30,CL,CL: Chile,-0.016792,BIS LBS: reporter-country all-currency loans/deposits liabilities to UAE
2025-06-30,DK,DK: Denmark,1.74099,BIS LBS: reporter-country all-currency loans/deposits liabilities to UAE
2025-06-30,ES,ES: Spain,3.124486,BIS LBS: reporter-country all-currency loans/deposits liabilities to UAE
2025-06-30,FI,FI: Finland,0.052952,BIS LBS: reporter-country all-currency loans/deposits liabilities to UAE
2025-06-30,FR,FR: France,26.193638999999997,BIS LBS: reporter-country all-currency loans/deposits liabilities to UAE
2025-06-30,GB,GB: United Kingdom,118.447939,BIS LBS: reporter-country all-currency loans/deposits liabilities to UAE
2025-06-30,GG,GG: Guernsey,0.689824,BIS LBS: reporter-country all-currency loans/deposits liabilities to UAE
2025-06-30,HK,HK: Hong Kong SAR,9.390728,BIS LBS: reporter-country all-currency loans/deposits liabilities to UAE
2025-06-30,IE,IE: Ireland,1.03152,BIS LBS: reporter-country all-currency loans/deposits liabilities to UAE
2025-06-30,IM,IM: Isle of Man,4.5158190000000005,BIS LBS: reporter-country all-currency loans/deposits liabilities to UAE
2025-06-30,IT,IT: Italy,0.728469,BIS LBS: reporter-country all-currency loans/deposits liabilities to UAE
2025-06-30,JE,JE: Jersey,11.737908,BIS LBS: reporter-country all-currency loans/deposits liabilities to UAE
2025-06-30,KR,KR: Korea,0.863073,BIS LBS: reporter-country all-currency loans/deposits liabilities to UAE
2025-06-30,LU,LU: Luxembourg,8.412285,BIS LBS: reporter-country all-currency loans/deposits liabilities to UAE
2025-06-30,MO,MO: Macao SAR,1.356743,BIS LBS: reporter-country all-currency loans/deposits liabilities to UAE
2025-06-30,MX,MX: Mexico,-0.005678,BIS LBS: reporter-country all-currency loans/deposits liabilities to UAE
2025-06-30,NL,NL: Netherlands,8.368678,BIS LBS: reporter-country all-currency loans/deposits liabilities to UAE
2025-06-30,PH,PH: Philippines,0.18455100000000002,BIS LBS: reporter-country all-currency loans/deposits liabilities to UAE
2025-06-30,SE,SE: Sweden,1.951821,BIS LBS: reporter-country all-currency loans/deposits liabilities to UAE
2025-06-30,TW,TW: Chinese Taipei,2.528918,BIS LBS: reporter-country all-currency loans/deposits liabilities to UAE
2025-06-30,US,US: United States,38.685477,BIS LBS: reporter-country all-currency loans/deposits liabilities to UAE
2025-06-30,ZA,ZA: South Africa,1.044355,BIS LBS: reporter-country all-currency loans/deposits liabilities to UAE
2025-09-30,AT,AT: Austria,2.7725929999999996,BIS LBS: reporter-country all-currency loans/deposits liabilities to UAE
2025-09-30,AU,AU: Australia,3.1867270000000003,BIS LBS: reporter-country all-currency loans/deposits liabilities to UAE
2025-09-30,BE,BE: Belgium,4.755274,BIS LBS: reporter-country all-currency loans/deposits liabilities to UAE
2025-09-30,BR,BR: Brazil,2.0811669999999998,BIS LBS: reporter-country all-currency loans/deposits liabilities to UAE
2025-09-30,CA,CA: Canada,5.161382,BIS LBS: reporter-country all-currency loans/deposits liabilities to UAE
2025-09-30,CH,CH: Switzerland,20.598675999999998,BIS LBS: reporter-country all-currency loans/deposits liabilities to UAE
2025-09-30,CL,CL: Chile,-0.034488,BIS LBS: reporter-country all-currency loans/deposits liabilities to UAE
2025-09-30,DK,DK: Denmark,0.732129,BIS LBS: reporter-country all-currency loans/deposits liabilities to UAE
2025-09-30,ES,ES: Spain,4.8628730000000004,BIS LBS: reporter-country all-currency loans/deposits liabilities to UAE
2025-09-30,FI,FI: Finland,0.045208,BIS LBS: reporter-country all-currency loans/deposits liabilities to UAE
2025-09-30,FR,FR: France,42.003621,BIS LBS: reporter-country all-currency loans/deposits liabilities to UAE
2025-09-30,GB,GB: United Kingdom,144.2503,BIS LBS: reporter-country all-currency loans/deposits liabilities to UAE
2025-09-30,GG,GG: Guernsey,1.3194,BIS LBS: reporter-country all-currency loans/deposits liabilities to UAE
2025-09-30,HK,HK: Hong Kong SAR,6.1114,BIS LBS: reporter-country all-currency loans/deposits liabilities to UAE
2025-09-30,IE,IE: Ireland,-0.274852,BIS LBS: reporter-country all-currency loans/deposits liabilities to UAE
2025-09-30,IM,IM: Isle of Man,4.373956,BIS LBS: reporter-country all-currency loans/deposits liabilities to UAE
2025-09-30,IT,IT: Italy,0.927603,BIS LBS: reporter-country all-currency loans/deposits liabilities to UAE
2025-09-30,JE,JE: Jersey,10.684622,BIS LBS: reporter-country all-currency loans/deposits liabilities to UAE
2025-09-30,KR,KR: Korea,2.0449,BIS LBS: reporter-country all-currency loans/deposits liabilities to UAE
2025-09-30,LU,LU: Luxembourg,6.663371,BIS LBS: reporter-country all-currency loans/deposits liabilities to UAE
2025-09-30,MO,MO: Macao SAR,1.445519,BIS LBS: reporter-country all-currency loans/deposits liabilities to UAE
2025-09-30,MX,MX: Mexico,-0.001235,BIS LBS: reporter-country all-currency loans/deposits liabilities to UAE
2025-09-30,NL,NL: Netherlands,9.383398999999999,BIS LBS: reporter-country all-currency loans/deposits liabilities to UAE
2025-09-30,PH,PH: Philippines,0.155441,BIS LBS: reporter-country all-currency loans/deposits liabilities to UAE
2025-09-30,SE,SE: Sweden,-1.041808,BIS LBS: reporter-country all-currency loans/deposits liabilities to UAE
2025-09-30,TW,TW: Chinese Taipei,-0.03525300000000001,BIS LBS: reporter-country all-currency loans/deposits liabilities to UAE
2025-09-30,US,US: United States,53.12665,BIS LBS: reporter-country all-currency loans/deposits liabilities to UAE
2025-09-30,ZA,ZA: South Africa,1.512892,BIS LBS: reporter-country all-currency loans/deposits liabilities to UAE
