date,reporter_country_code,reporter_country,value_usd_bn,source
1995-12-31,BE,BE: Belgium,0.068,BIS LBS: reporter-country all-currency loans/deposits claims on UAE
1995-12-31,CH,CH: Switzerland,0.872,BIS LBS: reporter-country all-currency loans/deposits claims on UAE
1995-12-31,DK,DK: Denmark,0.001,BIS LBS: reporter-country all-currency loans/deposits claims on UAE
1995-12-31,FR,FR: France,0.23299999999999998,BIS LBS: reporter-country all-currency loans/deposits claims on UAE
1995-12-31,GB,GB: United Kingdom,2.208,BIS LBS: reporter-country all-currency loans/deposits claims on UAE
1995-12-31,IE,IE: Ireland,0.016,BIS LBS: reporter-country all-currency loans/deposits claims on UAE
1995-12-31,LU,LU: Luxembourg,0.046,BIS LBS: reporter-country all-currency loans/deposits claims on UAE
1995-12-31,SE,SE: Sweden,0.003,BIS LBS: reporter-country all-currency loans/deposits claims on UAE
1996-03-31,BE,BE: Belgium,0.06664400000000001,BIS LBS: reporter-country all-currency loans/deposits claims on UAE
1996-03-31,CH,CH: Switzerland,0.462755,BIS LBS: reporter-country all-currency loans/deposits claims on UAE
1996-03-31,DK,DK: Denmark,0.001026,BIS LBS: reporter-country all-currency loans/deposits claims on UAE
1996-03-31,FR,FR: France,0.218446,BIS LBS: reporter-country all-currency loans/deposits claims on UAE
1996-03-31,GB,GB: United Kingdom,2.275737,BIS LBS: reporter-country all-currency loans/deposits claims on UAE
1996-03-31,IE,IE: Ireland,0.012,BIS LBS: reporter-country all-currency loans/deposits claims on UAE
1996-03-31,LU,LU: Luxembourg,0.100221,BIS LBS: reporter-country all-currency loans/deposits claims on UAE
1996-03-31,SE,SE: Sweden,0.007052,BIS LBS: reporter-country all-currency loans/deposits claims on UAE
1996-06-30,BE,BE: Belgium,0.105961,BIS LBS: reporter-country all-currency loans/deposits claims on UAE
1996-06-30,CH,CH: Switzerland,0.498631,BIS LBS: reporter-country all-currency loans/deposits claims on UAE
1996-06-30,DK,DK: Denmark,0.00303,BIS LBS: reporter-country all-currency loans/deposits claims on UAE
1996-06-30,FR,FR: France,0.289741,BIS LBS: reporter-country all-currency loans/deposits claims on UAE
1996-06-30,GB,GB: United Kingdom,2.161478,BIS LBS: reporter-country all-currency loans/deposits claims on UAE
1996-06-30,IE,IE: Ireland,0.014,BIS LBS: reporter-country all-currency loans/deposits claims on UAE
1996-06-30,LU,LU: Luxembourg,0.08139399999999991,BIS LBS: reporter-country all-currency loans/deposits claims on UAE
1996-06-30,SE,SE: Sweden,-0.000951,BIS LBS: reporter-country all-currency loans/deposits claims on UAE
1996-09-30,BE,BE: Belgium,0.023814000000000002,BIS LBS: reporter-country all-currency loans/deposits claims on UAE
1996-09-30,CH,CH: Switzerland,0.706165,BIS LBS: reporter-country all-currency loans/deposits claims on UAE
1996-09-30,DK,DK: Denmark,0.002,BIS LBS: reporter-country all-currency loans/deposits claims on UAE
1996-09-30,FR,FR: France,0.319181,BIS LBS: reporter-country all-currency loans/deposits claims on UAE
1996-09-30,GB,GB: United Kingdom,3.548936,BIS LBS: reporter-country all-currency loans/deposits claims on UAE
1996-09-30,IE,IE: Ireland,0.01,BIS LBS: reporter-country all-currency loans/deposits claims on UAE
1996-09-30,LU,LU: Luxembourg,0.05498,BIS LBS: reporter-country all-currency loans/deposits claims on UAE
1996-09-30,SE,SE: Sweden,0.001997,BIS LBS: reporter-country all-currency loans/deposits claims on UAE
1996-12-31,BE,BE: Belgium,0.08449500000000001,BIS LBS: reporter-country all-currency loans/deposits claims on UAE
1996-12-31,CH,CH: Switzerland,0.6453019999999999,BIS LBS: reporter-country all-currency loans/deposits claims on UAE
1996-12-31,DK,DK: Denmark,0.009076,BIS LBS: reporter-country all-currency loans/deposits claims on UAE
1996-12-31,FR,FR: France,0.39450399999999997,BIS LBS: reporter-country all-currency loans/deposits claims on UAE
1996-12-31,GB,GB: United Kingdom,1.628857,BIS LBS: reporter-country all-currency loans/deposits claims on UAE
1996-12-31,IE,IE: Ireland,-0.009625999999999997,BIS LBS: reporter-country all-currency loans/deposits claims on UAE
1996-12-31,LU,LU: Luxembourg,0.415763,BIS LBS: reporter-country all-currency loans/deposits claims on UAE
1996-12-31,SE,SE: Sweden,0.0084609999999999,BIS LBS: reporter-country all-currency loans/deposits claims on UAE
1997-03-31,BE,BE: Belgium,0.044876,BIS LBS: reporter-country all-currency loans/deposits claims on UAE
1997-03-31,CH,CH: Switzerland,0.682227,BIS LBS: reporter-country all-currency loans/deposits claims on UAE
1997-03-31,DK,DK: Denmark,0.12084700000000001,BIS LBS: reporter-country all-currency loans/deposits claims on UAE
1997-03-31,FR,FR: France,0.49659,BIS LBS: reporter-country all-currency loans/deposits claims on UAE
1997-03-31,GB,GB: United Kingdom,2.501304,BIS LBS: reporter-country all-currency loans/deposits claims on UAE
1997-03-31,IE,IE: Ireland,-0.082538,BIS LBS: reporter-country all-currency loans/deposits claims on UAE
1997-03-31,LU,LU: Luxembourg,0.119271,BIS LBS: reporter-country all-currency loans/deposits claims on UAE
1997-03-31,SE,SE: Sweden,0.126614,BIS LBS: reporter-country all-currency loans/deposits claims on UAE
1997-06-30,BE,BE: Belgium,0.28439400000000004,BIS LBS: reporter-country all-currency loans/deposits claims on UAE
1997-06-30,CH,CH: Switzerland,0.560819,BIS LBS: reporter-country all-currency loans/deposits claims on UAE
1997-06-30,DK,DK: Denmark,0.011252000000000002,BIS LBS: reporter-country all-currency loans/deposits claims on UAE
1997-06-30,FR,FR: France,0.5863929999999998,BIS LBS: reporter-country all-currency loans/deposits claims on UAE
1997-06-30,GB,GB: United Kingdom,3.459934,BIS LBS: reporter-country all-currency loans/deposits claims on UAE
1997-06-30,IE,IE: Ireland,0.12040000000000001,BIS LBS: reporter-country all-currency loans/deposits claims on UAE
1997-06-30,LU,LU: Luxembourg,-0.0032840000000000005,BIS LBS: reporter-country all-currency loans/deposits claims on UAE
1997-06-30,SE,SE: Sweden,-0.054851,BIS LBS: reporter-country all-currency loans/deposits claims on UAE
1997-09-30,BE,BE: Belgium,0.133174,BIS LBS: reporter-country all-currency loans/deposits claims on UAE
1997-09-30,CH,CH: Switzerland,0.7883180000000001,BIS LBS: reporter-country all-currency loans/deposits claims on UAE
1997-09-30,DK,DK: Denmark,0.126752,BIS LBS: reporter-country all-currency loans/deposits claims on UAE
1997-09-30,FR,FR: France,0.20357199999999998,BIS LBS: reporter-country all-currency loans/deposits claims on UAE
1997-09-30,GB,GB: United Kingdom,2.651242,BIS LBS: reporter-country all-currency loans/deposits claims on UAE
1997-09-30,IE,IE: Ireland,0.21348,BIS LBS: reporter-country all-currency loans/deposits claims on UAE
1997-09-30,LU,LU: Luxembourg,0.030952999999999998,BIS LBS: reporter-country all-currency loans/deposits claims on UAE
1997-09-30,SE,SE: Sweden,-0.044944,BIS LBS: reporter-country all-currency loans/deposits claims on UAE
1997-12-31,BE,BE: Belgium,0.09122,BIS LBS: reporter-country all-currency loans/deposits claims on UAE
1997-12-31,CH,CH: Switzerland,0.630791,BIS LBS: reporter-country all-currency loans/deposits claims on UAE
1997-12-31,FR,FR: France,0.436998,BIS LBS: reporter-country all-currency loans/deposits claims on UAE
1997-12-31,GB,GB: United Kingdom,2.836543,BIS LBS: reporter-country all-currency loans/deposits claims on UAE
1997-12-31,IE,IE: Ireland,0.354564,BIS LBS: reporter-country all-currency loans/deposits claims on UAE
1997-12-31,LU,LU: Luxembourg,-0.05595000000000001,BIS LBS: reporter-country all-currency loans/deposits claims on UAE
1997-12-31,SE,SE: Sweden,-0.023962999999999998,BIS LBS: reporter-country all-currency loans/deposits claims on UAE
1998-03-31,BE,BE: Belgium,0.06962499999999999,BIS LBS: reporter-country all-currency loans/deposits claims on UAE
1998-03-31,CH,CH: Switzerland,0.981799,BIS LBS: reporter-country all-currency loans/deposits claims on UAE
1998-03-31,DK,DK: Denmark,0.0020149999999999,BIS LBS: reporter-country all-currency loans/deposits claims on UAE
1998-03-31,FI,FI: Finland,0.002,BIS LBS: reporter-country all-currency loans/deposits claims on UAE
1998-03-31,FR,FR: France,0.32393,BIS LBS: reporter-country all-currency loans/deposits claims on UAE
1998-03-31,GB,GB: United Kingdom,3.623292,BIS LBS: reporter-country all-currency loans/deposits claims on UAE
1998-03-31,IE,IE: Ireland,0.606266,BIS LBS: reporter-country all-currency loans/deposits claims on UAE
1998-03-31,LU,LU: Luxembourg,-0.015773000000000006,BIS LBS: reporter-country all-currency loans/deposits claims on UAE
1998-03-31,SE,SE: Sweden,-0.06320799999999999,BIS LBS: reporter-country all-currency loans/deposits claims on UAE
1998-06-30,BE,BE: Belgium,-0.010245000000000004,BIS LBS: reporter-country all-currency loans/deposits claims on UAE
1998-06-30,CH,CH: Switzerland,0.98273,BIS LBS: reporter-country all-currency loans/deposits claims on UAE
1998-06-30,DK,DK: Denmark,0.002983,BIS LBS: reporter-country all-currency loans/deposits claims on UAE
1998-06-30,FR,FR: France,0.184012,BIS LBS: reporter-country all-currency loans/deposits claims on UAE
1998-06-30,GB,GB: United Kingdom,4.400723999999999,BIS LBS: reporter-country all-currency loans/deposits claims on UAE
1998-06-30,IE,IE: Ireland,0.142208,BIS LBS: reporter-country all-currency loans/deposits claims on UAE
1998-06-30,LU,LU: Luxembourg,0.042924,BIS LBS: reporter-country all-currency loans/deposits claims on UAE
1998-06-30,SE,SE: Sweden,2.620575,BIS LBS: reporter-country all-currency loans/deposits claims on UAE
1998-09-30,BE,BE: Belgium,-0.004074000000000001,BIS LBS: reporter-country all-currency loans/deposits claims on UAE
1998-09-30,CH,CH: Switzerland,1.171675,BIS LBS: reporter-country all-currency loans/deposits claims on UAE
1998-09-30,DK,DK: Denmark,0.00185,BIS LBS: reporter-country all-currency loans/deposits claims on UAE
1998-09-30,FR,FR: France,0.2214770000000001,BIS LBS: reporter-country all-currency loans/deposits claims on UAE
1998-09-30,GB,GB: United Kingdom,4.4500079999999995,BIS LBS: reporter-country all-currency loans/deposits claims on UAE
1998-09-30,IE,IE: Ireland,0.0576610000000001,BIS LBS: reporter-country all-currency loans/deposits claims on UAE
1998-09-30,LU,LU: Luxembourg,0.04985,BIS LBS: reporter-country all-currency loans/deposits claims on UAE
1998-09-30,SE,SE: Sweden,1.599582,BIS LBS: reporter-country all-currency loans/deposits claims on UAE
1998-12-31,BE,BE: Belgium,0.026538000000000006,BIS LBS: reporter-country all-currency loans/deposits claims on UAE
1998-12-31,CH,CH: Switzerland,0.831651,BIS LBS: reporter-country all-currency loans/deposits claims on UAE
1998-12-31,DK,DK: Denmark,0.002004,BIS LBS: reporter-country all-currency loans/deposits claims on UAE
1998-12-31,FR,FR: France,0.425022,BIS LBS: reporter-country all-currency loans/deposits claims on UAE
1998-12-31,GB,GB: United Kingdom,7.454374,BIS LBS: reporter-country all-currency loans/deposits claims on UAE
1998-12-31,IE,IE: Ireland,-0.189696,BIS LBS: reporter-country all-currency loans/deposits claims on UAE
1998-12-31,LU,LU: Luxembourg,0.299612,BIS LBS: reporter-country all-currency loans/deposits claims on UAE
1998-12-31,SE,SE: Sweden,0.7432890000000001,BIS LBS: reporter-country all-currency loans/deposits claims on UAE
1999-03-31,AU,AU: Australia,0.002,BIS LBS: reporter-country all-currency loans/deposits claims on UAE
1999-03-31,BE,BE: Belgium,-0.11382600000000001,BIS LBS: reporter-country all-currency loans/deposits claims on UAE
1999-03-31,CH,CH: Switzerland,0.810304,BIS LBS: reporter-country all-currency loans/deposits claims on UAE
1999-03-31,FI,FI: Finland,0.002018,BIS LBS: reporter-country all-currency loans/deposits claims on UAE
1999-03-31,FR,FR: France,1.387132,BIS LBS: reporter-country all-currency loans/deposits claims on UAE
1999-03-31,GB,GB: United Kingdom,4.914395,BIS LBS: reporter-country all-currency loans/deposits claims on UAE
1999-03-31,IE,IE: Ireland,-0.010077,BIS LBS: reporter-country all-currency loans/deposits claims on UAE
1999-03-31,LU,LU: Luxembourg,0.18828799999999998,BIS LBS: reporter-country all-currency loans/deposits claims on UAE
1999-03-31,SE,SE: Sweden,0.609887,BIS LBS: reporter-country all-currency loans/deposits claims on UAE
1999-06-30,AU,AU: Australia,0.001,BIS LBS: reporter-country all-currency loans/deposits claims on UAE
1999-06-30,BE,BE: Belgium,0.013762,BIS LBS: reporter-country all-currency loans/deposits claims on UAE
1999-06-30,CH,CH: Switzerland,0.844966,BIS LBS: reporter-country all-currency loans/deposits claims on UAE
1999-06-30,DK,DK: Denmark,0.008,BIS LBS: reporter-country all-currency loans/deposits claims on UAE
1999-06-30,FR,FR: France,0.291752,BIS LBS: reporter-country all-currency loans/deposits claims on UAE
1999-06-30,GB,GB: United Kingdom,3.634754,BIS LBS: reporter-country all-currency loans/deposits claims on UAE
1999-06-30,IE,IE: Ireland,-0.0102250000000001,BIS LBS: reporter-country all-currency loans/deposits claims on UAE
1999-06-30,LU,LU: Luxembourg,0.24771400000000002,BIS LBS: reporter-country all-currency loans/deposits claims on UAE
1999-06-30,SE,SE: Sweden,-0.015049999999999997,BIS LBS: reporter-country all-currency loans/deposits claims on UAE
1999-09-30,BE,BE: Belgium,-0.11657399999999989,BIS LBS: reporter-country all-currency loans/deposits claims on UAE
1999-09-30,CH,CH: Switzerland,0.86019,BIS LBS: reporter-country all-currency loans/deposits claims on UAE
1999-09-30,DK,DK: Denmark,0.004,BIS LBS: reporter-country all-currency loans/deposits claims on UAE
1999-09-30,FR,FR: France,1.784416,BIS LBS: reporter-country all-currency loans/deposits claims on UAE
1999-09-30,GB,GB: United Kingdom,3.868239,BIS LBS: reporter-country all-currency loans/deposits claims on UAE
1999-09-30,IE,IE: Ireland,-0.035102,BIS LBS: reporter-country all-currency loans/deposits claims on UAE
1999-09-30,LU,LU: Luxembourg,0.20978,BIS LBS: reporter-country all-currency loans/deposits claims on UAE
1999-09-30,SE,SE: Sweden,-0.100539,BIS LBS: reporter-country all-currency loans/deposits claims on UAE
1999-12-31,AU,AU: Australia,0.004006,BIS LBS: reporter-country all-currency loans/deposits claims on UAE
1999-12-31,BE,BE: Belgium,0.494189,BIS LBS: reporter-country all-currency loans/deposits claims on UAE
1999-12-31,CH,CH: Switzerland,0.515809,BIS LBS: reporter-country all-currency loans/deposits claims on UAE
1999-12-31,DK,DK: Denmark,0.0010400000000000001,BIS LBS: reporter-country all-currency loans/deposits claims on UAE
1999-12-31,FI,FI: Finland,0.002006,BIS LBS: reporter-country all-currency loans/deposits claims on UAE
1999-12-31,FR,FR: France,0.89205,BIS LBS: reporter-country all-currency loans/deposits claims on UAE
1999-12-31,GB,GB: United Kingdom,3.55007,BIS LBS: reporter-country all-currency loans/deposits claims on UAE
1999-12-31,IE,IE: Ireland,1.098836,BIS LBS: reporter-country all-currency loans/deposits claims on UAE
1999-12-31,LU,LU: Luxembourg,0.083499,BIS LBS: reporter-country all-currency loans/deposits claims on UAE
1999-12-31,SE,SE: Sweden,-0.08548399999999999,BIS LBS: reporter-country all-currency loans/deposits claims on UAE
2000-03-31,BE,BE: Belgium,0.911144,BIS LBS: reporter-country all-currency loans/deposits claims on UAE
2000-03-31,CH,CH: Switzerland,0.888625,BIS LBS: reporter-country all-currency loans/deposits claims on UAE
2000-03-31,DK,DK: Denmark,0.002065,BIS LBS: reporter-country all-currency loans/deposits claims on UAE
2000-03-31,FR,FR: France,-0.006564999999999939,BIS LBS: reporter-country all-currency loans/deposits claims on UAE
2000-03-31,GB,GB: United Kingdom,4.098508,BIS LBS: reporter-country all-currency loans/deposits claims on UAE
2000-03-31,IE,IE: Ireland,0.011814000000000003,BIS LBS: reporter-country all-currency loans/deposits claims on UAE
2000-03-31,LU,LU: Luxembourg,0.223051,BIS LBS: reporter-country all-currency loans/deposits claims on UAE
2000-03-31,SE,SE: Sweden,-0.094936,BIS LBS: reporter-country all-currency loans/deposits claims on UAE
2000-06-30,AU,AU: Australia,0.003992,BIS LBS: reporter-country all-currency loans/deposits claims on UAE
2000-06-30,BE,BE: Belgium,0.433334,BIS LBS: reporter-country all-currency loans/deposits claims on UAE
2000-06-30,CH,CH: Switzerland,0.752316,BIS LBS: reporter-country all-currency loans/deposits claims on UAE
2000-06-30,DK,DK: Denmark,0.116253,BIS LBS: reporter-country all-currency loans/deposits claims on UAE
2000-06-30,FR,FR: France,0.890351,BIS LBS: reporter-country all-currency loans/deposits claims on UAE
2000-06-30,GB,GB: United Kingdom,5.338547,BIS LBS: reporter-country all-currency loans/deposits claims on UAE
2000-06-30,IE,IE: Ireland,-0.072175,BIS LBS: reporter-country all-currency loans/deposits claims on UAE
2000-06-30,LU,LU: Luxembourg,0.144178,BIS LBS: reporter-country all-currency loans/deposits claims on UAE
2000-06-30,SE,SE: Sweden,-0.077337,BIS LBS: reporter-country all-currency loans/deposits claims on UAE
2000-09-30,AU,AU: Australia,0.004089,BIS LBS: reporter-country all-currency loans/deposits claims on UAE
2000-09-30,BE,BE: Belgium,1.227064,BIS LBS: reporter-country all-currency loans/deposits claims on UAE
2000-09-30,CH,CH: Switzerland,0.5052030000000001,BIS LBS: reporter-country all-currency loans/deposits claims on UAE
2000-09-30,FR,FR: France,0.487198,BIS LBS: reporter-country all-currency loans/deposits claims on UAE
2000-09-30,GB,GB: United Kingdom,2.663812,BIS LBS: reporter-country all-currency loans/deposits claims on UAE
2000-09-30,IE,IE: Ireland,0.041288000000000005,BIS LBS: reporter-country all-currency loans/deposits claims on UAE
2000-09-30,LU,LU: Luxembourg,0.240606,BIS LBS: reporter-country all-currency loans/deposits claims on UAE
2000-09-30,SE,SE: Sweden,0.059321,BIS LBS: reporter-country all-currency loans/deposits claims on UAE
2000-12-31,AU,AU: Australia,0.000984,BIS LBS: reporter-country all-currency loans/deposits claims on UAE
2000-12-31,BE,BE: Belgium,0.27017,BIS LBS: reporter-country all-currency loans/deposits claims on UAE
2000-12-31,CH,CH: Switzerland,1.17082,BIS LBS: reporter-country all-currency loans/deposits claims on UAE
2000-12-31,FI,FI: Finland,0.004,BIS LBS: reporter-country all-currency loans/deposits claims on UAE
2000-12-31,FR,FR: France,0.844257,BIS LBS: reporter-country all-currency loans/deposits claims on UAE
2000-12-31,GB,GB: United Kingdom,5.774792,BIS LBS: reporter-country all-currency loans/deposits claims on UAE
2000-12-31,IE,IE: Ireland,0.19955,BIS LBS: reporter-country all-currency loans/deposits claims on UAE
2000-12-31,LU,LU: Luxembourg,0.080608,BIS LBS: reporter-country all-currency loans/deposits claims on UAE
2000-12-31,SE,SE: Sweden,0.109866,BIS LBS: reporter-country all-currency loans/deposits claims on UAE
2000-12-31,TW,TW: Chinese Taipei,0.034,BIS LBS: reporter-country all-currency loans/deposits claims on UAE
2001-03-31,AU,AU: Australia,0.002134,BIS LBS: reporter-country all-currency loans/deposits claims on UAE
2001-03-31,BE,BE: Belgium,0.24930400000000003,BIS LBS: reporter-country all-currency loans/deposits claims on UAE
2001-03-31,CH,CH: Switzerland,0.8877039999999999,BIS LBS: reporter-country all-currency loans/deposits claims on UAE
2001-03-31,FI,FI: Finland,0.004045,BIS LBS: reporter-country all-currency loans/deposits claims on UAE
2001-03-31,FR,FR: France,0.619716,BIS LBS: reporter-country all-currency loans/deposits claims on UAE
2001-03-31,GB,GB: United Kingdom,4.782196,BIS LBS: reporter-country all-currency loans/deposits claims on UAE
2001-03-31,IE,IE: Ireland,0.18723,BIS LBS: reporter-country all-currency loans/deposits claims on UAE
2001-03-31,LU,LU: Luxembourg,0.06632199999999999,BIS LBS: reporter-country all-currency loans/deposits claims on UAE
2001-03-31,SE,SE: Sweden,0.315331,BIS LBS: reporter-country all-currency loans/deposits claims on UAE
2001-03-31,TW,TW: Chinese Taipei,0.052000000000000005,BIS LBS: reporter-country all-currency loans/deposits claims on UAE
2001-06-30,BE,BE: Belgium,0.22734,BIS LBS: reporter-country all-currency loans/deposits claims on UAE
2001-06-30,CH,CH: Switzerland,1.154433,BIS LBS: reporter-country all-currency loans/deposits claims on UAE
2001-06-30,FI,FI: Finland,0.001013,BIS LBS: reporter-country all-currency loans/deposits claims on UAE
2001-06-30,FR,FR: France,0.994425,BIS LBS: reporter-country all-currency loans/deposits claims on UAE
2001-06-30,GB,GB: United Kingdom,5.1551279999999995,BIS LBS: reporter-country all-currency loans/deposits claims on UAE
2001-06-30,IE,IE: Ireland,0.45360999999999996,BIS LBS: reporter-country all-currency loans/deposits claims on UAE
2001-06-30,LU,LU: Luxembourg,0.113873,BIS LBS: reporter-country all-currency loans/deposits claims on UAE
2001-06-30,SE,SE: Sweden,0.006151,BIS LBS: reporter-country all-currency loans/deposits claims on UAE
2001-06-30,TW,TW: Chinese Taipei,0.063012,BIS LBS: reporter-country all-currency loans/deposits claims on UAE
2001-09-30,AU,AU: Australia,0.004036,BIS LBS: reporter-country all-currency loans/deposits claims on UAE
2001-09-30,BE,BE: Belgium,-0.139062,BIS LBS: reporter-country all-currency loans/deposits claims on UAE
2001-09-30,CH,CH: Switzerland,1.011416,BIS LBS: reporter-country all-currency loans/deposits claims on UAE
2001-09-30,FI,FI: Finland,0.001,BIS LBS: reporter-country all-currency loans/deposits claims on UAE
2001-09-30,FR,FR: France,0.6093780000000001,BIS LBS: reporter-country all-currency loans/deposits claims on UAE
2001-09-30,GB,GB: United Kingdom,5.409252,BIS LBS: reporter-country all-currency loans/deposits claims on UAE
2001-09-30,IE,IE: Ireland,0.272808,BIS LBS: reporter-country all-currency loans/deposits claims on UAE
2001-09-30,LU,LU: Luxembourg,0.163576,BIS LBS: reporter-country all-currency loans/deposits claims on UAE
2001-09-30,SE,SE: Sweden,0.040316000000000005,BIS LBS: reporter-country all-currency loans/deposits claims on UAE
2001-09-30,TW,TW: Chinese Taipei,0.06498,BIS LBS: reporter-country all-currency loans/deposits claims on UAE
2001-12-31,BE,BE: Belgium,0.387896,BIS LBS: reporter-country all-currency loans/deposits claims on UAE
2001-12-31,CH,CH: Switzerland,0.663134,BIS LBS: reporter-country all-currency loans/deposits claims on UAE
2001-12-31,FI,FI: Finland,0.007161,BIS LBS: reporter-country all-currency loans/deposits claims on UAE
2001-12-31,FR,FR: France,0.855855,BIS LBS: reporter-country all-currency loans/deposits claims on UAE
2001-12-31,GB,GB: United Kingdom,5.071612,BIS LBS: reporter-country all-currency loans/deposits claims on UAE
2001-12-31,IE,IE: Ireland,-0.09239,BIS LBS: reporter-country all-currency loans/deposits claims on UAE
2001-12-31,JE,JE: Jersey,3.83,BIS LBS: reporter-country all-currency loans/deposits claims on UAE
2001-12-31,LU,LU: Luxembourg,0.17882,BIS LBS: reporter-country all-currency loans/deposits claims on UAE
2001-12-31,SE,SE: Sweden,0.420401,BIS LBS: reporter-country all-currency loans/deposits claims on UAE
2001-12-31,TW,TW: Chinese Taipei,0.012760000000000002,BIS LBS: reporter-country all-currency loans/deposits claims on UAE
2002-03-31,BE,BE: Belgium,0.237802,BIS LBS: reporter-country all-currency loans/deposits claims on UAE
2002-03-31,CH,CH: Switzerland,0.997882,BIS LBS: reporter-country all-currency loans/deposits claims on UAE
2002-03-31,FI,FI: Finland,-0.048764,BIS LBS: reporter-country all-currency loans/deposits claims on UAE
2002-03-31,FR,FR: France,0.749892,BIS LBS: reporter-country all-currency loans/deposits claims on UAE
2002-03-31,GB,GB: United Kingdom,6.381372,BIS LBS: reporter-country all-currency loans/deposits claims on UAE
2002-03-31,IE,IE: Ireland,0.01336,BIS LBS: reporter-country all-currency loans/deposits claims on UAE
2002-03-31,JE,JE: Jersey,12.912772,BIS LBS: reporter-country all-currency loans/deposits claims on UAE
2002-03-31,LU,LU: Luxembourg,0.170853,BIS LBS: reporter-country all-currency loans/deposits claims on UAE
2002-03-31,SE,SE: Sweden,0.290103,BIS LBS: reporter-country all-currency loans/deposits claims on UAE
2002-03-31,TW,TW: Chinese Taipei,-0.008779999999999998,BIS LBS: reporter-country all-currency loans/deposits claims on UAE
2002-06-30,BE,BE: Belgium,0.334442,BIS LBS: reporter-country all-currency loans/deposits claims on UAE
2002-06-30,CH,CH: Switzerland,0.9682430000000001,BIS LBS: reporter-country all-currency loans/deposits claims on UAE
2002-06-30,FI,FI: Finland,0.00215,BIS LBS: reporter-country all-currency loans/deposits claims on UAE
2002-06-30,FR,FR: France,0.608728,BIS LBS: reporter-country all-currency loans/deposits claims on UAE
2002-06-30,GB,GB: United Kingdom,6.823848000000001,BIS LBS: reporter-country all-currency loans/deposits claims on UAE
2002-06-30,IE,IE: Ireland,-0.052244,BIS LBS: reporter-country all-currency loans/deposits claims on UAE
2002-06-30,JE,JE: Jersey,7.2476769999999995,BIS LBS: reporter-country all-currency loans/deposits claims on UAE
2002-06-30,LU,LU: Luxembourg,0.157113,BIS LBS: reporter-country all-currency loans/deposits claims on UAE
2002-06-30,SE,SE: Sweden,0.270004,BIS LBS: reporter-country all-currency loans/deposits claims on UAE
2002-06-30,TW,TW: Chinese Taipei,0.033960000000000004,BIS LBS: reporter-country all-currency loans/deposits claims on UAE
2002-09-30,BE,BE: Belgium,0.760257,BIS LBS: reporter-country all-currency loans/deposits claims on UAE
2002-09-30,CH,CH: Switzerland,0.98276,BIS LBS: reporter-country all-currency loans/deposits claims on UAE
2002-09-30,FI,FI: Finland,0.002251,BIS LBS: reporter-country all-currency loans/deposits claims on UAE
2002-09-30,FR,FR: France,0.705035,BIS LBS: reporter-country all-currency loans/deposits claims on UAE
2002-09-30,GB,GB: United Kingdom,5.646106,BIS LBS: reporter-country all-currency loans/deposits claims on UAE
2002-09-30,IE,IE: Ireland,-0.095376,BIS LBS: reporter-country all-currency loans/deposits claims on UAE
2002-09-30,JE,JE: Jersey,6.91483,BIS LBS: reporter-country all-currency loans/deposits claims on UAE
2002-09-30,LU,LU: Luxembourg,0.118485,BIS LBS: reporter-country all-currency loans/deposits claims on UAE
2002-09-30,SE,SE: Sweden,0.158439,BIS LBS: reporter-country all-currency loans/deposits claims on UAE
2002-09-30,TW,TW: Chinese Taipei,0.003431,BIS LBS: reporter-country all-currency loans/deposits claims on UAE
2002-12-31,BE,BE: Belgium,0.281674,BIS LBS: reporter-country all-currency loans/deposits claims on UAE
2002-12-31,CH,CH: Switzerland,1.073112,BIS LBS: reporter-country all-currency loans/deposits claims on UAE
2002-12-31,FI,FI: Finland,-0.050037,BIS LBS: reporter-country all-currency loans/deposits claims on UAE
2002-12-31,FR,FR: France,0.880616,BIS LBS: reporter-country all-currency loans/deposits claims on UAE
2002-12-31,GB,GB: United Kingdom,7.002231,BIS LBS: reporter-country all-currency loans/deposits claims on UAE
2002-12-31,IE,IE: Ireland,-0.00033200000000000937,BIS LBS: reporter-country all-currency loans/deposits claims on UAE
2002-12-31,JE,JE: Jersey,-6.284245,BIS LBS: reporter-country all-currency loans/deposits claims on UAE
2002-12-31,LU,LU: Luxembourg,0.15765,BIS LBS: reporter-country all-currency loans/deposits claims on UAE
2002-12-31,SE,SE: Sweden,-0.024213999999999996,BIS LBS: reporter-country all-currency loans/deposits claims on UAE
2002-12-31,TW,TW: Chinese Taipei,0.123435,BIS LBS: reporter-country all-currency loans/deposits claims on UAE
2003-03-31,BE,BE: Belgium,0.318543,BIS LBS: reporter-country all-currency loans/deposits claims on UAE
2003-03-31,CH,CH: Switzerland,1.393536,BIS LBS: reporter-country all-currency loans/deposits claims on UAE
2003-03-31,CL,CL: Chile,0.002,BIS LBS: reporter-country all-currency loans/deposits claims on UAE
2003-03-31,DK,DK: Denmark,0.017,BIS LBS: reporter-country all-currency loans/deposits claims on UAE
2003-03-31,FI,FI: Finland,-0.00259,BIS LBS: reporter-country all-currency loans/deposits claims on UAE
2003-03-31,FR,FR: France,0.545854,BIS LBS: reporter-country all-currency loans/deposits claims on UAE
2003-03-31,GB,GB: United Kingdom,5.849042,BIS LBS: reporter-country all-currency loans/deposits claims on UAE
2003-03-31,IE,IE: Ireland,-0.05675999999999991,BIS LBS: reporter-country all-currency loans/deposits claims on UAE
2003-03-31,JE,JE: Jersey,-0.13919499999999996,BIS LBS: reporter-country all-currency loans/deposits claims on UAE
2003-03-31,LU,LU: Luxembourg,0.23314699999999997,BIS LBS: reporter-country all-currency loans/deposits claims on UAE
2003-03-31,SE,SE: Sweden,-0.03595399999999999,BIS LBS: reporter-country all-currency loans/deposits claims on UAE
2003-03-31,TW,TW: Chinese Taipei,0.06910999999999999,BIS LBS: reporter-country all-currency loans/deposits claims on UAE
2003-06-30,BE,BE: Belgium,0.33665100000000003,BIS LBS: reporter-country all-currency loans/deposits claims on UAE
2003-06-30,CH,CH: Switzerland,1.870638,BIS LBS: reporter-country all-currency loans/deposits claims on UAE
2003-06-30,DK,DK: Denmark,0.014452,BIS LBS: reporter-country all-currency loans/deposits claims on UAE
2003-06-30,FI,FI: Finland,-0.00453,BIS LBS: reporter-country all-currency loans/deposits claims on UAE
2003-06-30,FR,FR: France,0.901093,BIS LBS: reporter-country all-currency loans/deposits claims on UAE
2003-06-30,GB,GB: United Kingdom,7.123400999999999,BIS LBS: reporter-country all-currency loans/deposits claims on UAE
2003-06-30,IE,IE: Ireland,-0.041909999999999996,BIS LBS: reporter-country all-currency loans/deposits claims on UAE
2003-06-30,JE,JE: Jersey,0.153045,BIS LBS: reporter-country all-currency loans/deposits claims on UAE
2003-06-30,LU,LU: Luxembourg,0.11507300000000001,BIS LBS: reporter-country all-currency loans/deposits claims on UAE
2003-06-30,SE,SE: Sweden,-0.0009379999999999996,BIS LBS: reporter-country all-currency loans/deposits claims on UAE
2003-06-30,TW,TW: Chinese Taipei,0.07294,BIS LBS: reporter-country all-currency loans/deposits claims on UAE
2003-09-30,BE,BE: Belgium,0.341715,BIS LBS: reporter-country all-currency loans/deposits claims on UAE
2003-09-30,CH,CH: Switzerland,1.4359330000000001,BIS LBS: reporter-country all-currency loans/deposits claims on UAE
2003-09-30,DK,DK: Denmark,0.021687,BIS LBS: reporter-country all-currency loans/deposits claims on UAE
2003-09-30,FI,FI: Finland,-0.00651,BIS LBS: reporter-country all-currency loans/deposits claims on UAE
2003-09-30,FR,FR: France,0.904698,BIS LBS: reporter-country all-currency loans/deposits claims on UAE
2003-09-30,GB,GB: United Kingdom,7.990177999999999,BIS LBS: reporter-country all-currency loans/deposits claims on UAE
2003-09-30,IE,IE: Ireland,-0.02855,BIS LBS: reporter-country all-currency loans/deposits claims on UAE
2003-09-30,JE,JE: Jersey,0.1296770000000001,BIS LBS: reporter-country all-currency loans/deposits claims on UAE
2003-09-30,LU,LU: Luxembourg,0.468763,BIS LBS: reporter-country all-currency loans/deposits claims on UAE
2003-09-30,SE,SE: Sweden,0.028457,BIS LBS: reporter-country all-currency loans/deposits claims on UAE
2003-09-30,TW,TW: Chinese Taipei,0.124864,BIS LBS: reporter-country all-currency loans/deposits claims on UAE
2003-12-31,AU,AU: Australia,0.043,BIS LBS: reporter-country all-currency loans/deposits claims on UAE
2003-12-31,BE,BE: Belgium,0.36007199999999995,BIS LBS: reporter-country all-currency loans/deposits claims on UAE
2003-12-31,CH,CH: Switzerland,1.517989,BIS LBS: reporter-country all-currency loans/deposits claims on UAE
2003-12-31,CL,CL: Chile,0.006,BIS LBS: reporter-country all-currency loans/deposits claims on UAE
2003-12-31,DK,DK: Denmark,0.035704,BIS LBS: reporter-country all-currency loans/deposits claims on UAE
2003-12-31,FI,FI: Finland,0.08464300000000001,BIS LBS: reporter-country all-currency loans/deposits claims on UAE
2003-12-31,FR,FR: France,0.92798,BIS LBS: reporter-country all-currency loans/deposits claims on UAE
2003-12-31,GB,GB: United Kingdom,7.4545889999999995,BIS LBS: reporter-country all-currency loans/deposits claims on UAE
2003-12-31,IE,IE: Ireland,0.184716,BIS LBS: reporter-country all-currency loans/deposits claims on UAE
2003-12-31,JE,JE: Jersey,0.205116,BIS LBS: reporter-country all-currency loans/deposits claims on UAE
2003-12-31,LU,LU: Luxembourg,0.41828299999999996,BIS LBS: reporter-country all-currency loans/deposits claims on UAE
2003-12-31,SE,SE: Sweden,0.009079,BIS LBS: reporter-country all-currency loans/deposits claims on UAE
2003-12-31,TW,TW: Chinese Taipei,0.10450000000000001,BIS LBS: reporter-country all-currency loans/deposits claims on UAE
2004-03-31,AU,AU: Australia,0.052499000000000004,BIS LBS: reporter-country all-currency loans/deposits claims on UAE
2004-03-31,BE,BE: Belgium,0.38212199999999996,BIS LBS: reporter-country all-currency loans/deposits claims on UAE
2004-03-31,CH,CH: Switzerland,1.365372,BIS LBS: reporter-country all-currency loans/deposits claims on UAE
2004-03-31,CL,CL: Chile,0.0,BIS LBS: reporter-country all-currency loans/deposits claims on UAE
2004-03-31,DK,DK: Denmark,0.194934,BIS LBS: reporter-country all-currency loans/deposits claims on UAE
2004-03-31,FI,FI: Finland,0.089752,BIS LBS: reporter-country all-currency loans/deposits claims on UAE
2004-03-31,FR,FR: France,0.833923,BIS LBS: reporter-country all-currency loans/deposits claims on UAE
2004-03-31,GB,GB: United Kingdom,8.013290000000001,BIS LBS: reporter-country all-currency loans/deposits claims on UAE
2004-03-31,IE,IE: Ireland,0.141915,BIS LBS: reporter-country all-currency loans/deposits claims on UAE
2004-03-31,JE,JE: Jersey,0.443469,BIS LBS: reporter-country all-currency loans/deposits claims on UAE
2004-03-31,LU,LU: Luxembourg,0.40765799999999996,BIS LBS: reporter-country all-currency loans/deposits claims on UAE
2004-03-31,SE,SE: Sweden,0.09487200000000001,BIS LBS: reporter-country all-currency loans/deposits claims on UAE
2004-03-31,TW,TW: Chinese Taipei,0.12405000000000001,BIS LBS: reporter-country all-currency loans/deposits claims on UAE
2004-06-30,AU,AU: Australia,0.07408100000000001,BIS LBS: reporter-country all-currency loans/deposits claims on UAE
2004-06-30,BE,BE: Belgium,0.46260599999999996,BIS LBS: reporter-country all-currency loans/deposits claims on UAE
2004-06-30,CH,CH: Switzerland,1.738842,BIS LBS: reporter-country all-currency loans/deposits claims on UAE
2004-06-30,DK,DK: Denmark,0.2517889999999999,BIS LBS: reporter-country all-currency loans/deposits claims on UAE
2004-06-30,FI,FI: Finland,0.287023,BIS LBS: reporter-country all-currency loans/deposits claims on UAE
2004-06-30,FR,FR: France,1.1251229999999999,BIS LBS: reporter-country all-currency loans/deposits claims on UAE
2004-06-30,GB,GB: United Kingdom,8.710059,BIS LBS: reporter-country all-currency loans/deposits claims on UAE
2004-06-30,IE,IE: Ireland,0.9970359999999999,BIS LBS: reporter-country all-currency loans/deposits claims on UAE
2004-06-30,JE,JE: Jersey,0.45931799999999995,BIS LBS: reporter-country all-currency loans/deposits claims on UAE
2004-06-30,LU,LU: Luxembourg,0.39468200000000003,BIS LBS: reporter-country all-currency loans/deposits claims on UAE
2004-06-30,SE,SE: Sweden,0.12107399999999999,BIS LBS: reporter-country all-currency loans/deposits claims on UAE
2004-06-30,TW,TW: Chinese Taipei,0.14848,BIS LBS: reporter-country all-currency loans/deposits claims on UAE
2004-09-30,AU,AU: Australia,0.048916,BIS LBS: reporter-country all-currency loans/deposits claims on UAE
2004-09-30,BE,BE: Belgium,0.421821,BIS LBS: reporter-country all-currency loans/deposits claims on UAE
2004-09-30,CH,CH: Switzerland,1.145316,BIS LBS: reporter-country all-currency loans/deposits claims on UAE
2004-09-30,CL,CL: Chile,0.002,BIS LBS: reporter-country all-currency loans/deposits claims on UAE
2004-09-30,DK,DK: Denmark,0.271445,BIS LBS: reporter-country all-currency loans/deposits claims on UAE
2004-09-30,FI,FI: Finland,-0.007983,BIS LBS: reporter-country all-currency loans/deposits claims on UAE
2004-09-30,FR,FR: France,0.790271,BIS LBS: reporter-country all-currency loans/deposits claims on UAE
2004-09-30,GB,GB: United Kingdom,10.563583,BIS LBS: reporter-country all-currency loans/deposits claims on UAE
2004-09-30,IE,IE: Ireland,2.427012,BIS LBS: reporter-country all-currency loans/deposits claims on UAE
2004-09-30,JE,JE: Jersey,0.5113300000000001,BIS LBS: reporter-country all-currency loans/deposits claims on UAE
2004-09-30,LU,LU: Luxembourg,0.599207,BIS LBS: reporter-country all-currency loans/deposits claims on UAE
2004-09-30,SE,SE: Sweden,0.054747000000000004,BIS LBS: reporter-country all-currency loans/deposits claims on UAE
2004-09-30,TW,TW: Chinese Taipei,0.0832,BIS LBS: reporter-country all-currency loans/deposits claims on UAE
2004-12-31,AU,AU: Australia,0.176932,BIS LBS: reporter-country all-currency loans/deposits claims on UAE
2004-12-31,BE,BE: Belgium,0.43380399999999997,BIS LBS: reporter-country all-currency loans/deposits claims on UAE
2004-12-31,CH,CH: Switzerland,1.88789,BIS LBS: reporter-country all-currency loans/deposits claims on UAE
2004-12-31,CL,CL: Chile,0.001,BIS LBS: reporter-country all-currency loans/deposits claims on UAE
2004-12-31,DK,DK: Denmark,0.14835199999999998,BIS LBS: reporter-country all-currency loans/deposits claims on UAE
2004-12-31,FI,FI: Finland,-0.106706,BIS LBS: reporter-country all-currency loans/deposits claims on UAE
2004-12-31,FR,FR: France,1.000687,BIS LBS: reporter-country all-currency loans/deposits claims on UAE
2004-12-31,GB,GB: United Kingdom,20.45061,BIS LBS: reporter-country all-currency loans/deposits claims on UAE
2004-12-31,IE,IE: Ireland,0.165588,BIS LBS: reporter-country all-currency loans/deposits claims on UAE
2004-12-31,JE,JE: Jersey,0.5661500000000002,BIS LBS: reporter-country all-currency loans/deposits claims on UAE
2004-12-31,LU,LU: Luxembourg,1.521285,BIS LBS: reporter-country all-currency loans/deposits claims on UAE
2004-12-31,SE,SE: Sweden,0.027936000000000002,BIS LBS: reporter-country all-currency loans/deposits claims on UAE
2004-12-31,TW,TW: Chinese Taipei,0.036453,BIS LBS: reporter-country all-currency loans/deposits claims on UAE
2005-03-31,AU,AU: Australia,0.124891,BIS LBS: reporter-country all-currency loans/deposits claims on UAE
2005-03-31,BE,BE: Belgium,0.768228,BIS LBS: reporter-country all-currency loans/deposits claims on UAE
2005-03-31,CH,CH: Switzerland,2.106839,BIS LBS: reporter-country all-currency loans/deposits claims on UAE
2005-03-31,DK,DK: Denmark,0.046922,BIS LBS: reporter-country all-currency loans/deposits claims on UAE
2005-03-31,FI,FI: Finland,-0.105002,BIS LBS: reporter-country all-currency loans/deposits claims on UAE
2005-03-31,FR,FR: France,0.514793,BIS LBS: reporter-country all-currency loans/deposits claims on UAE
2005-03-31,GB,GB: United Kingdom,3.557257,BIS LBS: reporter-country all-currency loans/deposits claims on UAE
2005-03-31,IE,IE: Ireland,1.3117100000000002,BIS LBS: reporter-country all-currency loans/deposits claims on UAE
2005-03-31,JE,JE: Jersey,0.415918,BIS LBS: reporter-country all-currency loans/deposits claims on UAE
2005-03-31,KR,KR: Korea,0.347,BIS LBS: reporter-country all-currency loans/deposits claims on UAE
2005-03-31,LU,LU: Luxembourg,0.526907,BIS LBS: reporter-country all-currency loans/deposits claims on UAE
2005-03-31,SE,SE: Sweden,-0.038378999999999996,BIS LBS: reporter-country all-currency loans/deposits claims on UAE
2005-03-31,TW,TW: Chinese Taipei,0.43570000000000003,BIS LBS: reporter-country all-currency loans/deposits claims on UAE
2005-06-30,AU,AU: Australia,0.164982,BIS LBS: reporter-country all-currency loans/deposits claims on UAE
2005-06-30,BE,BE: Belgium,0.632696,BIS LBS: reporter-country all-currency loans/deposits claims on UAE
2005-06-30,CH,CH: Switzerland,1.376746,BIS LBS: reporter-country all-currency loans/deposits claims on UAE
2005-06-30,CL,CL: Chile,0.004,BIS LBS: reporter-country all-currency loans/deposits claims on UAE
2005-06-30,DK,DK: Denmark,0.08160799999999999,BIS LBS: reporter-country all-currency loans/deposits claims on UAE
2005-06-30,FI,FI: Finland,-0.074577,BIS LBS: reporter-country all-currency loans/deposits claims on UAE
2005-06-30,FR,FR: France,1.221954,BIS LBS: reporter-country all-currency loans/deposits claims on UAE
2005-06-30,GB,GB: United Kingdom,8.755638000000001,BIS LBS: reporter-country all-currency loans/deposits claims on UAE
2005-06-30,IE,IE: Ireland,1.093184,BIS LBS: reporter-country all-currency loans/deposits claims on UAE
2005-06-30,JE,JE: Jersey,0.612336,BIS LBS: reporter-country all-currency loans/deposits claims on UAE
2005-06-30,KR,KR: Korea,0.38598499999999997,BIS LBS: reporter-country all-currency loans/deposits claims on UAE
2005-06-30,LU,LU: Luxembourg,0.5845809999999999,BIS LBS: reporter-country all-currency loans/deposits claims on UAE
2005-06-30,SE,SE: Sweden,0.0021560000000000034,BIS LBS: reporter-country all-currency loans/deposits claims on UAE
2005-06-30,TW,TW: Chinese Taipei,0.46041,BIS LBS: reporter-country all-currency loans/deposits claims on UAE
2005-09-30,AU,AU: Australia,0.19739299999999999,BIS LBS: reporter-country all-currency loans/deposits claims on UAE
2005-09-30,BE,BE: Belgium,1.196754,BIS LBS: reporter-country all-currency loans/deposits claims on UAE
2005-09-30,CH,CH: Switzerland,5.507248,BIS LBS: reporter-country all-currency loans/deposits claims on UAE
2005-09-30,CL,CL: Chile,0.002,BIS LBS: reporter-country all-currency loans/deposits claims on UAE
2005-09-30,DK,DK: Denmark,0.083513,BIS LBS: reporter-country all-currency loans/deposits claims on UAE
2005-09-30,FR,FR: France,2.102614,BIS LBS: reporter-country all-currency loans/deposits claims on UAE
2005-09-30,GB,GB: United Kingdom,10.982765,BIS LBS: reporter-country all-currency loans/deposits claims on UAE
2005-09-30,IE,IE: Ireland,0.453969,BIS LBS: reporter-country all-currency loans/deposits claims on UAE
2005-09-30,JE,JE: Jersey,0.500483,BIS LBS: reporter-country all-currency loans/deposits claims on UAE
2005-09-30,KR,KR: Korea,0.367813,BIS LBS: reporter-country all-currency loans/deposits claims on UAE
2005-09-30,LU,LU: Luxembourg,0.45599199999999995,BIS LBS: reporter-country all-currency loans/deposits claims on UAE
2005-09-30,SE,SE: Sweden,-0.0069720000000000025,BIS LBS: reporter-country all-currency loans/deposits claims on UAE
2005-09-30,TW,TW: Chinese Taipei,0.38034,BIS LBS: reporter-country all-currency loans/deposits claims on UAE
2005-12-31,AU,AU: Australia,0.39303699999999997,BIS LBS: reporter-country all-currency loans/deposits claims on UAE
2005-12-31,BE,BE: Belgium,1.040847,BIS LBS: reporter-country all-currency loans/deposits claims on UAE
2005-12-31,CH,CH: Switzerland,5.5569999999999995,BIS LBS: reporter-country all-currency loans/deposits claims on UAE
2005-12-31,CL,CL: Chile,0.001,BIS LBS: reporter-country all-currency loans/deposits claims on UAE
2005-12-31,DK,DK: Denmark,0.14754699999999998,BIS LBS: reporter-country all-currency loans/deposits claims on UAE
2005-12-31,FI,FI: Finland,0.012004,BIS LBS: reporter-country all-currency loans/deposits claims on UAE
2005-12-31,FR,FR: France,2.423926,BIS LBS: reporter-country all-currency loans/deposits claims on UAE
2005-12-31,GB,GB: United Kingdom,17.100609,BIS LBS: reporter-country all-currency loans/deposits claims on UAE
2005-12-31,IE,IE: Ireland,0.680079,BIS LBS: reporter-country all-currency loans/deposits claims on UAE
2005-12-31,JE,JE: Jersey,0.6897470000000001,BIS LBS: reporter-country all-currency loans/deposits claims on UAE
2005-12-31,KR,KR: Korea,0.303958,BIS LBS: reporter-country all-currency loans/deposits claims on UAE
2005-12-31,LU,LU: Luxembourg,0.38924,BIS LBS: reporter-country all-currency loans/deposits claims on UAE
2005-12-31,SE,SE: Sweden,0.139132,BIS LBS: reporter-country all-currency loans/deposits claims on UAE
2005-12-31,TW,TW: Chinese Taipei,0.60666,BIS LBS: reporter-country all-currency loans/deposits claims on UAE
2006-03-31,AU,AU: Australia,0.39533199999999996,BIS LBS: reporter-country all-currency loans/deposits claims on UAE
2006-03-31,BE,BE: Belgium,0.723077,BIS LBS: reporter-country all-currency loans/deposits claims on UAE
2006-03-31,CH,CH: Switzerland,4.686151,BIS LBS: reporter-country all-currency loans/deposits claims on UAE
2006-03-31,CL,CL: Chile,0.001,BIS LBS: reporter-country all-currency loans/deposits claims on UAE
2006-03-31,DK,DK: Denmark,0.193075,BIS LBS: reporter-country all-currency loans/deposits claims on UAE
2006-03-31,FI,FI: Finland,0.003992,BIS LBS: reporter-country all-currency loans/deposits claims on UAE
2006-03-31,FR,FR: France,2.851054,BIS LBS: reporter-country all-currency loans/deposits claims on UAE
2006-03-31,GB,GB: United Kingdom,23.73343,BIS LBS: reporter-country all-currency loans/deposits claims on UAE
2006-03-31,GG,GG: Guernsey,0.008032000000000001,BIS LBS: reporter-country all-currency loans/deposits claims on UAE
2006-03-31,IE,IE: Ireland,0.31130599999999997,BIS LBS: reporter-country all-currency loans/deposits claims on UAE
2006-03-31,JE,JE: Jersey,0.6366390000000001,BIS LBS: reporter-country all-currency loans/deposits claims on UAE
2006-03-31,KR,KR: Korea,0.45140600000000003,BIS LBS: reporter-country all-currency loans/deposits claims on UAE
2006-03-31,LU,LU: Luxembourg,14.046558000000001,BIS LBS: reporter-country all-currency loans/deposits claims on UAE
2006-03-31,SE,SE: Sweden,0.45944399999999996,BIS LBS: reporter-country all-currency loans/deposits claims on UAE
2006-03-31,TW,TW: Chinese Taipei,-0.0006199999999999921,BIS LBS: reporter-country all-currency loans/deposits claims on UAE
2006-06-30,AU,AU: Australia,0.437464,BIS LBS: reporter-country all-currency loans/deposits claims on UAE
2006-06-30,BE,BE: Belgium,2.342521,BIS LBS: reporter-country all-currency loans/deposits claims on UAE
2006-06-30,CH,CH: Switzerland,5.349857,BIS LBS: reporter-country all-currency loans/deposits claims on UAE
2006-06-30,DK,DK: Denmark,0.14319300000000001,BIS LBS: reporter-country all-currency loans/deposits claims on UAE
2006-06-30,FI,FI: Finland,0.005,BIS LBS: reporter-country all-currency loans/deposits claims on UAE
2006-06-30,FR,FR: France,3.656908,BIS LBS: reporter-country all-currency loans/deposits claims on UAE
2006-06-30,GB,GB: United Kingdom,16.821706,BIS LBS: reporter-country all-currency loans/deposits claims on UAE
2006-06-30,GG,GG: Guernsey,0.007764,BIS LBS: reporter-country all-currency loans/deposits claims on UAE
2006-06-30,IE,IE: Ireland,0.8484369999999999,BIS LBS: reporter-country all-currency loans/deposits claims on UAE
2006-06-30,JE,JE: Jersey,0.593478,BIS LBS: reporter-country all-currency loans/deposits claims on UAE
2006-06-30,KR,KR: Korea,0.383575,BIS LBS: reporter-country all-currency loans/deposits claims on UAE
2006-06-30,LU,LU: Luxembourg,-4.22352,BIS LBS: reporter-country all-currency loans/deposits claims on UAE
2006-06-30,SE,SE: Sweden,0.312048,BIS LBS: reporter-country all-currency loans/deposits claims on UAE
2006-06-30,TW,TW: Chinese Taipei,0.633147,BIS LBS: reporter-country all-currency loans/deposits claims on UAE
2006-09-30,AU,AU: Australia,0.5496920000000001,BIS LBS: reporter-country all-currency loans/deposits claims on UAE
2006-09-30,BE,BE: Belgium,1.6619099999999998,BIS LBS: reporter-country all-currency loans/deposits claims on UAE
2006-09-30,CH,CH: Switzerland,5.746302999999999,BIS LBS: reporter-country all-currency loans/deposits claims on UAE
2006-09-30,DK,DK: Denmark,0.094912,BIS LBS: reporter-country all-currency loans/deposits claims on UAE
2006-09-30,FI,FI: Finland,0.005,BIS LBS: reporter-country all-currency loans/deposits claims on UAE
2006-09-30,FR,FR: France,3.7948649999999997,BIS LBS: reporter-country all-currency loans/deposits claims on UAE
2006-09-30,GB,GB: United Kingdom,25.637912999999998,BIS LBS: reporter-country all-currency loans/deposits claims on UAE
2006-09-30,GG,GG: Guernsey,0.0058980000000000005,BIS LBS: reporter-country all-currency loans/deposits claims on UAE
2006-09-30,IE,IE: Ireland,1.359481,BIS LBS: reporter-country all-currency loans/deposits claims on UAE
2006-09-30,JE,JE: Jersey,0.638265,BIS LBS: reporter-country all-currency loans/deposits claims on UAE
2006-09-30,KR,KR: Korea,0.489089,BIS LBS: reporter-country all-currency loans/deposits claims on UAE
2006-09-30,LU,LU: Luxembourg,2.43534,BIS LBS: reporter-country all-currency loans/deposits claims on UAE
2006-09-30,SE,SE: Sweden,0.37063799999999997,BIS LBS: reporter-country all-currency loans/deposits claims on UAE
2006-09-30,TW,TW: Chinese Taipei,0.76422,BIS LBS: reporter-country all-currency loans/deposits claims on UAE
2006-12-31,AU,AU: Australia,0.41652900000000004,BIS LBS: reporter-country all-currency loans/deposits claims on UAE
2006-12-31,BE,BE: Belgium,1.56989,BIS LBS: reporter-country all-currency loans/deposits claims on UAE
2006-12-31,CH,CH: Switzerland,5.857686,BIS LBS: reporter-country all-currency loans/deposits claims on UAE
2006-12-31,DK,DK: Denmark,0.31375200000000003,BIS LBS: reporter-country all-currency loans/deposits claims on UAE
2006-12-31,FI,FI: Finland,0.04412,BIS LBS: reporter-country all-currency loans/deposits claims on UAE
2006-12-31,FR,FR: France,4.910542,BIS LBS: reporter-country all-currency loans/deposits claims on UAE
2006-12-31,GB,GB: United Kingdom,24.234054,BIS LBS: reporter-country all-currency loans/deposits claims on UAE
2006-12-31,GG,GG: Guernsey,0.005708,BIS LBS: reporter-country all-currency loans/deposits claims on UAE
2006-12-31,IE,IE: Ireland,1.263466,BIS LBS: reporter-country all-currency loans/deposits claims on UAE
2006-12-31,JE,JE: Jersey,2.610806,BIS LBS: reporter-country all-currency loans/deposits claims on UAE
2006-12-31,KR,KR: Korea,0.530992,BIS LBS: reporter-country all-currency loans/deposits claims on UAE
2006-12-31,LU,LU: Luxembourg,2.888028,BIS LBS: reporter-country all-currency loans/deposits claims on UAE
2006-12-31,SE,SE: Sweden,0.329706,BIS LBS: reporter-country all-currency loans/deposits claims on UAE
2006-12-31,TW,TW: Chinese Taipei,0.9405600000000001,BIS LBS: reporter-country all-currency loans/deposits claims on UAE
2007-03-31,AU,AU: Australia,0.470303,BIS LBS: reporter-country all-currency loans/deposits claims on UAE
2007-03-31,BE,BE: Belgium,1.5695480000000002,BIS LBS: reporter-country all-currency loans/deposits claims on UAE
2007-03-31,CH,CH: Switzerland,6.559569000000001,BIS LBS: reporter-country all-currency loans/deposits claims on UAE
2007-03-31,CL,CL: Chile,0.006,BIS LBS: reporter-country all-currency loans/deposits claims on UAE
2007-03-31,DK,DK: Denmark,0.261636,BIS LBS: reporter-country all-currency loans/deposits claims on UAE
2007-03-31,FI,FI: Finland,0.133853,BIS LBS: reporter-country all-currency loans/deposits claims on UAE
2007-03-31,FR,FR: France,3.367909,BIS LBS: reporter-country all-currency loans/deposits claims on UAE
2007-03-31,GB,GB: United Kingdom,20.048433,BIS LBS: reporter-country all-currency loans/deposits claims on UAE
2007-03-31,GG,GG: Guernsey,0.07578599999999999,BIS LBS: reporter-country all-currency loans/deposits claims on UAE
2007-03-31,IE,IE: Ireland,0.903363,BIS LBS: reporter-country all-currency loans/deposits claims on UAE
2007-03-31,JE,JE: Jersey,1.999159,BIS LBS: reporter-country all-currency loans/deposits claims on UAE
2007-03-31,KR,KR: Korea,0.576609,BIS LBS: reporter-country all-currency loans/deposits claims on UAE
2007-03-31,LU,LU: Luxembourg,1.7672100000000002,BIS LBS: reporter-country all-currency loans/deposits claims on UAE
2007-03-31,SE,SE: Sweden,0.277879,BIS LBS: reporter-country all-currency loans/deposits claims on UAE
2007-03-31,TW,TW: Chinese Taipei,1.019463,BIS LBS: reporter-country all-currency loans/deposits claims on UAE
2007-06-30,AU,AU: Australia,0.36719900000000005,BIS LBS: reporter-country all-currency loans/deposits claims on UAE
2007-06-30,BE,BE: Belgium,2.499292,BIS LBS: reporter-country all-currency loans/deposits claims on UAE
2007-06-30,CH,CH: Switzerland,7.200169000000001,BIS LBS: reporter-country all-currency loans/deposits claims on UAE
2007-06-30,CL,CL: Chile,0.0,BIS LBS: reporter-country all-currency loans/deposits claims on UAE
2007-06-30,DK,DK: Denmark,0.26737,BIS LBS: reporter-country all-currency loans/deposits claims on UAE
2007-06-30,FI,FI: Finland,0.108786,BIS LBS: reporter-country all-currency loans/deposits claims on UAE
2007-06-30,FR,FR: France,5.26578,BIS LBS: reporter-country all-currency loans/deposits claims on UAE
2007-06-30,GB,GB: United Kingdom,33.858816,BIS LBS: reporter-country all-currency loans/deposits claims on UAE
2007-06-30,GG,GG: Guernsey,-0.011156000000000001,BIS LBS: reporter-country all-currency loans/deposits claims on UAE
2007-06-30,IE,IE: Ireland,0.736456,BIS LBS: reporter-country all-currency loans/deposits claims on UAE
2007-06-30,JE,JE: Jersey,2.169892,BIS LBS: reporter-country all-currency loans/deposits claims on UAE
2007-06-30,KR,KR: Korea,0.755185,BIS LBS: reporter-country all-currency loans/deposits claims on UAE
2007-06-30,LU,LU: Luxembourg,2.002736,BIS LBS: reporter-country all-currency loans/deposits claims on UAE
2007-06-30,SE,SE: Sweden,0.064134,BIS LBS: reporter-country all-currency loans/deposits claims on UAE
2007-06-30,TW,TW: Chinese Taipei,0.650384,BIS LBS: reporter-country all-currency loans/deposits claims on UAE
2007-09-30,AT,AT: Austria,1.288312,BIS LBS: reporter-country all-currency loans/deposits claims on UAE
2007-09-30,AU,AU: Australia,0.407633,BIS LBS: reporter-country all-currency loans/deposits claims on UAE
2007-09-30,BE,BE: Belgium,1.68463,BIS LBS: reporter-country all-currency loans/deposits claims on UAE
2007-09-30,CA,CA: Canada,0.046314,BIS LBS: reporter-country all-currency loans/deposits claims on UAE
2007-09-30,CH,CH: Switzerland,5.041605,BIS LBS: reporter-country all-currency loans/deposits claims on UAE
2007-09-30,CL,CL: Chile,0.001,BIS LBS: reporter-country all-currency loans/deposits claims on UAE
2007-09-30,DK,DK: Denmark,0.313374,BIS LBS: reporter-country all-currency loans/deposits claims on UAE
2007-09-30,FI,FI: Finland,0.21803100000000003,BIS LBS: reporter-country all-currency loans/deposits claims on UAE
2007-09-30,FR,FR: France,4.740874,BIS LBS: reporter-country all-currency loans/deposits claims on UAE
2007-09-30,GB,GB: United Kingdom,45.68472,BIS LBS: reporter-country all-currency loans/deposits claims on UAE
2007-09-30,GG,GG: Guernsey,-0.010811999999999999,BIS LBS: reporter-country all-currency loans/deposits claims on UAE
2007-09-30,IE,IE: Ireland,0.19009,BIS LBS: reporter-country all-currency loans/deposits claims on UAE
2007-09-30,JE,JE: Jersey,1.878886,BIS LBS: reporter-country all-currency loans/deposits claims on UAE
2007-09-30,KR,KR: Korea,0.501385,BIS LBS: reporter-country all-currency loans/deposits claims on UAE
2007-09-30,LU,LU: Luxembourg,1.140981,BIS LBS: reporter-country all-currency loans/deposits claims on UAE
2007-09-30,SE,SE: Sweden,0.13108999999999998,BIS LBS: reporter-country all-currency loans/deposits claims on UAE
2007-09-30,TW,TW: Chinese Taipei,0.607611,BIS LBS: reporter-country all-currency loans/deposits claims on UAE
2007-12-31,AT,AT: Austria,2.198936,BIS LBS: reporter-country all-currency loans/deposits claims on UAE
2007-12-31,AU,AU: Australia,0.351465,BIS LBS: reporter-country all-currency loans/deposits claims on UAE
2007-12-31,BE,BE: Belgium,9.082066000000001,BIS LBS: reporter-country all-currency loans/deposits claims on UAE
2007-12-31,CA,CA: Canada,0.091561,BIS LBS: reporter-country all-currency loans/deposits claims on UAE
2007-12-31,CH,CH: Switzerland,9.152704,BIS LBS: reporter-country all-currency loans/deposits claims on UAE
2007-12-31,DK,DK: Denmark,0.147178,BIS LBS: reporter-country all-currency loans/deposits claims on UAE
2007-12-31,FI,FI: Finland,0.77904,BIS LBS: reporter-country all-currency loans/deposits claims on UAE
2007-12-31,FR,FR: France,5.667776,BIS LBS: reporter-country all-currency loans/deposits claims on UAE
2007-12-31,GB,GB: United Kingdom,50.531501,BIS LBS: reporter-country all-currency loans/deposits claims on UAE
2007-12-31,GG,GG: Guernsey,0.001382,BIS LBS: reporter-country all-currency loans/deposits claims on UAE
2007-12-31,IE,IE: Ireland,0.637039,BIS LBS: reporter-country all-currency loans/deposits claims on UAE
2007-12-31,JE,JE: Jersey,0.0014799999999999813,BIS LBS: reporter-country all-currency loans/deposits claims on UAE
2007-12-31,KR,KR: Korea,0.632343,BIS LBS: reporter-country all-currency loans/deposits claims on UAE
2007-12-31,LU,LU: Luxembourg,3.556431,BIS LBS: reporter-country all-currency loans/deposits claims on UAE
2007-12-31,SE,SE: Sweden,0.42498800000000003,BIS LBS: reporter-country all-currency loans/deposits claims on UAE
2007-12-31,TW,TW: Chinese Taipei,1.305745,BIS LBS: reporter-country all-currency loans/deposits claims on UAE
2008-03-31,AT,AT: Austria,2.103019,BIS LBS: reporter-country all-currency loans/deposits claims on UAE
2008-03-31,AU,AU: Australia,0.5539499999999999,BIS LBS: reporter-country all-currency loans/deposits claims on UAE
2008-03-31,BE,BE: Belgium,5.483091,BIS LBS: reporter-country all-currency loans/deposits claims on UAE
2008-03-31,CA,CA: Canada,0.141058,BIS LBS: reporter-country all-currency loans/deposits claims on UAE
2008-03-31,CH,CH: Switzerland,8.104572,BIS LBS: reporter-country all-currency loans/deposits claims on UAE
2008-03-31,CL,CL: Chile,0.008,BIS LBS: reporter-country all-currency loans/deposits claims on UAE
2008-03-31,DK,DK: Denmark,0.1199730000000001,BIS LBS: reporter-country all-currency loans/deposits claims on UAE
2008-03-31,FI,FI: Finland,0.14487799999999998,BIS LBS: reporter-country all-currency loans/deposits claims on UAE
2008-03-31,FR,FR: France,7.068573,BIS LBS: reporter-country all-currency loans/deposits claims on UAE
2008-03-31,GB,GB: United Kingdom,63.243147,BIS LBS: reporter-country all-currency loans/deposits claims on UAE
2008-03-31,GG,GG: Guernsey,-0.06559,BIS LBS: reporter-country all-currency loans/deposits claims on UAE
2008-03-31,IE,IE: Ireland,0.8410200000000001,BIS LBS: reporter-country all-currency loans/deposits claims on UAE
2008-03-31,JE,JE: Jersey,0.7208270000000001,BIS LBS: reporter-country all-currency loans/deposits claims on UAE
2008-03-31,KR,KR: Korea,0.856448,BIS LBS: reporter-country all-currency loans/deposits claims on UAE
2008-03-31,LU,LU: Luxembourg,2.536908,BIS LBS: reporter-country all-currency loans/deposits claims on UAE
2008-03-31,SE,SE: Sweden,0.267875,BIS LBS: reporter-country all-currency loans/deposits claims on UAE
2008-03-31,TW,TW: Chinese Taipei,1.752731,BIS LBS: reporter-country all-currency loans/deposits claims on UAE
2008-06-30,AT,AT: Austria,1.7438919999999998,BIS LBS: reporter-country all-currency loans/deposits claims on UAE
2008-06-30,AU,AU: Australia,0.477985,BIS LBS: reporter-country all-currency loans/deposits claims on UAE
2008-06-30,BE,BE: Belgium,6.964883,BIS LBS: reporter-country all-currency loans/deposits claims on UAE
2008-06-30,BR,BR: Brazil,0.148,BIS LBS: reporter-country all-currency loans/deposits claims on UAE
2008-06-30,CH,CH: Switzerland,7.2385340000000005,BIS LBS: reporter-country all-currency loans/deposits claims on UAE
2008-06-30,CL,CL: Chile,0.0,BIS LBS: reporter-country all-currency loans/deposits claims on UAE
2008-06-30,DK,DK: Denmark,0.302435,BIS LBS: reporter-country all-currency loans/deposits claims on UAE
2008-06-30,FI,FI: Finland,-0.011407,BIS LBS: reporter-country all-currency loans/deposits claims on UAE
2008-06-30,FR,FR: France,3.9777340000000003,BIS LBS: reporter-country all-currency loans/deposits claims on UAE
2008-06-30,GB,GB: United Kingdom,57.894259,BIS LBS: reporter-country all-currency loans/deposits claims on UAE
2008-06-30,GG,GG: Guernsey,0.578418,BIS LBS: reporter-country all-currency loans/deposits claims on UAE
2008-06-30,IE,IE: Ireland,0.621673,BIS LBS: reporter-country all-currency loans/deposits claims on UAE
2008-06-30,JE,JE: Jersey,1.241718,BIS LBS: reporter-country all-currency loans/deposits claims on UAE
2008-06-30,KR,KR: Korea,0.757054,BIS LBS: reporter-country all-currency loans/deposits claims on UAE
2008-06-30,LU,LU: Luxembourg,1.872723,BIS LBS: reporter-country all-currency loans/deposits claims on UAE
2008-06-30,SE,SE: Sweden,3.059621,BIS LBS: reporter-country all-currency loans/deposits claims on UAE
2008-06-30,TW,TW: Chinese Taipei,2.954416,BIS LBS: reporter-country all-currency loans/deposits claims on UAE
2008-09-30,AT,AT: Austria,2.029485,BIS LBS: reporter-country all-currency loans/deposits claims on UAE
2008-09-30,AU,AU: Australia,-0.056185999999999986,BIS LBS: reporter-country all-currency loans/deposits claims on UAE
2008-09-30,BE,BE: Belgium,5.350407,BIS LBS: reporter-country all-currency loans/deposits claims on UAE
2008-09-30,BR,BR: Brazil,0.026000000000000002,BIS LBS: reporter-country all-currency loans/deposits claims on UAE
2008-09-30,CA,CA: Canada,0.243976,BIS LBS: reporter-country all-currency loans/deposits claims on UAE
2008-09-30,CH,CH: Switzerland,6.94847,BIS LBS: reporter-country all-currency loans/deposits claims on UAE
2008-09-30,DK,DK: Denmark,0.11735899999999999,BIS LBS: reporter-country all-currency loans/deposits claims on UAE
2008-09-30,FI,FI: Finland,-0.06325499999999999,BIS LBS: reporter-country all-currency loans/deposits claims on UAE
2008-09-30,FR,FR: France,5.121666,BIS LBS: reporter-country all-currency loans/deposits claims on UAE
2008-09-30,GB,GB: United Kingdom,60.56614700000001,BIS LBS: reporter-country all-currency loans/deposits claims on UAE
2008-09-30,GG,GG: Guernsey,-0.032556,BIS LBS: reporter-country all-currency loans/deposits claims on UAE
2008-09-30,IE,IE: Ireland,0.292972,BIS LBS: reporter-country all-currency loans/deposits claims on UAE
2008-09-30,JE,JE: Jersey,0.852027,BIS LBS: reporter-country all-currency loans/deposits claims on UAE
2008-09-30,KR,KR: Korea,1.4837539999999998,BIS LBS: reporter-country all-currency loans/deposits claims on UAE
2008-09-30,LU,LU: Luxembourg,4.665278,BIS LBS: reporter-country all-currency loans/deposits claims on UAE
2008-09-30,SE,SE: Sweden,2.428092,BIS LBS: reporter-country all-currency loans/deposits claims on UAE
2008-09-30,TW,TW: Chinese Taipei,2.989591,BIS LBS: reporter-country all-currency loans/deposits claims on UAE
2008-12-31,AT,AT: Austria,1.704858,BIS LBS: reporter-country all-currency loans/deposits claims on UAE
2008-12-31,AU,AU: Australia,0.122936,BIS LBS: reporter-country all-currency loans/deposits claims on UAE
2008-12-31,BE,BE: Belgium,4.700286,BIS LBS: reporter-country all-currency loans/deposits claims on UAE
2008-12-31,BR,BR: Brazil,0.05,BIS LBS: reporter-country all-currency loans/deposits claims on UAE
2008-12-31,CA,CA: Canada,0.29011,BIS LBS: reporter-country all-currency loans/deposits claims on UAE
2008-12-31,CH,CH: Switzerland,6.117606,BIS LBS: reporter-country all-currency loans/deposits claims on UAE
2008-12-31,DK,DK: Denmark,0.170063,BIS LBS: reporter-country all-currency loans/deposits claims on UAE
2008-12-31,FI,FI: Finland,0.12111499999999989,BIS LBS: reporter-country all-currency loans/deposits claims on UAE
2008-12-31,FR,FR: France,5.659789,BIS LBS: reporter-country all-currency loans/deposits claims on UAE
2008-12-31,GB,GB: United Kingdom,62.762418000000004,BIS LBS: reporter-country all-currency loans/deposits claims on UAE
2008-12-31,GG,GG: Guernsey,-0.08024,BIS LBS: reporter-country all-currency loans/deposits claims on UAE
2008-12-31,IE,IE: Ireland,0.904028,BIS LBS: reporter-country all-currency loans/deposits claims on UAE
2008-12-31,JE,JE: Jersey,0.867186,BIS LBS: reporter-country all-currency loans/deposits claims on UAE
2008-12-31,KR,KR: Korea,0.587457,BIS LBS: reporter-country all-currency loans/deposits claims on UAE
2008-12-31,LU,LU: Luxembourg,2.380024,BIS LBS: reporter-country all-currency loans/deposits claims on UAE
2008-12-31,SE,SE: Sweden,1.257041,BIS LBS: reporter-country all-currency loans/deposits claims on UAE
2008-12-31,TW,TW: Chinese Taipei,2.062455,BIS LBS: reporter-country all-currency loans/deposits claims on UAE
2009-03-31,AT,AT: Austria,1.1438679999999999,BIS LBS: reporter-country all-currency loans/deposits claims on UAE
2009-03-31,AU,AU: Australia,0.130043,BIS LBS: reporter-country all-currency loans/deposits claims on UAE
2009-03-31,BE,BE: Belgium,5.485333000000001,BIS LBS: reporter-country all-currency loans/deposits claims on UAE
2009-03-31,CA,CA: Canada,0.083506,BIS LBS: reporter-country all-currency loans/deposits claims on UAE
2009-03-31,CH,CH: Switzerland,6.39215,BIS LBS: reporter-country all-currency loans/deposits claims on UAE
2009-03-31,DK,DK: Denmark,0.162136,BIS LBS: reporter-country all-currency loans/deposits claims on UAE
2009-03-31,FI,FI: Finland,0.07027299999999999,BIS LBS: reporter-country all-currency loans/deposits claims on UAE
2009-03-31,FR,FR: France,7.6979239999999995,BIS LBS: reporter-country all-currency loans/deposits claims on UAE
2009-03-31,GB,GB: United Kingdom,53.074241,BIS LBS: reporter-country all-currency loans/deposits claims on UAE
2009-03-31,GG,GG: Guernsey,-0.018536,BIS LBS: reporter-country all-currency loans/deposits claims on UAE
2009-03-31,IE,IE: Ireland,-0.043016,BIS LBS: reporter-country all-currency loans/deposits claims on UAE
2009-03-31,JE,JE: Jersey,0.9378090000000001,BIS LBS: reporter-country all-currency loans/deposits claims on UAE
2009-03-31,KR,KR: Korea,0.375979,BIS LBS: reporter-country all-currency loans/deposits claims on UAE
2009-03-31,LU,LU: Luxembourg,3.6665389999999998,BIS LBS: reporter-country all-currency loans/deposits claims on UAE
2009-03-31,SE,SE: Sweden,0.682031,BIS LBS: reporter-country all-currency loans/deposits claims on UAE
2009-03-31,TW,TW: Chinese Taipei,1.2214550000000002,BIS LBS: reporter-country all-currency loans/deposits claims on UAE
2009-06-30,AT,AT: Austria,1.525996,BIS LBS: reporter-country all-currency loans/deposits claims on UAE
2009-06-30,AU,AU: Australia,0.15784399999999998,BIS LBS: reporter-country all-currency loans/deposits claims on UAE
2009-06-30,BE,BE: Belgium,6.883508,BIS LBS: reporter-country all-currency loans/deposits claims on UAE
2009-06-30,BR,BR: Brazil,0.05,BIS LBS: reporter-country all-currency loans/deposits claims on UAE
2009-06-30,CA,CA: Canada,0.428465,BIS LBS: reporter-country all-currency loans/deposits claims on UAE
2009-06-30,CH,CH: Switzerland,5.359126,BIS LBS: reporter-country all-currency loans/deposits claims on UAE
2009-06-30,DK,DK: Denmark,0.077011,BIS LBS: reporter-country all-currency loans/deposits claims on UAE
2009-06-30,FI,FI: Finland,0.172309,BIS LBS: reporter-country all-currency loans/deposits claims on UAE
2009-06-30,FR,FR: France,8.510325,BIS LBS: reporter-country all-currency loans/deposits claims on UAE
2009-06-30,GB,GB: United Kingdom,49.940632,BIS LBS: reporter-country all-currency loans/deposits claims on UAE
2009-06-30,GG,GG: Guernsey,0.11363999999999999,BIS LBS: reporter-country all-currency loans/deposits claims on UAE
2009-06-30,IE,IE: Ireland,0.504182,BIS LBS: reporter-country all-currency loans/deposits claims on UAE
2009-06-30,JE,JE: Jersey,0.393427,BIS LBS: reporter-country all-currency loans/deposits claims on UAE
2009-06-30,KR,KR: Korea,0.47622100000000006,BIS LBS: reporter-country all-currency loans/deposits claims on UAE
2009-06-30,LU,LU: Luxembourg,3.311531,BIS LBS: reporter-country all-currency loans/deposits claims on UAE
2009-06-30,SE,SE: Sweden,0.18268399999999999,BIS LBS: reporter-country all-currency loans/deposits claims on UAE
2009-06-30,TW,TW: Chinese Taipei,1.248504,BIS LBS: reporter-country all-currency loans/deposits claims on UAE
2009-09-30,AT,AT: Austria,0.9829670000000001,BIS LBS: reporter-country all-currency loans/deposits claims on UAE
2009-09-30,AU,AU: Australia,0.48975599999999997,BIS LBS: reporter-country all-currency loans/deposits claims on UAE
2009-09-30,BE,BE: Belgium,6.805999,BIS LBS: reporter-country all-currency loans/deposits claims on UAE
2009-09-30,BR,BR: Brazil,0.025,BIS LBS: reporter-country all-currency loans/deposits claims on UAE
2009-09-30,CA,CA: Canada,0.47374900000000003,BIS LBS: reporter-country all-currency loans/deposits claims on UAE
2009-09-30,CH,CH: Switzerland,7.244452,BIS LBS: reporter-country all-currency loans/deposits claims on UAE
2009-09-30,CL,CL: Chile,0.002,BIS LBS: reporter-country all-currency loans/deposits claims on UAE
2009-09-30,DK,DK: Denmark,0.143212,BIS LBS: reporter-country all-currency loans/deposits claims on UAE
2009-09-30,FI,FI: Finland,0.218857,BIS LBS: reporter-country all-currency loans/deposits claims on UAE
2009-09-30,FR,FR: France,10.802332,BIS LBS: reporter-country all-currency loans/deposits claims on UAE
2009-09-30,GB,GB: United Kingdom,56.816244999999995,BIS LBS: reporter-country all-currency loans/deposits claims on UAE
2009-09-30,GG,GG: Guernsey,-0.089602,BIS LBS: reporter-country all-currency loans/deposits claims on UAE
2009-09-30,IE,IE: Ireland,1.016242,BIS LBS: reporter-country all-currency loans/deposits claims on UAE
2009-09-30,JE,JE: Jersey,0.649416,BIS LBS: reporter-country all-currency loans/deposits claims on UAE
2009-09-30,KR,KR: Korea,0.44185500000000005,BIS LBS: reporter-country all-currency loans/deposits claims on UAE
2009-09-30,LU,LU: Luxembourg,3.2086379999999997,BIS LBS: reporter-country all-currency loans/deposits claims on UAE
2009-09-30,SE,SE: Sweden,0.1048139999999999,BIS LBS: reporter-country all-currency loans/deposits claims on UAE
2009-09-30,TW,TW: Chinese Taipei,1.238083,BIS LBS: reporter-country all-currency loans/deposits claims on UAE
2009-09-30,ZA,ZA: South Africa,0.008,BIS LBS: reporter-country all-currency loans/deposits claims on UAE
2009-12-31,AT,AT: Austria,1.503047,BIS LBS: reporter-country all-currency loans/deposits claims on UAE
2009-12-31,AU,AU: Australia,0.550312,BIS LBS: reporter-country all-currency loans/deposits claims on UAE
2009-12-31,BE,BE: Belgium,4.809367,BIS LBS: reporter-country all-currency loans/deposits claims on UAE
2009-12-31,CA,CA: Canada,0.353727,BIS LBS: reporter-country all-currency loans/deposits claims on UAE
2009-12-31,CH,CH: Switzerland,7.912047,BIS LBS: reporter-country all-currency loans/deposits claims on UAE
2009-12-31,CL,CL: Chile,0.001,BIS LBS: reporter-country all-currency loans/deposits claims on UAE
2009-12-31,DK,DK: Denmark,0.12271,BIS LBS: reporter-country all-currency loans/deposits claims on UAE
2009-12-31,FI,FI: Finland,0.225494,BIS LBS: reporter-country all-currency loans/deposits claims on UAE
2009-12-31,FR,FR: France,11.571025,BIS LBS: reporter-country all-currency loans/deposits claims on UAE
2009-12-31,GB,GB: United Kingdom,51.398734,BIS LBS: reporter-country all-currency loans/deposits claims on UAE
2009-12-31,IE,IE: Ireland,0.758076,BIS LBS: reporter-country all-currency loans/deposits claims on UAE
2009-12-31,JE,JE: Jersey,0.6325799999999999,BIS LBS: reporter-country all-currency loans/deposits claims on UAE
2009-12-31,KR,KR: Korea,0.608105,BIS LBS: reporter-country all-currency loans/deposits claims on UAE
2009-12-31,LU,LU: Luxembourg,2.799276,BIS LBS: reporter-country all-currency loans/deposits claims on UAE
2009-12-31,SE,SE: Sweden,0.039756,BIS LBS: reporter-country all-currency loans/deposits claims on UAE
2009-12-31,TW,TW: Chinese Taipei,1.3871820000000001,BIS LBS: reporter-country all-currency loans/deposits claims on UAE
2009-12-31,ZA,ZA: South Africa,-0.005983,BIS LBS: reporter-country all-currency loans/deposits claims on UAE
2010-03-31,AT,AT: Austria,2.106385,BIS LBS: reporter-country all-currency loans/deposits claims on UAE
2010-03-31,AU,AU: Australia,0.628623,BIS LBS: reporter-country all-currency loans/deposits claims on UAE
2010-03-31,BE,BE: Belgium,6.392225,BIS LBS: reporter-country all-currency loans/deposits claims on UAE
2010-03-31,CA,CA: Canada,0.552551,BIS LBS: reporter-country all-currency loans/deposits claims on UAE
2010-03-31,CH,CH: Switzerland,8.255027,BIS LBS: reporter-country all-currency loans/deposits claims on UAE
2010-03-31,DK,DK: Denmark,0.08996799999999999,BIS LBS: reporter-country all-currency loans/deposits claims on UAE
2010-03-31,FI,FI: Finland,0.077045,BIS LBS: reporter-country all-currency loans/deposits claims on UAE
2010-03-31,FR,FR: France,8.030892,BIS LBS: reporter-country all-currency loans/deposits claims on UAE
2010-03-31,GB,GB: United Kingdom,57.806934999999996,BIS LBS: reporter-country all-currency loans/deposits claims on UAE
2010-03-31,IE,IE: Ireland,1.7136580000000001,BIS LBS: reporter-country all-currency loans/deposits claims on UAE
2010-03-31,JE,JE: Jersey,1.028546,BIS LBS: reporter-country all-currency loans/deposits claims on UAE
2010-03-31,KR,KR: Korea,0.576098,BIS LBS: reporter-country all-currency loans/deposits claims on UAE
2010-03-31,LU,LU: Luxembourg,3.302629,BIS LBS: reporter-country all-currency loans/deposits claims on UAE
2010-03-31,SE,SE: Sweden,0.120918,BIS LBS: reporter-country all-currency loans/deposits claims on UAE
2010-03-31,TW,TW: Chinese Taipei,1.3086330000000002,BIS LBS: reporter-country all-currency loans/deposits claims on UAE
2010-03-31,ZA,ZA: South Africa,0.001028,BIS LBS: reporter-country all-currency loans/deposits claims on UAE
2010-06-30,AT,AT: Austria,2.86219,BIS LBS: reporter-country all-currency loans/deposits claims on UAE
2010-06-30,AU,AU: Australia,0.5175540000000001,BIS LBS: reporter-country all-currency loans/deposits claims on UAE
2010-06-30,BE,BE: Belgium,5.382555,BIS LBS: reporter-country all-currency loans/deposits claims on UAE
2010-06-30,CA,CA: Canada,0.506282,BIS LBS: reporter-country all-currency loans/deposits claims on UAE
2010-06-30,CH,CH: Switzerland,10.341943,BIS LBS: reporter-country all-currency loans/deposits claims on UAE
2010-06-30,CL,CL: Chile,0.004,BIS LBS: reporter-country all-currency loans/deposits claims on UAE
2010-06-30,DK,DK: Denmark,0.066418,BIS LBS: reporter-country all-currency loans/deposits claims on UAE
2010-06-30,FR,FR: France,7.864488000000001,BIS LBS: reporter-country all-currency loans/deposits claims on UAE
2010-06-30,GB,GB: United Kingdom,57.959938,BIS LBS: reporter-country all-currency loans/deposits claims on UAE
2010-06-30,IE,IE: Ireland,1.271725,BIS LBS: reporter-country all-currency loans/deposits claims on UAE
2010-06-30,IM,IM: Isle of Man,0.496525,BIS LBS: reporter-country all-currency loans/deposits claims on UAE
2010-06-30,JE,JE: Jersey,1.038373,BIS LBS: reporter-country all-currency loans/deposits claims on UAE
2010-06-30,KR,KR: Korea,0.853192,BIS LBS: reporter-country all-currency loans/deposits claims on UAE
2010-06-30,LU,LU: Luxembourg,4.700273,BIS LBS: reporter-country all-currency loans/deposits claims on UAE
2010-06-30,SE,SE: Sweden,0.128367,BIS LBS: reporter-country all-currency loans/deposits claims on UAE
2010-06-30,TW,TW: Chinese Taipei,1.473906,BIS LBS: reporter-country all-currency loans/deposits claims on UAE
2010-06-30,ZA,ZA: South Africa,0.101029,BIS LBS: reporter-country all-currency loans/deposits claims on UAE
2010-09-30,AT,AT: Austria,2.339355,BIS LBS: reporter-country all-currency loans/deposits claims on UAE
2010-09-30,AU,AU: Australia,0.5274559999999999,BIS LBS: reporter-country all-currency loans/deposits claims on UAE
2010-09-30,BE,BE: Belgium,5.059182,BIS LBS: reporter-country all-currency loans/deposits claims on UAE
2010-09-30,CA,CA: Canada,0.735479,BIS LBS: reporter-country all-currency loans/deposits claims on UAE
2010-09-30,CH,CH: Switzerland,10.534511,BIS LBS: reporter-country all-currency loans/deposits claims on UAE
2010-09-30,CL,CL: Chile,0.001,BIS LBS: reporter-country all-currency loans/deposits claims on UAE
2010-09-30,DK,DK: Denmark,0.08421200000000001,BIS LBS: reporter-country all-currency loans/deposits claims on UAE
2010-09-30,FR,FR: France,11.495964,BIS LBS: reporter-country all-currency loans/deposits claims on UAE
2010-09-30,GB,GB: United Kingdom,56.105239,BIS LBS: reporter-country all-currency loans/deposits claims on UAE
2010-09-30,IE,IE: Ireland,1.387484,BIS LBS: reporter-country all-currency loans/deposits claims on UAE
2010-09-30,IM,IM: Isle of Man,0.002349000000000004,BIS LBS: reporter-country all-currency loans/deposits claims on UAE
2010-09-30,JE,JE: Jersey,1.176135,BIS LBS: reporter-country all-currency loans/deposits claims on UAE
2010-09-30,KR,KR: Korea,0.729794,BIS LBS: reporter-country all-currency loans/deposits claims on UAE
2010-09-30,LU,LU: Luxembourg,4.110893999999999,BIS LBS: reporter-country all-currency loans/deposits claims on UAE
2010-09-30,SE,SE: Sweden,0.142259,BIS LBS: reporter-country all-currency loans/deposits claims on UAE
2010-09-30,TW,TW: Chinese Taipei,1.489441,BIS LBS: reporter-country all-currency loans/deposits claims on UAE
2010-09-30,ZA,ZA: South Africa,1.566929,BIS LBS: reporter-country all-currency loans/deposits claims on UAE
2010-12-31,AT,AT: Austria,1.720405,BIS LBS: reporter-country all-currency loans/deposits claims on UAE
2010-12-31,AU,AU: Australia,0.706972,BIS LBS: reporter-country all-currency loans/deposits claims on UAE
2010-12-31,BE,BE: Belgium,5.592499,BIS LBS: reporter-country all-currency loans/deposits claims on UAE
2010-12-31,CA,CA: Canada,0.7186319999999999,BIS LBS: reporter-country all-currency loans/deposits claims on UAE
2010-12-31,CH,CH: Switzerland,12.747179,BIS LBS: reporter-country all-currency loans/deposits claims on UAE
2010-12-31,DK,DK: Denmark,0.087825,BIS LBS: reporter-country all-currency loans/deposits claims on UAE
2010-12-31,FR,FR: France,10.612811,BIS LBS: reporter-country all-currency loans/deposits claims on UAE
2010-12-31,GB,GB: United Kingdom,44.99564,BIS LBS: reporter-country all-currency loans/deposits claims on UAE
2010-12-31,GG,GG: Guernsey,0.048426,BIS LBS: reporter-country all-currency loans/deposits claims on UAE
2010-12-31,IE,IE: Ireland,1.130052,BIS LBS: reporter-country all-currency loans/deposits claims on UAE
2010-12-31,IM,IM: Isle of Man,0.032724,BIS LBS: reporter-country all-currency loans/deposits claims on UAE
2010-12-31,JE,JE: Jersey,1.31785,BIS LBS: reporter-country all-currency loans/deposits claims on UAE
2010-12-31,KR,KR: Korea,0.618936,BIS LBS: reporter-country all-currency loans/deposits claims on UAE
2010-12-31,LU,LU: Luxembourg,3.174583,BIS LBS: reporter-country all-currency loans/deposits claims on UAE
2010-12-31,SE,SE: Sweden,-0.23034600000000002,BIS LBS: reporter-country all-currency loans/deposits claims on UAE
2010-12-31,TW,TW: Chinese Taipei,1.174729,BIS LBS: reporter-country all-currency loans/deposits claims on UAE
2010-12-31,ZA,ZA: South Africa,0.939253,BIS LBS: reporter-country all-currency loans/deposits claims on UAE
2011-03-31,AT,AT: Austria,1.8158810000000003,BIS LBS: reporter-country all-currency loans/deposits claims on UAE
2011-03-31,AU,AU: Australia,0.394315,BIS LBS: reporter-country all-currency loans/deposits claims on UAE
2011-03-31,BE,BE: Belgium,6.270818,BIS LBS: reporter-country all-currency loans/deposits claims on UAE
2011-03-31,CA,CA: Canada,0.625803,BIS LBS: reporter-country all-currency loans/deposits claims on UAE
2011-03-31,CH,CH: Switzerland,11.762514,BIS LBS: reporter-country all-currency loans/deposits claims on UAE
2011-03-31,CL,CL: Chile,0.008,BIS LBS: reporter-country all-currency loans/deposits claims on UAE
2011-03-31,DK,DK: Denmark,0.12904500000000002,BIS LBS: reporter-country all-currency loans/deposits claims on UAE
2011-03-31,FR,FR: France,10.544924,BIS LBS: reporter-country all-currency loans/deposits claims on UAE
2011-03-31,GB,GB: United Kingdom,51.654402999999995,BIS LBS: reporter-country all-currency loans/deposits claims on UAE
2011-03-31,GG,GG: Guernsey,0.031134000000000002,BIS LBS: reporter-country all-currency loans/deposits claims on UAE
2011-03-31,IE,IE: Ireland,1.413011,BIS LBS: reporter-country all-currency loans/deposits claims on UAE
2011-03-31,IM,IM: Isle of Man,0.40558700000000003,BIS LBS: reporter-country all-currency loans/deposits claims on UAE
2011-03-31,JE,JE: Jersey,1.209222,BIS LBS: reporter-country all-currency loans/deposits claims on UAE
2011-03-31,KR,KR: Korea,0.918202,BIS LBS: reporter-country all-currency loans/deposits claims on UAE
2011-03-31,LU,LU: Luxembourg,3.368277,BIS LBS: reporter-country all-currency loans/deposits claims on UAE
2011-03-31,SE,SE: Sweden,-0.07347500000000001,BIS LBS: reporter-country all-currency loans/deposits claims on UAE
2011-03-31,TW,TW: Chinese Taipei,1.255438,BIS LBS: reporter-country all-currency loans/deposits claims on UAE
2011-03-31,ZA,ZA: South Africa,0.089444,BIS LBS: reporter-country all-currency loans/deposits claims on UAE
2011-06-30,AT,AT: Austria,1.793272,BIS LBS: reporter-country all-currency loans/deposits claims on UAE
2011-06-30,AU,AU: Australia,0.902906,BIS LBS: reporter-country all-currency loans/deposits claims on UAE
2011-06-30,BE,BE: Belgium,5.364171000000001,BIS LBS: reporter-country all-currency loans/deposits claims on UAE
2011-06-30,CA,CA: Canada,0.37428100000000003,BIS LBS: reporter-country all-currency loans/deposits claims on UAE
2011-06-30,CH,CH: Switzerland,11.391917,BIS LBS: reporter-country all-currency loans/deposits claims on UAE
2011-06-30,DK,DK: Denmark,0.114805,BIS LBS: reporter-country all-currency loans/deposits claims on UAE
2011-06-30,FR,FR: France,10.451833,BIS LBS: reporter-country all-currency loans/deposits claims on UAE
2011-06-30,GB,GB: United Kingdom,57.29556,BIS LBS: reporter-country all-currency loans/deposits claims on UAE
2011-06-30,GG,GG: Guernsey,0.028074,BIS LBS: reporter-country all-currency loans/deposits claims on UAE
2011-06-30,IE,IE: Ireland,1.456669,BIS LBS: reporter-country all-currency loans/deposits claims on UAE
2011-06-30,IM,IM: Isle of Man,0.24224,BIS LBS: reporter-country all-currency loans/deposits claims on UAE
2011-06-30,JE,JE: Jersey,1.2417529999999999,BIS LBS: reporter-country all-currency loans/deposits claims on UAE
2011-06-30,KR,KR: Korea,0.9371689999999999,BIS LBS: reporter-country all-currency loans/deposits claims on UAE
2011-06-30,LU,LU: Luxembourg,3.400706,BIS LBS: reporter-country all-currency loans/deposits claims on UAE
2011-06-30,SE,SE: Sweden,-0.088998,BIS LBS: reporter-country all-currency loans/deposits claims on UAE
2011-06-30,TW,TW: Chinese Taipei,1.187807,BIS LBS: reporter-country all-currency loans/deposits claims on UAE
2011-06-30,ZA,ZA: South Africa,-0.098127,BIS LBS: reporter-country all-currency loans/deposits claims on UAE
2011-09-30,AT,AT: Austria,1.5742509999999998,BIS LBS: reporter-country all-currency loans/deposits claims on UAE
2011-09-30,AU,AU: Australia,1.06064,BIS LBS: reporter-country all-currency loans/deposits claims on UAE
2011-09-30,BE,BE: Belgium,5.243171,BIS LBS: reporter-country all-currency loans/deposits claims on UAE
2011-09-30,CA,CA: Canada,0.141084,BIS LBS: reporter-country all-currency loans/deposits claims on UAE
2011-09-30,CH,CH: Switzerland,10.564776,BIS LBS: reporter-country all-currency loans/deposits claims on UAE
2011-09-30,CL,CL: Chile,0.01,BIS LBS: reporter-country all-currency loans/deposits claims on UAE
2011-09-30,DK,DK: Denmark,0.215313,BIS LBS: reporter-country all-currency loans/deposits claims on UAE
2011-09-30,FR,FR: France,10.486442,BIS LBS: reporter-country all-currency loans/deposits claims on UAE
2011-09-30,GB,GB: United Kingdom,50.774173000000005,BIS LBS: reporter-country all-currency loans/deposits claims on UAE
2011-09-30,IE,IE: Ireland,1.3773369999999998,BIS LBS: reporter-country all-currency loans/deposits claims on UAE
2011-09-30,IM,IM: Isle of Man,0.47937,BIS LBS: reporter-country all-currency loans/deposits claims on UAE
2011-09-30,JE,JE: Jersey,0.9213370000000001,BIS LBS: reporter-country all-currency loans/deposits claims on UAE
2011-09-30,KR,KR: Korea,0.908614,BIS LBS: reporter-country all-currency loans/deposits claims on UAE
2011-09-30,LU,LU: Luxembourg,2.044547,BIS LBS: reporter-country all-currency loans/deposits claims on UAE
2011-09-30,SE,SE: Sweden,-0.091773,BIS LBS: reporter-country all-currency loans/deposits claims on UAE
2011-09-30,TW,TW: Chinese Taipei,1.1846320000000001,BIS LBS: reporter-country all-currency loans/deposits claims on UAE
2011-09-30,ZA,ZA: South Africa,-0.098105,BIS LBS: reporter-country all-currency loans/deposits claims on UAE
2011-12-31,AT,AT: Austria,1.029938,BIS LBS: reporter-country all-currency loans/deposits claims on UAE
2011-12-31,AU,AU: Australia,0.49296399999999996,BIS LBS: reporter-country all-currency loans/deposits claims on UAE
2011-12-31,BE,BE: Belgium,4.538972,BIS LBS: reporter-country all-currency loans/deposits claims on UAE
2011-12-31,CA,CA: Canada,0.15482100000000001,BIS LBS: reporter-country all-currency loans/deposits claims on UAE
2011-12-31,CH,CH: Switzerland,10.037041,BIS LBS: reporter-country all-currency loans/deposits claims on UAE
2011-12-31,CL,CL: Chile,-0.001,BIS LBS: reporter-country all-currency loans/deposits claims on UAE
2011-12-31,DK,DK: Denmark,0.35994000000000004,BIS LBS: reporter-country all-currency loans/deposits claims on UAE
2011-12-31,FR,FR: France,8.338815,BIS LBS: reporter-country all-currency loans/deposits claims on UAE
2011-12-31,GB,GB: United Kingdom,57.739241,BIS LBS: reporter-country all-currency loans/deposits claims on UAE
2011-12-31,IE,IE: Ireland,0.687476,BIS LBS: reporter-country all-currency loans/deposits claims on UAE
2011-12-31,IM,IM: Isle of Man,0.718289,BIS LBS: reporter-country all-currency loans/deposits claims on UAE
2011-12-31,JE,JE: Jersey,0.833098,BIS LBS: reporter-country all-currency loans/deposits claims on UAE
2011-12-31,KR,KR: Korea,0.81295,BIS LBS: reporter-country all-currency loans/deposits claims on UAE
2011-12-31,LU,LU: Luxembourg,2.310333,BIS LBS: reporter-country all-currency loans/deposits claims on UAE
2011-12-31,SE,SE: Sweden,0.150793,BIS LBS: reporter-country all-currency loans/deposits claims on UAE
2011-12-31,TW,TW: Chinese Taipei,1.134113,BIS LBS: reporter-country all-currency loans/deposits claims on UAE
2011-12-31,ZA,ZA: South Africa,0.559907,BIS LBS: reporter-country all-currency loans/deposits claims on UAE
2012-03-31,AT,AT: Austria,1.466469,BIS LBS: reporter-country all-currency loans/deposits claims on UAE
2012-03-31,AU,AU: Australia,0.722417,BIS LBS: reporter-country all-currency loans/deposits claims on UAE
2012-03-31,BE,BE: Belgium,4.4554849999999995,BIS LBS: reporter-country all-currency loans/deposits claims on UAE
2012-03-31,CA,CA: Canada,0.24997199999999997,BIS LBS: reporter-country all-currency loans/deposits claims on UAE
2012-03-31,CH,CH: Switzerland,11.297714000000001,BIS LBS: reporter-country all-currency loans/deposits claims on UAE
2012-03-31,CL,CL: Chile,0.002,BIS LBS: reporter-country all-currency loans/deposits claims on UAE
2012-03-31,DK,DK: Denmark,0.29418,BIS LBS: reporter-country all-currency loans/deposits claims on UAE
2012-03-31,FI,FI: Finland,0.220792,BIS LBS: reporter-country all-currency loans/deposits claims on UAE
2012-03-31,FR,FR: France,10.311482,BIS LBS: reporter-country all-currency loans/deposits claims on UAE
2012-03-31,GB,GB: United Kingdom,53.040904,BIS LBS: reporter-country all-currency loans/deposits claims on UAE
2012-03-31,IE,IE: Ireland,1.014827,BIS LBS: reporter-country all-currency loans/deposits claims on UAE
2012-03-31,IM,IM: Isle of Man,0.305404,BIS LBS: reporter-country all-currency loans/deposits claims on UAE
2012-03-31,JE,JE: Jersey,1.352405,BIS LBS: reporter-country all-currency loans/deposits claims on UAE
2012-03-31,KR,KR: Korea,0.955127,BIS LBS: reporter-country all-currency loans/deposits claims on UAE
2012-03-31,LU,LU: Luxembourg,1.938428,BIS LBS: reporter-country all-currency loans/deposits claims on UAE
2012-03-31,SE,SE: Sweden,0.118657,BIS LBS: reporter-country all-currency loans/deposits claims on UAE
2012-03-31,TW,TW: Chinese Taipei,1.156426,BIS LBS: reporter-country all-currency loans/deposits claims on UAE
2012-03-31,ZA,ZA: South Africa,1.809171,BIS LBS: reporter-country all-currency loans/deposits claims on UAE
2012-06-30,AT,AT: Austria,0.976395,BIS LBS: reporter-country all-currency loans/deposits claims on UAE
2012-06-30,AU,AU: Australia,0.622298,BIS LBS: reporter-country all-currency loans/deposits claims on UAE
2012-06-30,BE,BE: Belgium,4.144054000000001,BIS LBS: reporter-country all-currency loans/deposits claims on UAE
2012-06-30,CA,CA: Canada,0.178414,BIS LBS: reporter-country all-currency loans/deposits claims on UAE
2012-06-30,CH,CH: Switzerland,10.507817000000001,BIS LBS: reporter-country all-currency loans/deposits claims on UAE
2012-06-30,DK,DK: Denmark,0.197435,BIS LBS: reporter-country all-currency loans/deposits claims on UAE
2012-06-30,ES,ES: Spain,0.5332200000000001,BIS LBS: reporter-country all-currency loans/deposits claims on UAE
2012-06-30,FI,FI: Finland,0.217199,BIS LBS: reporter-country all-currency loans/deposits claims on UAE
2012-06-30,FR,FR: France,8.397786,BIS LBS: reporter-country all-currency loans/deposits claims on UAE
2012-06-30,GB,GB: United Kingdom,64.160635,BIS LBS: reporter-country all-currency loans/deposits claims on UAE
2012-06-30,IE,IE: Ireland,0.810233,BIS LBS: reporter-country all-currency loans/deposits claims on UAE
2012-06-30,IM,IM: Isle of Man,0.29272,BIS LBS: reporter-country all-currency loans/deposits claims on UAE
2012-06-30,JE,JE: Jersey,1.797285,BIS LBS: reporter-country all-currency loans/deposits claims on UAE
2012-06-30,KR,KR: Korea,1.469442,BIS LBS: reporter-country all-currency loans/deposits claims on UAE
2012-06-30,LU,LU: Luxembourg,1.432004,BIS LBS: reporter-country all-currency loans/deposits claims on UAE
2012-06-30,SE,SE: Sweden,0.147986,BIS LBS: reporter-country all-currency loans/deposits claims on UAE
2012-06-30,TW,TW: Chinese Taipei,-0.8923840000000001,BIS LBS: reporter-country all-currency loans/deposits claims on UAE
2012-06-30,US,US: United States,4.119,BIS LBS: reporter-country all-currency loans/deposits claims on UAE
2012-06-30,ZA,ZA: South Africa,13.675777,BIS LBS: reporter-country all-currency loans/deposits claims on UAE
2012-09-30,AT,AT: Austria,0.34903700000000004,BIS LBS: reporter-country all-currency loans/deposits claims on UAE
2012-09-30,AU,AU: Australia,0.5440079999999999,BIS LBS: reporter-country all-currency loans/deposits claims on UAE
2012-09-30,BE,BE: Belgium,5.111199,BIS LBS: reporter-country all-currency loans/deposits claims on UAE
2012-09-30,CA,CA: Canada,0.06611500000000001,BIS LBS: reporter-country all-currency loans/deposits claims on UAE
2012-09-30,CH,CH: Switzerland,12.020388,BIS LBS: reporter-country all-currency loans/deposits claims on UAE
2012-09-30,CL,CL: Chile,0.008,BIS LBS: reporter-country all-currency loans/deposits claims on UAE
2012-09-30,DK,DK: Denmark,0.009463999999999993,BIS LBS: reporter-country all-currency loans/deposits claims on UAE
2012-09-30,ES,ES: Spain,0.533375,BIS LBS: reporter-country all-currency loans/deposits claims on UAE
2012-09-30,FR,FR: France,11.112689,BIS LBS: reporter-country all-currency loans/deposits claims on UAE
2012-09-30,GB,GB: United Kingdom,59.549113,BIS LBS: reporter-country all-currency loans/deposits claims on UAE
2012-09-30,IE,IE: Ireland,0.866581,BIS LBS: reporter-country all-currency loans/deposits claims on UAE
2012-09-30,IM,IM: Isle of Man,0.28851000000000004,BIS LBS: reporter-country all-currency loans/deposits claims on UAE
2012-09-30,JE,JE: Jersey,1.4798630000000002,BIS LBS: reporter-country all-currency loans/deposits claims on UAE
2012-09-30,KR,KR: Korea,1.199157,BIS LBS: reporter-country all-currency loans/deposits claims on UAE
2012-09-30,LU,LU: Luxembourg,1.684231,BIS LBS: reporter-country all-currency loans/deposits claims on UAE
2012-09-30,TW,TW: Chinese Taipei,0.526173,BIS LBS: reporter-country all-currency loans/deposits claims on UAE
2012-09-30,US,US: United States,4.281744,BIS LBS: reporter-country all-currency loans/deposits claims on UAE
2012-09-30,ZA,ZA: South Africa,5.985218,BIS LBS: reporter-country all-currency loans/deposits claims on UAE
2012-12-31,AT,AT: Austria,0.13315,BIS LBS: reporter-country all-currency loans/deposits claims on UAE
2012-12-31,AU,AU: Australia,0.601572,BIS LBS: reporter-country all-currency loans/deposits claims on UAE
2012-12-31,BE,BE: Belgium,3.3352690000000003,BIS LBS: reporter-country all-currency loans/deposits claims on UAE
2012-12-31,CA,CA: Canada,0.238936,BIS LBS: reporter-country all-currency loans/deposits claims on UAE
2012-12-31,CH,CH: Switzerland,12.169970000000001,BIS LBS: reporter-country all-currency loans/deposits claims on UAE
2012-12-31,DK,DK: Denmark,-0.015467999999999989,BIS LBS: reporter-country all-currency loans/deposits claims on UAE
2012-12-31,ES,ES: Spain,0.589924,BIS LBS: reporter-country all-currency loans/deposits claims on UAE
2012-12-31,FR,FR: France,8.338076000000001,BIS LBS: reporter-country all-currency loans/deposits claims on UAE
2012-12-31,GB,GB: United Kingdom,73.116996,BIS LBS: reporter-country all-currency loans/deposits claims on UAE
2012-12-31,IE,IE: Ireland,0.485517,BIS LBS: reporter-country all-currency loans/deposits claims on UAE
2012-12-31,IM,IM: Isle of Man,0.280886,BIS LBS: reporter-country all-currency loans/deposits claims on UAE
2012-12-31,JE,JE: Jersey,2.402367,BIS LBS: reporter-country all-currency loans/deposits claims on UAE
2012-12-31,KR,KR: Korea,1.21041,BIS LBS: reporter-country all-currency loans/deposits claims on UAE
2012-12-31,LU,LU: Luxembourg,2.8546679999999998,BIS LBS: reporter-country all-currency loans/deposits claims on UAE
2012-12-31,TW,TW: Chinese Taipei,0.145286,BIS LBS: reporter-country all-currency loans/deposits claims on UAE
2012-12-31,US,US: United States,4.663406,BIS LBS: reporter-country all-currency loans/deposits claims on UAE
2012-12-31,ZA,ZA: South Africa,0.893388,BIS LBS: reporter-country all-currency loans/deposits claims on UAE
2013-03-31,AT,AT: Austria,0.441497,BIS LBS: reporter-country all-currency loans/deposits claims on UAE
2013-03-31,AU,AU: Australia,0.630943,BIS LBS: reporter-country all-currency loans/deposits claims on UAE
2013-03-31,BE,BE: Belgium,3.775747,BIS LBS: reporter-country all-currency loans/deposits claims on UAE
2013-03-31,CA,CA: Canada,0.176518,BIS LBS: reporter-country all-currency loans/deposits claims on UAE
2013-03-31,CH,CH: Switzerland,11.714948999999999,BIS LBS: reporter-country all-currency loans/deposits claims on UAE
2013-03-31,CL,CL: Chile,0.004,BIS LBS: reporter-country all-currency loans/deposits claims on UAE
2013-03-31,DK,DK: Denmark,0.049059,BIS LBS: reporter-country all-currency loans/deposits claims on UAE
2013-03-31,ES,ES: Spain,0.5195050000000001,BIS LBS: reporter-country all-currency loans/deposits claims on UAE
2013-03-31,FR,FR: France,6.683796,BIS LBS: reporter-country all-currency loans/deposits claims on UAE
2013-03-31,GB,GB: United Kingdom,52.45824699999999,BIS LBS: reporter-country all-currency loans/deposits claims on UAE
2013-03-31,IE,IE: Ireland,0.16365999999999997,BIS LBS: reporter-country all-currency loans/deposits claims on UAE
2013-03-31,IM,IM: Isle of Man,0.30753700000000006,BIS LBS: reporter-country all-currency loans/deposits claims on UAE
2013-03-31,JE,JE: Jersey,1.870449,BIS LBS: reporter-country all-currency loans/deposits claims on UAE
2013-03-31,KR,KR: Korea,1.575114,BIS LBS: reporter-country all-currency loans/deposits claims on UAE
2013-03-31,LU,LU: Luxembourg,1.90345,BIS LBS: reporter-country all-currency loans/deposits claims on UAE
2013-03-31,TW,TW: Chinese Taipei,0.31298400000000004,BIS LBS: reporter-country all-currency loans/deposits claims on UAE
2013-03-31,US,US: United States,3.194874,BIS LBS: reporter-country all-currency loans/deposits claims on UAE
2013-03-31,ZA,ZA: South Africa,0.611361,BIS LBS: reporter-country all-currency loans/deposits claims on UAE
2013-06-30,AT,AT: Austria,0.720113,BIS LBS: reporter-country all-currency loans/deposits claims on UAE
2013-06-30,AU,AU: Australia,0.646509,BIS LBS: reporter-country all-currency loans/deposits claims on UAE
2013-06-30,BE,BE: Belgium,5.4053450000000005,BIS LBS: reporter-country all-currency loans/deposits claims on UAE
2013-06-30,CA,CA: Canada,0.256794,BIS LBS: reporter-country all-currency loans/deposits claims on UAE
2013-06-30,CH,CH: Switzerland,10.197802,BIS LBS: reporter-country all-currency loans/deposits claims on UAE
2013-06-30,CL,CL: Chile,0.002,BIS LBS: reporter-country all-currency loans/deposits claims on UAE
2013-06-30,DK,DK: Denmark,0.06986300000000001,BIS LBS: reporter-country all-currency loans/deposits claims on UAE
2013-06-30,ES,ES: Spain,0.5741180000000001,BIS LBS: reporter-country all-currency loans/deposits claims on UAE
2013-06-30,FI,FI: Finland,-0.023819,BIS LBS: reporter-country all-currency loans/deposits claims on UAE
2013-06-30,FR,FR: France,7.791455000000001,BIS LBS: reporter-country all-currency loans/deposits claims on UAE
2013-06-30,GB,GB: United Kingdom,58.907931,BIS LBS: reporter-country all-currency loans/deposits claims on UAE
2013-06-30,IE,IE: Ireland,0.209059,BIS LBS: reporter-country all-currency loans/deposits claims on UAE
2013-06-30,IM,IM: Isle of Man,0.29305100000000006,BIS LBS: reporter-country all-currency loans/deposits claims on UAE
2013-06-30,JE,JE: Jersey,1.8950040000000001,BIS LBS: reporter-country all-currency loans/deposits claims on UAE
2013-06-30,KR,KR: Korea,1.8049179999999998,BIS LBS: reporter-country all-currency loans/deposits claims on UAE
2013-06-30,LU,LU: Luxembourg,2.265584,BIS LBS: reporter-country all-currency loans/deposits claims on UAE
2013-06-30,TW,TW: Chinese Taipei,0.690741,BIS LBS: reporter-country all-currency loans/deposits claims on UAE
2013-06-30,US,US: United States,6.077774999999999,BIS LBS: reporter-country all-currency loans/deposits claims on UAE
2013-06-30,ZA,ZA: South Africa,-0.17047099999999998,BIS LBS: reporter-country all-currency loans/deposits claims on UAE
2013-09-30,AT,AT: Austria,0.438061,BIS LBS: reporter-country all-currency loans/deposits claims on UAE
2013-09-30,AU,AU: Australia,0.659425,BIS LBS: reporter-country all-currency loans/deposits claims on UAE
2013-09-30,BE,BE: Belgium,6.186205,BIS LBS: reporter-country all-currency loans/deposits claims on UAE
2013-09-30,CA,CA: Canada,0.23020999999999997,BIS LBS: reporter-country all-currency loans/deposits claims on UAE
2013-09-30,CH,CH: Switzerland,11.442127,BIS LBS: reporter-country all-currency loans/deposits claims on UAE
2013-09-30,CL,CL: Chile,0.035,BIS LBS: reporter-country all-currency loans/deposits claims on UAE
2013-09-30,DK,DK: Denmark,0.106675,BIS LBS: reporter-country all-currency loans/deposits claims on UAE
2013-09-30,ES,ES: Spain,0.567329,BIS LBS: reporter-country all-currency loans/deposits claims on UAE
2013-09-30,FI,FI: Finland,0.078101,BIS LBS: reporter-country all-currency loans/deposits claims on UAE
2013-09-30,FR,FR: France,7.994738999999999,BIS LBS: reporter-country all-currency loans/deposits claims on UAE
2013-09-30,GB,GB: United Kingdom,64.126562,BIS LBS: reporter-country all-currency loans/deposits claims on UAE
2013-09-30,IE,IE: Ireland,0.255076,BIS LBS: reporter-country all-currency loans/deposits claims on UAE
2013-09-30,IM,IM: Isle of Man,0.34036,BIS LBS: reporter-country all-currency loans/deposits claims on UAE
2013-09-30,JE,JE: Jersey,2.0503929999999997,BIS LBS: reporter-country all-currency loans/deposits claims on UAE
2013-09-30,KR,KR: Korea,1.431647,BIS LBS: reporter-country all-currency loans/deposits claims on UAE
2013-09-30,LU,LU: Luxembourg,2.448571,BIS LBS: reporter-country all-currency loans/deposits claims on UAE
2013-09-30,TW,TW: Chinese Taipei,0.288937,BIS LBS: reporter-country all-currency loans/deposits claims on UAE
2013-09-30,US,US: United States,4.301893,BIS LBS: reporter-country all-currency loans/deposits claims on UAE
2013-09-30,ZA,ZA: South Africa,0.075292,BIS LBS: reporter-country all-currency loans/deposits claims on UAE
2013-12-31,AT,AT: Austria,0.870332,BIS LBS: reporter-country all-currency loans/deposits claims on UAE
2013-12-31,AU,AU: Australia,0.36857399999999996,BIS LBS: reporter-country all-currency loans/deposits claims on UAE
2013-12-31,BE,BE: Belgium,6.040712,BIS LBS: reporter-country all-currency loans/deposits claims on UAE
2013-12-31,CA,CA: Canada,0.292298,BIS LBS: reporter-country all-currency loans/deposits claims on UAE
2013-12-31,CH,CH: Switzerland,12.142394,BIS LBS: reporter-country all-currency loans/deposits claims on UAE
2013-12-31,CL,CL: Chile,0.016,BIS LBS: reporter-country all-currency loans/deposits claims on UAE
2013-12-31,DK,DK: Denmark,0.631543,BIS LBS: reporter-country all-currency loans/deposits claims on UAE
2013-12-31,ES,ES: Spain,0.589023,BIS LBS: reporter-country all-currency loans/deposits claims on UAE
2013-12-31,FI,FI: Finland,0.08355,BIS LBS: reporter-country all-currency loans/deposits claims on UAE
2013-12-31,FR,FR: France,7.218304,BIS LBS: reporter-country all-currency loans/deposits claims on UAE
2013-12-31,GB,GB: United Kingdom,51.11999,BIS LBS: reporter-country all-currency loans/deposits claims on UAE
2013-12-31,IE,IE: Ireland,0.38680499999999995,BIS LBS: reporter-country all-currency loans/deposits claims on UAE
2013-12-31,IM,IM: Isle of Man,0.32403499999999996,BIS LBS: reporter-country all-currency loans/deposits claims on UAE
2013-12-31,JE,JE: Jersey,2.385731,BIS LBS: reporter-country all-currency loans/deposits claims on UAE
2013-12-31,KR,KR: Korea,1.9687810000000003,BIS LBS: reporter-country all-currency loans/deposits claims on UAE
2013-12-31,LU,LU: Luxembourg,2.274026,BIS LBS: reporter-country all-currency loans/deposits claims on UAE
2013-12-31,MO,MO: Macao SAR,0.006412000000000001,BIS LBS: reporter-country all-currency loans/deposits claims on UAE
2013-12-31,SE,SE: Sweden,0.37351,BIS LBS: reporter-country all-currency loans/deposits claims on UAE
2013-12-31,TW,TW: Chinese Taipei,0.275281,BIS LBS: reporter-country all-currency loans/deposits claims on UAE
2013-12-31,US,US: United States,4.080764,BIS LBS: reporter-country all-currency loans/deposits claims on UAE
2013-12-31,ZA,ZA: South Africa,0.19763799999999998,BIS LBS: reporter-country all-currency loans/deposits claims on UAE
2014-03-31,AT,AT: Austria,0.20352599999999998,BIS LBS: reporter-country all-currency loans/deposits claims on UAE
2014-03-31,AU,AU: Australia,0.695902,BIS LBS: reporter-country all-currency loans/deposits claims on UAE
2014-03-31,BE,BE: Belgium,6.054202999999999,BIS LBS: reporter-country all-currency loans/deposits claims on UAE
2014-03-31,CA,CA: Canada,0.281852,BIS LBS: reporter-country all-currency loans/deposits claims on UAE
2014-03-31,CH,CH: Switzerland,11.755026,BIS LBS: reporter-country all-currency loans/deposits claims on UAE
2014-03-31,CL,CL: Chile,1.886703,BIS LBS: reporter-country all-currency loans/deposits claims on UAE
2014-03-31,DK,DK: Denmark,0.42449099999999995,BIS LBS: reporter-country all-currency loans/deposits claims on UAE
2014-03-31,ES,ES: Spain,0.565736,BIS LBS: reporter-country all-currency loans/deposits claims on UAE
2014-03-31,FI,FI: Finland,0.036096,BIS LBS: reporter-country all-currency loans/deposits claims on UAE
2014-03-31,FR,FR: France,11.672203,BIS LBS: reporter-country all-currency loans/deposits claims on UAE
2014-03-31,GB,GB: United Kingdom,73.255152,BIS LBS: reporter-country all-currency loans/deposits claims on UAE
2014-03-31,GG,GG: Guernsey,0.01595,BIS LBS: reporter-country all-currency loans/deposits claims on UAE
2014-03-31,IE,IE: Ireland,0.441889,BIS LBS: reporter-country all-currency loans/deposits claims on UAE
2014-03-31,IM,IM: Isle of Man,0.337001,BIS LBS: reporter-country all-currency loans/deposits claims on UAE
2014-03-31,JE,JE: Jersey,2.444477,BIS LBS: reporter-country all-currency loans/deposits claims on UAE
2014-03-31,KR,KR: Korea,1.825696,BIS LBS: reporter-country all-currency loans/deposits claims on UAE
2014-03-31,LU,LU: Luxembourg,2.213185,BIS LBS: reporter-country all-currency loans/deposits claims on UAE
2014-03-31,MO,MO: Macao SAR,0.106966,BIS LBS: reporter-country all-currency loans/deposits claims on UAE
2014-03-31,SE,SE: Sweden,0.454967,BIS LBS: reporter-country all-currency loans/deposits claims on UAE
2014-03-31,TW,TW: Chinese Taipei,0.14286400000000002,BIS LBS: reporter-country all-currency loans/deposits claims on UAE
2014-03-31,US,US: United States,5.776319,BIS LBS: reporter-country all-currency loans/deposits claims on UAE
2014-03-31,ZA,ZA: South Africa,-0.134779,BIS LBS: reporter-country all-currency loans/deposits claims on UAE
2014-06-30,AT,AT: Austria,0.680989,BIS LBS: reporter-country all-currency loans/deposits claims on UAE
2014-06-30,AU,AU: Australia,0.564011,BIS LBS: reporter-country all-currency loans/deposits claims on UAE
2014-06-30,BE,BE: Belgium,6.996931999999999,BIS LBS: reporter-country all-currency loans/deposits claims on UAE
2014-06-30,CA,CA: Canada,0.424421,BIS LBS: reporter-country all-currency loans/deposits claims on UAE
2014-06-30,CH,CH: Switzerland,12.089539,BIS LBS: reporter-country all-currency loans/deposits claims on UAE
2014-06-30,DK,DK: Denmark,0.573664,BIS LBS: reporter-country all-currency loans/deposits claims on UAE
2014-06-30,ES,ES: Spain,0.397785,BIS LBS: reporter-country all-currency loans/deposits claims on UAE
2014-06-30,FI,FI: Finland,0.059857,BIS LBS: reporter-country all-currency loans/deposits claims on UAE
2014-06-30,FR,FR: France,6.087405,BIS LBS: reporter-country all-currency loans/deposits claims on UAE
2014-06-30,GB,GB: United Kingdom,61.744147,BIS LBS: reporter-country all-currency loans/deposits claims on UAE
2014-06-30,GG,GG: Guernsey,0.434897,BIS LBS: reporter-country all-currency loans/deposits claims on UAE
2014-06-30,IE,IE: Ireland,0.33079,BIS LBS: reporter-country all-currency loans/deposits claims on UAE
2014-06-30,IM,IM: Isle of Man,0.32086000000000003,BIS LBS: reporter-country all-currency loans/deposits claims on UAE
2014-06-30,JE,JE: Jersey,3.262105,BIS LBS: reporter-country all-currency loans/deposits claims on UAE
2014-06-30,KR,KR: Korea,2.241123,BIS LBS: reporter-country all-currency loans/deposits claims on UAE
2014-06-30,LU,LU: Luxembourg,2.212702,BIS LBS: reporter-country all-currency loans/deposits claims on UAE
2014-06-30,MO,MO: Macao SAR,0.128126,BIS LBS: reporter-country all-currency loans/deposits claims on UAE
2014-06-30,SE,SE: Sweden,0.458369,BIS LBS: reporter-country all-currency loans/deposits claims on UAE
2014-06-30,TW,TW: Chinese Taipei,0.448114,BIS LBS: reporter-country all-currency loans/deposits claims on UAE
2014-06-30,US,US: United States,6.062945,BIS LBS: reporter-country all-currency loans/deposits claims on UAE
2014-06-30,ZA,ZA: South Africa,0.108671,BIS LBS: reporter-country all-currency loans/deposits claims on UAE
2014-09-30,AT,AT: Austria,0.30651300000000004,BIS LBS: reporter-country all-currency loans/deposits claims on UAE
2014-09-30,AU,AU: Australia,0.5453250000000001,BIS LBS: reporter-country all-currency loans/deposits claims on UAE
2014-09-30,BE,BE: Belgium,6.165551000000001,BIS LBS: reporter-country all-currency loans/deposits claims on UAE
2014-09-30,CA,CA: Canada,0.424193,BIS LBS: reporter-country all-currency loans/deposits claims on UAE
2014-09-30,CH,CH: Switzerland,13.311396,BIS LBS: reporter-country all-currency loans/deposits claims on UAE
2014-09-30,CL,CL: Chile,0.001266,BIS LBS: reporter-country all-currency loans/deposits claims on UAE
2014-09-30,DK,DK: Denmark,0.4470749999999999,BIS LBS: reporter-country all-currency loans/deposits claims on UAE
2014-09-30,ES,ES: Spain,0.460297,BIS LBS: reporter-country all-currency loans/deposits claims on UAE
2014-09-30,FI,FI: Finland,-0.012627000000000003,BIS LBS: reporter-country all-currency loans/deposits claims on UAE
2014-09-30,FR,FR: France,9.0293,BIS LBS: reporter-country all-currency loans/deposits claims on UAE
2014-09-30,GB,GB: United Kingdom,68.86764699999999,BIS LBS: reporter-country all-currency loans/deposits claims on UAE
2014-09-30,GG,GG: Guernsey,0.16273700000000002,BIS LBS: reporter-country all-currency loans/deposits claims on UAE
2014-09-30,IE,IE: Ireland,0.38429,BIS LBS: reporter-country all-currency loans/deposits claims on UAE
2014-09-30,IM,IM: Isle of Man,0.285779,BIS LBS: reporter-country all-currency loans/deposits claims on UAE
2014-09-30,JE,JE: Jersey,2.927346,BIS LBS: reporter-country all-currency loans/deposits claims on UAE
2014-09-30,KR,KR: Korea,2.256545,BIS LBS: reporter-country all-currency loans/deposits claims on UAE
2014-09-30,LU,LU: Luxembourg,2.084758,BIS LBS: reporter-country all-currency loans/deposits claims on UAE
2014-09-30,MO,MO: Macao SAR,0.10634,BIS LBS: reporter-country all-currency loans/deposits claims on UAE
2014-09-30,SE,SE: Sweden,0.742706,BIS LBS: reporter-country all-currency loans/deposits claims on UAE
2014-09-30,TW,TW: Chinese Taipei,-0.19717600000000002,BIS LBS: reporter-country all-currency loans/deposits claims on UAE
2014-09-30,US,US: United States,4.477411,BIS LBS: reporter-country all-currency loans/deposits claims on UAE
2014-09-30,ZA,ZA: South Africa,1.435883,BIS LBS: reporter-country all-currency loans/deposits claims on UAE
2014-12-31,AT,AT: Austria,0.55398,BIS LBS: reporter-country all-currency loans/deposits claims on UAE
2014-12-31,AU,AU: Australia,0.5578540000000001,BIS LBS: reporter-country all-currency loans/deposits claims on UAE
2014-12-31,BE,BE: Belgium,7.244797,BIS LBS: reporter-country all-currency loans/deposits claims on UAE
2014-12-31,CA,CA: Canada,0.37307,BIS LBS: reporter-country all-currency loans/deposits claims on UAE
2014-12-31,CH,CH: Switzerland,11.64251,BIS LBS: reporter-country all-currency loans/deposits claims on UAE
2014-12-31,CL,CL: Chile,0.00047500000000000005,BIS LBS: reporter-country all-currency loans/deposits claims on UAE
2014-12-31,DK,DK: Denmark,0.220615,BIS LBS: reporter-country all-currency loans/deposits claims on UAE
2014-12-31,ES,ES: Spain,0.46886300000000003,BIS LBS: reporter-country all-currency loans/deposits claims on UAE
2014-12-31,FI,FI: Finland,0.02179799999999999,BIS LBS: reporter-country all-currency loans/deposits claims on UAE
2014-12-31,FR,FR: France,10.237809,BIS LBS: reporter-country all-currency loans/deposits claims on UAE
2014-12-31,GB,GB: United Kingdom,66.141745,BIS LBS: reporter-country all-currency loans/deposits claims on UAE
2014-12-31,GG,GG: Guernsey,0.238406,BIS LBS: reporter-country all-currency loans/deposits claims on UAE
2014-12-31,HK,HK: Hong Kong SAR,12.638923,BIS LBS: reporter-country all-currency loans/deposits claims on UAE
2014-12-31,IE,IE: Ireland,0.37449,BIS LBS: reporter-country all-currency loans/deposits claims on UAE
2014-12-31,IM,IM: Isle of Man,0.272814,BIS LBS: reporter-country all-currency loans/deposits claims on UAE
2014-12-31,IT,IT: Italy,2.553077,BIS LBS: reporter-country all-currency loans/deposits claims on UAE
2014-12-31,JE,JE: Jersey,2.825622,BIS LBS: reporter-country all-currency loans/deposits claims on UAE
2014-12-31,KR,KR: Korea,2.4476750000000003,BIS LBS: reporter-country all-currency loans/deposits claims on UAE
2014-12-31,LU,LU: Luxembourg,3.208967,BIS LBS: reporter-country all-currency loans/deposits claims on UAE
2014-12-31,MO,MO: Macao SAR,1.618204,BIS LBS: reporter-country all-currency loans/deposits claims on UAE
2014-12-31,NL,NL: Netherlands,3.403523,BIS LBS: reporter-country all-currency loans/deposits claims on UAE
2014-12-31,SE,SE: Sweden,0.55079,BIS LBS: reporter-country all-currency loans/deposits claims on UAE
2014-12-31,TW,TW: Chinese Taipei,0.40668400000000005,BIS LBS: reporter-country all-currency loans/deposits claims on UAE
2014-12-31,US,US: United States,6.523869,BIS LBS: reporter-country all-currency loans/deposits claims on UAE
2014-12-31,ZA,ZA: South Africa,0.506327,BIS LBS: reporter-country all-currency loans/deposits claims on UAE
2015-03-31,AT,AT: Austria,0.565903,BIS LBS: reporter-country all-currency loans/deposits claims on UAE
2015-03-31,AU,AU: Australia,0.677915,BIS LBS: reporter-country all-currency loans/deposits claims on UAE
2015-03-31,BE,BE: Belgium,7.550903,BIS LBS: reporter-country all-currency loans/deposits claims on UAE
2015-03-31,CA,CA: Canada,0.326202,BIS LBS: reporter-country all-currency loans/deposits claims on UAE
2015-03-31,CH,CH: Switzerland,11.752627,BIS LBS: reporter-country all-currency loans/deposits claims on UAE
2015-03-31,DK,DK: Denmark,0.22012500000000002,BIS LBS: reporter-country all-currency loans/deposits claims on UAE
2015-03-31,ES,ES: Spain,0.385199,BIS LBS: reporter-country all-currency loans/deposits claims on UAE
2015-03-31,FI,FI: Finland,-0.058136999999999994,BIS LBS: reporter-country all-currency loans/deposits claims on UAE
2015-03-31,FR,FR: France,6.771813,BIS LBS: reporter-country all-currency loans/deposits claims on UAE
2015-03-31,GB,GB: United Kingdom,62.327118,BIS LBS: reporter-country all-currency loans/deposits claims on UAE
2015-03-31,GG,GG: Guernsey,5.4294590000000005,BIS LBS: reporter-country all-currency loans/deposits claims on UAE
2015-03-31,HK,HK: Hong Kong SAR,8.240786,BIS LBS: reporter-country all-currency loans/deposits claims on UAE
2015-03-31,IE,IE: Ireland,0.415261,BIS LBS: reporter-country all-currency loans/deposits claims on UAE
2015-03-31,IM,IM: Isle of Man,0.550516,BIS LBS: reporter-country all-currency loans/deposits claims on UAE
2015-03-31,IT,IT: Italy,2.6570609999999997,BIS LBS: reporter-country all-currency loans/deposits claims on UAE
2015-03-31,JE,JE: Jersey,2.781732,BIS LBS: reporter-country all-currency loans/deposits claims on UAE
2015-03-31,KR,KR: Korea,2.252208,BIS LBS: reporter-country all-currency loans/deposits claims on UAE
2015-03-31,LU,LU: Luxembourg,1.7106600000000003,BIS LBS: reporter-country all-currency loans/deposits claims on UAE
2015-03-31,MO,MO: Macao SAR,1.954795,BIS LBS: reporter-country all-currency loans/deposits claims on UAE
2015-03-31,NL,NL: Netherlands,7.365401,BIS LBS: reporter-country all-currency loans/deposits claims on UAE
2015-03-31,SE,SE: Sweden,2.104176,BIS LBS: reporter-country all-currency loans/deposits claims on UAE
2015-03-31,TW,TW: Chinese Taipei,0.10375300000000008,BIS LBS: reporter-country all-currency loans/deposits claims on UAE
2015-03-31,US,US: United States,4.711748,BIS LBS: reporter-country all-currency loans/deposits claims on UAE
2015-03-31,ZA,ZA: South Africa,0.8265800000000001,BIS LBS: reporter-country all-currency loans/deposits claims on UAE
2015-06-30,AT,AT: Austria,0.451448,BIS LBS: reporter-country all-currency loans/deposits claims on UAE
2015-06-30,AU,AU: Australia,0.7703909999999999,BIS LBS: reporter-country all-currency loans/deposits claims on UAE
2015-06-30,BE,BE: Belgium,6.697222,BIS LBS: reporter-country all-currency loans/deposits claims on UAE
2015-06-30,CA,CA: Canada,0.538677,BIS LBS: reporter-country all-currency loans/deposits claims on UAE
2015-06-30,CH,CH: Switzerland,12.994466000000001,BIS LBS: reporter-country all-currency loans/deposits claims on UAE
2015-06-30,CL,CL: Chile,0.000124,BIS LBS: reporter-country all-currency loans/deposits claims on UAE
2015-06-30,DK,DK: Denmark,0.272789,BIS LBS: reporter-country all-currency loans/deposits claims on UAE
2015-06-30,ES,ES: Spain,0.508041,BIS LBS: reporter-country all-currency loans/deposits claims on UAE
2015-06-30,FI,FI: Finland,-0.06708700000000001,BIS LBS: reporter-country all-currency loans/deposits claims on UAE
2015-06-30,FR,FR: France,9.944084,BIS LBS: reporter-country all-currency loans/deposits claims on UAE
2015-06-30,GB,GB: United Kingdom,72.416142,BIS LBS: reporter-country all-currency loans/deposits claims on UAE
2015-06-30,GG,GG: Guernsey,0.260243,BIS LBS: reporter-country all-currency loans/deposits claims on UAE
2015-06-30,HK,HK: Hong Kong SAR,13.532906,BIS LBS: reporter-country all-currency loans/deposits claims on UAE
2015-06-30,IE,IE: Ireland,0.357762,BIS LBS: reporter-country all-currency loans/deposits claims on UAE
2015-06-30,IM,IM: Isle of Man,0.410476,BIS LBS: reporter-country all-currency loans/deposits claims on UAE
2015-06-30,IT,IT: Italy,2.8605389999999997,BIS LBS: reporter-country all-currency loans/deposits claims on UAE
2015-06-30,JE,JE: Jersey,2.894007,BIS LBS: reporter-country all-currency loans/deposits claims on UAE
2015-06-30,KR,KR: Korea,2.2395240000000003,BIS LBS: reporter-country all-currency loans/deposits claims on UAE
2015-06-30,LU,LU: Luxembourg,2.6448050000000003,BIS LBS: reporter-country all-currency loans/deposits claims on UAE
2015-06-30,MO,MO: Macao SAR,0.7532080000000001,BIS LBS: reporter-country all-currency loans/deposits claims on UAE
2015-06-30,NL,NL: Netherlands,2.424707,BIS LBS: reporter-country all-currency loans/deposits claims on UAE
2015-06-30,SE,SE: Sweden,-0.19063300000000005,BIS LBS: reporter-country all-currency loans/deposits claims on UAE
2015-06-30,TW,TW: Chinese Taipei,2.316553,BIS LBS: reporter-country all-currency loans/deposits claims on UAE
2015-06-30,US,US: United States,7.793702000000001,BIS LBS: reporter-country all-currency loans/deposits claims on UAE
2015-06-30,ZA,ZA: South Africa,0.80063,BIS LBS: reporter-country all-currency loans/deposits claims on UAE
2015-09-30,AT,AT: Austria,0.867874,BIS LBS: reporter-country all-currency loans/deposits claims on UAE
2015-09-30,AU,AU: Australia,0.6562790000000001,BIS LBS: reporter-country all-currency loans/deposits claims on UAE
2015-09-30,BE,BE: Belgium,6.335072,BIS LBS: reporter-country all-currency loans/deposits claims on UAE
2015-09-30,CA,CA: Canada,0.40285499999999996,BIS LBS: reporter-country all-currency loans/deposits claims on UAE
2015-09-30,CH,CH: Switzerland,13.844045999999999,BIS LBS: reporter-country all-currency loans/deposits claims on UAE
2015-09-30,CL,CL: Chile,9.4e-05,BIS LBS: reporter-country all-currency loans/deposits claims on UAE
2015-09-30,DK,DK: Denmark,0.16561800000000002,BIS LBS: reporter-country all-currency loans/deposits claims on UAE
2015-09-30,ES,ES: Spain,0.5488919999999999,BIS LBS: reporter-country all-currency loans/deposits claims on UAE
2015-09-30,FI,FI: Finland,-0.09121900000000001,BIS LBS: reporter-country all-currency loans/deposits claims on UAE
2015-09-30,FR,FR: France,14.973354,BIS LBS: reporter-country all-currency loans/deposits claims on UAE
2015-09-30,GB,GB: United Kingdom,75.882013,BIS LBS: reporter-country all-currency loans/deposits claims on UAE
2015-09-30,GG,GG: Guernsey,0.6532979999999999,BIS LBS: reporter-country all-currency loans/deposits claims on UAE
2015-09-30,HK,HK: Hong Kong SAR,10.424881,BIS LBS: reporter-country all-currency loans/deposits claims on UAE
2015-09-30,IE,IE: Ireland,0.694911,BIS LBS: reporter-country all-currency loans/deposits claims on UAE
2015-09-30,IM,IM: Isle of Man,0.455492,BIS LBS: reporter-country all-currency loans/deposits claims on UAE
2015-09-30,IT,IT: Italy,3.343783,BIS LBS: reporter-country all-currency loans/deposits claims on UAE
2015-09-30,JE,JE: Jersey,2.070036,BIS LBS: reporter-country all-currency loans/deposits claims on UAE
2015-09-30,KR,KR: Korea,2.371967,BIS LBS: reporter-country all-currency loans/deposits claims on UAE
2015-09-30,LU,LU: Luxembourg,1.5545650000000002,BIS LBS: reporter-country all-currency loans/deposits claims on UAE
2015-09-30,MO,MO: Macao SAR,1.262402,BIS LBS: reporter-country all-currency loans/deposits claims on UAE
2015-09-30,NL,NL: Netherlands,4.100803,BIS LBS: reporter-country all-currency loans/deposits claims on UAE
2015-09-30,SE,SE: Sweden,0.372585,BIS LBS: reporter-country all-currency loans/deposits claims on UAE
2015-09-30,TW,TW: Chinese Taipei,0.508316,BIS LBS: reporter-country all-currency loans/deposits claims on UAE
2015-09-30,US,US: United States,7.834529,BIS LBS: reporter-country all-currency loans/deposits claims on UAE
2015-09-30,ZA,ZA: South Africa,0.513479,BIS LBS: reporter-country all-currency loans/deposits claims on UAE
2015-12-31,AT,AT: Austria,0.277844,BIS LBS: reporter-country all-currency loans/deposits claims on UAE
2015-12-31,AU,AU: Australia,0.838254,BIS LBS: reporter-country all-currency loans/deposits claims on UAE
2015-12-31,BE,BE: Belgium,11.575423,BIS LBS: reporter-country all-currency loans/deposits claims on UAE
2015-12-31,CA,CA: Canada,0.61044,BIS LBS: reporter-country all-currency loans/deposits claims on UAE
2015-12-31,CH,CH: Switzerland,13.130905,BIS LBS: reporter-country all-currency loans/deposits claims on UAE
2015-12-31,CL,CL: Chile,0.002492,BIS LBS: reporter-country all-currency loans/deposits claims on UAE
2015-12-31,DK,DK: Denmark,0.374127,BIS LBS: reporter-country all-currency loans/deposits claims on UAE
2015-12-31,ES,ES: Spain,1.5808849999999999,BIS LBS: reporter-country all-currency loans/deposits claims on UAE
2015-12-31,FI,FI: Finland,-0.061015999999999994,BIS LBS: reporter-country all-currency loans/deposits claims on UAE
2015-12-31,FR,FR: France,12.239232999999999,BIS LBS: reporter-country all-currency loans/deposits claims on UAE
2015-12-31,GB,GB: United Kingdom,85.432609,BIS LBS: reporter-country all-currency loans/deposits claims on UAE
2015-12-31,GG,GG: Guernsey,0.347215,BIS LBS: reporter-country all-currency loans/deposits claims on UAE
2015-12-31,HK,HK: Hong Kong SAR,14.768547,BIS LBS: reporter-country all-currency loans/deposits claims on UAE
2015-12-31,IE,IE: Ireland,0.577971,BIS LBS: reporter-country all-currency loans/deposits claims on UAE
2015-12-31,IM,IM: Isle of Man,0.481319,BIS LBS: reporter-country all-currency loans/deposits claims on UAE
2015-12-31,IT,IT: Italy,4.196711,BIS LBS: reporter-country all-currency loans/deposits claims on UAE
2015-12-31,JE,JE: Jersey,2.545067,BIS LBS: reporter-country all-currency loans/deposits claims on UAE
2015-12-31,KR,KR: Korea,2.001335,BIS LBS: reporter-country all-currency loans/deposits claims on UAE
2015-12-31,LU,LU: Luxembourg,2.7467960000000002,BIS LBS: reporter-country all-currency loans/deposits claims on UAE
2015-12-31,MO,MO: Macao SAR,0.384681,BIS LBS: reporter-country all-currency loans/deposits claims on UAE
2015-12-31,NL,NL: Netherlands,4.103549,BIS LBS: reporter-country all-currency loans/deposits claims on UAE
2015-12-31,SE,SE: Sweden,0.435152,BIS LBS: reporter-country all-currency loans/deposits claims on UAE
2015-12-31,TW,TW: Chinese Taipei,1.9205830000000002,BIS LBS: reporter-country all-currency loans/deposits claims on UAE
2015-12-31,US,US: United States,6.2763219999999995,BIS LBS: reporter-country all-currency loans/deposits claims on UAE
2015-12-31,ZA,ZA: South Africa,0.653417,BIS LBS: reporter-country all-currency loans/deposits claims on UAE
2016-03-31,AT,AT: Austria,0.933814,BIS LBS: reporter-country all-currency loans/deposits claims on UAE
2016-03-31,AU,AU: Australia,0.9203049999999999,BIS LBS: reporter-country all-currency loans/deposits claims on UAE
2016-03-31,BE,BE: Belgium,8.336487,BIS LBS: reporter-country all-currency loans/deposits claims on UAE
2016-03-31,CA,CA: Canada,0.694204,BIS LBS: reporter-country all-currency loans/deposits claims on UAE
2016-03-31,CH,CH: Switzerland,13.451925000000001,BIS LBS: reporter-country all-currency loans/deposits claims on UAE
2016-03-31,CL,CL: Chile,0.003215,BIS LBS: reporter-country all-currency loans/deposits claims on UAE
2016-03-31,DK,DK: Denmark,0.331496,BIS LBS: reporter-country all-currency loans/deposits claims on UAE
2016-03-31,ES,ES: Spain,1.1858119999999999,BIS LBS: reporter-country all-currency loans/deposits claims on UAE
2016-03-31,FI,FI: Finland,-0.23252500000000004,BIS LBS: reporter-country all-currency loans/deposits claims on UAE
2016-03-31,FR,FR: France,11.626395,BIS LBS: reporter-country all-currency loans/deposits claims on UAE
2016-03-31,GB,GB: United Kingdom,59.570059,BIS LBS: reporter-country all-currency loans/deposits claims on UAE
2016-03-31,GG,GG: Guernsey,0.55924,BIS LBS: reporter-country all-currency loans/deposits claims on UAE
2016-03-31,HK,HK: Hong Kong SAR,11.983370999999998,BIS LBS: reporter-country all-currency loans/deposits claims on UAE
2016-03-31,IE,IE: Ireland,0.47500200000000004,BIS LBS: reporter-country all-currency loans/deposits claims on UAE
2016-03-31,IM,IM: Isle of Man,0.486466,BIS LBS: reporter-country all-currency loans/deposits claims on UAE
2016-03-31,IT,IT: Italy,3.865393,BIS LBS: reporter-country all-currency loans/deposits claims on UAE
2016-03-31,JE,JE: Jersey,2.717842,BIS LBS: reporter-country all-currency loans/deposits claims on UAE
2016-03-31,KR,KR: Korea,3.209463,BIS LBS: reporter-country all-currency loans/deposits claims on UAE
2016-03-31,LU,LU: Luxembourg,2.3768900000000004,BIS LBS: reporter-country all-currency loans/deposits claims on UAE
2016-03-31,MO,MO: Macao SAR,0.4088239999999999,BIS LBS: reporter-country all-currency loans/deposits claims on UAE
2016-03-31,NL,NL: Netherlands,5.139316,BIS LBS: reporter-country all-currency loans/deposits claims on UAE
2016-03-31,SE,SE: Sweden,0.22522799999999998,BIS LBS: reporter-country all-currency loans/deposits claims on UAE
2016-03-31,TW,TW: Chinese Taipei,1.502601,BIS LBS: reporter-country all-currency loans/deposits claims on UAE
2016-03-31,US,US: United States,6.971774,BIS LBS: reporter-country all-currency loans/deposits claims on UAE
2016-03-31,ZA,ZA: South Africa,0.28472200000000003,BIS LBS: reporter-country all-currency loans/deposits claims on UAE
2016-06-30,AT,AT: Austria,0.45985200000000004,BIS LBS: reporter-country all-currency loans/deposits claims on UAE
2016-06-30,AU,AU: Australia,3.444728,BIS LBS: reporter-country all-currency loans/deposits claims on UAE
2016-06-30,BE,BE: Belgium,14.31699,BIS LBS: reporter-country all-currency loans/deposits claims on UAE
2016-06-30,CA,CA: Canada,0.600321,BIS LBS: reporter-country all-currency loans/deposits claims on UAE
2016-06-30,CH,CH: Switzerland,15.121146,BIS LBS: reporter-country all-currency loans/deposits claims on UAE
2016-06-30,CL,CL: Chile,3.626558,BIS LBS: reporter-country all-currency loans/deposits claims on UAE
2016-06-30,DK,DK: Denmark,0.582364,BIS LBS: reporter-country all-currency loans/deposits claims on UAE
2016-06-30,ES,ES: Spain,1.5543900000000002,BIS LBS: reporter-country all-currency loans/deposits claims on UAE
2016-06-30,FI,FI: Finland,0.016049999999999995,BIS LBS: reporter-country all-currency loans/deposits claims on UAE
2016-06-30,FR,FR: France,14.079529,BIS LBS: reporter-country all-currency loans/deposits claims on UAE
2016-06-30,GB,GB: United Kingdom,73.196681,BIS LBS: reporter-country all-currency loans/deposits claims on UAE
2016-06-30,GG,GG: Guernsey,0.438928,BIS LBS: reporter-country all-currency loans/deposits claims on UAE
2016-06-30,HK,HK: Hong Kong SAR,18.252443,BIS LBS: reporter-country all-currency loans/deposits claims on UAE
2016-06-30,IE,IE: Ireland,0.13464500000000001,BIS LBS: reporter-country all-currency loans/deposits claims on UAE
2016-06-30,IM,IM: Isle of Man,0.475954,BIS LBS: reporter-country all-currency loans/deposits claims on UAE
2016-06-30,IT,IT: Italy,9.86712,BIS LBS: reporter-country all-currency loans/deposits claims on UAE
2016-06-30,JE,JE: Jersey,3.908999,BIS LBS: reporter-country all-currency loans/deposits claims on UAE
2016-06-30,KR,KR: Korea,2.0954450000000002,BIS LBS: reporter-country all-currency loans/deposits claims on UAE
2016-06-30,LU,LU: Luxembourg,2.7306310000000003,BIS LBS: reporter-country all-currency loans/deposits claims on UAE
2016-06-30,MO,MO: Macao SAR,0.295441,BIS LBS: reporter-country all-currency loans/deposits claims on UAE
2016-06-30,NL,NL: Netherlands,5.261112,BIS LBS: reporter-country all-currency loans/deposits claims on UAE
2016-06-30,SE,SE: Sweden,-0.037599999999999995,BIS LBS: reporter-country all-currency loans/deposits claims on UAE
2016-06-30,TW,TW: Chinese Taipei,2.9065909999999997,BIS LBS: reporter-country all-currency loans/deposits claims on UAE
2016-06-30,US,US: United States,10.963921000000001,BIS LBS: reporter-country all-currency loans/deposits claims on UAE
2016-06-30,ZA,ZA: South Africa,0.867639,BIS LBS: reporter-country all-currency loans/deposits claims on UAE
2016-09-30,AT,AT: Austria,0.47595199999999993,BIS LBS: reporter-country all-currency loans/deposits claims on UAE
2016-09-30,AU,AU: Australia,1.7821760000000002,BIS LBS: reporter-country all-currency loans/deposits claims on UAE
2016-09-30,BE,BE: Belgium,8.078751,BIS LBS: reporter-country all-currency loans/deposits claims on UAE
2016-09-30,CA,CA: Canada,0.846767,BIS LBS: reporter-country all-currency loans/deposits claims on UAE
2016-09-30,CH,CH: Switzerland,15.347761,BIS LBS: reporter-country all-currency loans/deposits claims on UAE
2016-09-30,CL,CL: Chile,123.562253,BIS LBS: reporter-country all-currency loans/deposits claims on UAE
2016-09-30,DK,DK: Denmark,0.211836,BIS LBS: reporter-country all-currency loans/deposits claims on UAE
2016-09-30,ES,ES: Spain,1.66525,BIS LBS: reporter-country all-currency loans/deposits claims on UAE
2016-09-30,FI,FI: Finland,0.087909,BIS LBS: reporter-country all-currency loans/deposits claims on UAE
2016-09-30,FR,FR: France,12.378258,BIS LBS: reporter-country all-currency loans/deposits claims on UAE
2016-09-30,GB,GB: United Kingdom,60.817479999999996,BIS LBS: reporter-country all-currency loans/deposits claims on UAE
2016-09-30,GG,GG: Guernsey,0.25343000000000004,BIS LBS: reporter-country all-currency loans/deposits claims on UAE
2016-09-30,HK,HK: Hong Kong SAR,16.776576,BIS LBS: reporter-country all-currency loans/deposits claims on UAE
2016-09-30,IE,IE: Ireland,0.372698,BIS LBS: reporter-country all-currency loans/deposits claims on UAE
2016-09-30,IM,IM: Isle of Man,0.518228,BIS LBS: reporter-country all-currency loans/deposits claims on UAE
2016-09-30,IT,IT: Italy,6.922337000000001,BIS LBS: reporter-country all-currency loans/deposits claims on UAE
2016-09-30,JE,JE: Jersey,3.3172550000000003,BIS LBS: reporter-country all-currency loans/deposits claims on UAE
2016-09-30,KR,KR: Korea,2.522989,BIS LBS: reporter-country all-currency loans/deposits claims on UAE
2016-09-30,LU,LU: Luxembourg,1.45919,BIS LBS: reporter-country all-currency loans/deposits claims on UAE
2016-09-30,MO,MO: Macao SAR,-0.260744,BIS LBS: reporter-country all-currency loans/deposits claims on UAE
2016-09-30,NL,NL: Netherlands,4.0317929999999995,BIS LBS: reporter-country all-currency loans/deposits claims on UAE
2016-09-30,SE,SE: Sweden,0.103793,BIS LBS: reporter-country all-currency loans/deposits claims on UAE
2016-09-30,TW,TW: Chinese Taipei,2.22133,BIS LBS: reporter-country all-currency loans/deposits claims on UAE
2016-09-30,US,US: United States,6.297797,BIS LBS: reporter-country all-currency loans/deposits claims on UAE
2016-09-30,ZA,ZA: South Africa,0.6566,BIS LBS: reporter-country all-currency loans/deposits claims on UAE
2016-12-31,AT,AT: Austria,0.5550689999999999,BIS LBS: reporter-country all-currency loans/deposits claims on UAE
2016-12-31,AU,AU: Australia,1.908788,BIS LBS: reporter-country all-currency loans/deposits claims on UAE
2016-12-31,BE,BE: Belgium,11.332618999999998,BIS LBS: reporter-country all-currency loans/deposits claims on UAE
2016-12-31,CA,CA: Canada,0.864819,BIS LBS: reporter-country all-currency loans/deposits claims on UAE
2016-12-31,CH,CH: Switzerland,17.884247,BIS LBS: reporter-country all-currency loans/deposits claims on UAE
2016-12-31,CL,CL: Chile,7.725576,BIS LBS: reporter-country all-currency loans/deposits claims on UAE
2016-12-31,DK,DK: Denmark,0.28248300000000004,BIS LBS: reporter-country all-currency loans/deposits claims on UAE
2016-12-31,ES,ES: Spain,1.5685060000000002,BIS LBS: reporter-country all-currency loans/deposits claims on UAE
2016-12-31,FI,FI: Finland,0.154892,BIS LBS: reporter-country all-currency loans/deposits claims on UAE
2016-12-31,FR,FR: France,18.887286,BIS LBS: reporter-country all-currency loans/deposits claims on UAE
2016-12-31,GB,GB: United Kingdom,57.298783,BIS LBS: reporter-country all-currency loans/deposits claims on UAE
2016-12-31,GG,GG: Guernsey,1.067827,BIS LBS: reporter-country all-currency loans/deposits claims on UAE
2016-12-31,HK,HK: Hong Kong SAR,18.704538,BIS LBS: reporter-country all-currency loans/deposits claims on UAE
2016-12-31,IE,IE: Ireland,0.29984999999999995,BIS LBS: reporter-country all-currency loans/deposits claims on UAE
2016-12-31,IM,IM: Isle of Man,0.49119100000000004,BIS LBS: reporter-country all-currency loans/deposits claims on UAE
2016-12-31,IT,IT: Italy,6.30691,BIS LBS: reporter-country all-currency loans/deposits claims on UAE
2016-12-31,JE,JE: Jersey,2.8620710000000003,BIS LBS: reporter-country all-currency loans/deposits claims on UAE
2016-12-31,KR,KR: Korea,9.904066,BIS LBS: reporter-country all-currency loans/deposits claims on UAE
2016-12-31,LU,LU: Luxembourg,3.236816,BIS LBS: reporter-country all-currency loans/deposits claims on UAE
2016-12-31,MO,MO: Macao SAR,0.04488900000000001,BIS LBS: reporter-country all-currency loans/deposits claims on UAE
2016-12-31,NL,NL: Netherlands,3.154754,BIS LBS: reporter-country all-currency loans/deposits claims on UAE
2016-12-31,PH,PH: Philippines,0.027527,BIS LBS: reporter-country all-currency loans/deposits claims on UAE
2016-12-31,SE,SE: Sweden,0.07322999999999999,BIS LBS: reporter-country all-currency loans/deposits claims on UAE
2016-12-31,TW,TW: Chinese Taipei,2.294594,BIS LBS: reporter-country all-currency loans/deposits claims on UAE
2016-12-31,US,US: United States,7.402710000000001,BIS LBS: reporter-country all-currency loans/deposits claims on UAE
2016-12-31,ZA,ZA: South Africa,0.08390900000000001,BIS LBS: reporter-country all-currency loans/deposits claims on UAE
2017-03-31,AT,AT: Austria,0.8157409999999999,BIS LBS: reporter-country all-currency loans/deposits claims on UAE
2017-03-31,AU,AU: Australia,2.329556,BIS LBS: reporter-country all-currency loans/deposits claims on UAE
2017-03-31,BE,BE: Belgium,9.314842,BIS LBS: reporter-country all-currency loans/deposits claims on UAE
2017-03-31,CA,CA: Canada,0.130884,BIS LBS: reporter-country all-currency loans/deposits claims on UAE
2017-03-31,CH,CH: Switzerland,18.450469000000002,BIS LBS: reporter-country all-currency loans/deposits claims on UAE
2017-03-31,CL,CL: Chile,0.9860689999999999,BIS LBS: reporter-country all-currency loans/deposits claims on UAE
2017-03-31,DK,DK: Denmark,0.301292,BIS LBS: reporter-country all-currency loans/deposits claims on UAE
2017-03-31,ES,ES: Spain,1.873731,BIS LBS: reporter-country all-currency loans/deposits claims on UAE
2017-03-31,FI,FI: Finland,0.125977,BIS LBS: reporter-country all-currency loans/deposits claims on UAE
2017-03-31,FR,FR: France,9.994648,BIS LBS: reporter-country all-currency loans/deposits claims on UAE
2017-03-31,GB,GB: United Kingdom,63.383019,BIS LBS: reporter-country all-currency loans/deposits claims on UAE
2017-03-31,GG,GG: Guernsey,0.7277509999999999,BIS LBS: reporter-country all-currency loans/deposits claims on UAE
2017-03-31,HK,HK: Hong Kong SAR,14.099391,BIS LBS: reporter-country all-currency loans/deposits claims on UAE
2017-03-31,IE,IE: Ireland,0.924447,BIS LBS: reporter-country all-currency loans/deposits claims on UAE
2017-03-31,IM,IM: Isle of Man,0.497201,BIS LBS: reporter-country all-currency loans/deposits claims on UAE
2017-03-31,IT,IT: Italy,6.785982000000001,BIS LBS: reporter-country all-currency loans/deposits claims on UAE
2017-03-31,JE,JE: Jersey,2.491984,BIS LBS: reporter-country all-currency loans/deposits claims on UAE
2017-03-31,KR,KR: Korea,6.063602,BIS LBS: reporter-country all-currency loans/deposits claims on UAE
2017-03-31,LU,LU: Luxembourg,2.9466430000000003,BIS LBS: reporter-country all-currency loans/deposits claims on UAE
2017-03-31,MO,MO: Macao SAR,0.09293600000000002,BIS LBS: reporter-country all-currency loans/deposits claims on UAE
2017-03-31,NL,NL: Netherlands,5.866099,BIS LBS: reporter-country all-currency loans/deposits claims on UAE
2017-03-31,PH,PH: Philippines,0.027554000000000002,BIS LBS: reporter-country all-currency loans/deposits claims on UAE
2017-03-31,SE,SE: Sweden,0.09060000000000001,BIS LBS: reporter-country all-currency loans/deposits claims on UAE
2017-03-31,TW,TW: Chinese Taipei,3.3162730000000002,BIS LBS: reporter-country all-currency loans/deposits claims on UAE
2017-03-31,US,US: United States,3.7313500000000004,BIS LBS: reporter-country all-currency loans/deposits claims on UAE
2017-03-31,ZA,ZA: South Africa,0.74133,BIS LBS: reporter-country all-currency loans/deposits claims on UAE
2017-06-30,AT,AT: Austria,0.480531,BIS LBS: reporter-country all-currency loans/deposits claims on UAE
2017-06-30,AU,AU: Australia,2.079067,BIS LBS: reporter-country all-currency loans/deposits claims on UAE
2017-06-30,BE,BE: Belgium,13.578895,BIS LBS: reporter-country all-currency loans/deposits claims on UAE
2017-06-30,CA,CA: Canada,0.659833,BIS LBS: reporter-country all-currency loans/deposits claims on UAE
2017-06-30,CH,CH: Switzerland,20.579078,BIS LBS: reporter-country all-currency loans/deposits claims on UAE
2017-06-30,CL,CL: Chile,1.00508,BIS LBS: reporter-country all-currency loans/deposits claims on UAE
2017-06-30,DK,DK: Denmark,0.14865899999999999,BIS LBS: reporter-country all-currency loans/deposits claims on UAE
2017-06-30,ES,ES: Spain,1.769824,BIS LBS: reporter-country all-currency loans/deposits claims on UAE
2017-06-30,FI,FI: Finland,0.099241,BIS LBS: reporter-country all-currency loans/deposits claims on UAE
2017-06-30,FR,FR: France,16.914020999999998,BIS LBS: reporter-country all-currency loans/deposits claims on UAE
2017-06-30,GB,GB: United Kingdom,60.128846,BIS LBS: reporter-country all-currency loans/deposits claims on UAE
2017-06-30,GG,GG: Guernsey,0.8887700000000001,BIS LBS: reporter-country all-currency loans/deposits claims on UAE
2017-06-30,HK,HK: Hong Kong SAR,24.064792,BIS LBS: reporter-country all-currency loans/deposits claims on UAE
2017-06-30,IE,IE: Ireland,2.0138949999999998,BIS LBS: reporter-country all-currency loans/deposits claims on UAE
2017-06-30,IM,IM: Isle of Man,0.565606,BIS LBS: reporter-country all-currency loans/deposits claims on UAE
2017-06-30,IT,IT: Italy,6.423005,BIS LBS: reporter-country all-currency loans/deposits claims on UAE
2017-06-30,JE,JE: Jersey,2.365479,BIS LBS: reporter-country all-currency loans/deposits claims on UAE
2017-06-30,KR,KR: Korea,6.877793,BIS LBS: reporter-country all-currency loans/deposits claims on UAE
2017-06-30,LU,LU: Luxembourg,2.5945949999999995,BIS LBS: reporter-country all-currency loans/deposits claims on UAE
2017-06-30,MO,MO: Macao SAR,-0.08454699999999989,BIS LBS: reporter-country all-currency loans/deposits claims on UAE
2017-06-30,NL,NL: Netherlands,2.740646,BIS LBS: reporter-country all-currency loans/deposits claims on UAE
2017-06-30,PH,PH: Philippines,-0.001082999999999999,BIS LBS: reporter-country all-currency loans/deposits claims on UAE
2017-06-30,SE,SE: Sweden,0.318925,BIS LBS: reporter-country all-currency loans/deposits claims on UAE
2017-06-30,TW,TW: Chinese Taipei,1.763504,BIS LBS: reporter-country all-currency loans/deposits claims on UAE
2017-06-30,US,US: United States,7.713273,BIS LBS: reporter-country all-currency loans/deposits claims on UAE
2017-06-30,ZA,ZA: South Africa,0.295148,BIS LBS: reporter-country all-currency loans/deposits claims on UAE
2017-09-30,AT,AT: Austria,0.738754,BIS LBS: reporter-country all-currency loans/deposits claims on UAE
2017-09-30,AU,AU: Australia,2.3319729999999996,BIS LBS: reporter-country all-currency loans/deposits claims on UAE
2017-09-30,BE,BE: Belgium,9.712586,BIS LBS: reporter-country all-currency loans/deposits claims on UAE
2017-09-30,CA,CA: Canada,0.440004,BIS LBS: reporter-country all-currency loans/deposits claims on UAE
2017-09-30,CH,CH: Switzerland,21.285892999999998,BIS LBS: reporter-country all-currency loans/deposits claims on UAE
2017-09-30,CL,CL: Chile,-0.122475,BIS LBS: reporter-country all-currency loans/deposits claims on UAE
2017-09-30,DK,DK: Denmark,0.16857,BIS LBS: reporter-country all-currency loans/deposits claims on UAE
2017-09-30,ES,ES: Spain,1.818076,BIS LBS: reporter-country all-currency loans/deposits claims on UAE
2017-09-30,FI,FI: Finland,0.10693899999999999,BIS LBS: reporter-country all-currency loans/deposits claims on UAE
2017-09-30,FR,FR: France,20.428781,BIS LBS: reporter-country all-currency loans/deposits claims on UAE
2017-09-30,GB,GB: United Kingdom,66.50045300000001,BIS LBS: reporter-country all-currency loans/deposits claims on UAE
2017-09-30,GG,GG: Guernsey,0.9481390000000001,BIS LBS: reporter-country all-currency loans/deposits claims on UAE
2017-09-30,HK,HK: Hong Kong SAR,22.757901,BIS LBS: reporter-country all-currency loans/deposits claims on UAE
2017-09-30,IE,IE: Ireland,1.609045,BIS LBS: reporter-country all-currency loans/deposits claims on UAE
2017-09-30,IM,IM: Isle of Man,0.575866,BIS LBS: reporter-country all-currency loans/deposits claims on UAE
2017-09-30,IT,IT: Italy,7.400055999999999,BIS LBS: reporter-country all-currency loans/deposits claims on UAE
2017-09-30,JE,JE: Jersey,2.48934,BIS LBS: reporter-country all-currency loans/deposits claims on UAE
2017-09-30,KR,KR: Korea,7.248418999999999,BIS LBS: reporter-country all-currency loans/deposits claims on UAE
2017-09-30,LU,LU: Luxembourg,2.856231,BIS LBS: reporter-country all-currency loans/deposits claims on UAE
2017-09-30,MO,MO: Macao SAR,0.108008,BIS LBS: reporter-country all-currency loans/deposits claims on UAE
2017-09-30,NL,NL: Netherlands,2.8146440000000004,BIS LBS: reporter-country all-currency loans/deposits claims on UAE
2017-09-30,PH,PH: Philippines,0.01457,BIS LBS: reporter-country all-currency loans/deposits claims on UAE
2017-09-30,SE,SE: Sweden,0.45228599999999997,BIS LBS: reporter-country all-currency loans/deposits claims on UAE
2017-09-30,TW,TW: Chinese Taipei,2.231547,BIS LBS: reporter-country all-currency loans/deposits claims on UAE
2017-09-30,US,US: United States,6.034543,BIS LBS: reporter-country all-currency loans/deposits claims on UAE
2017-09-30,ZA,ZA: South Africa,0.45063200000000003,BIS LBS: reporter-country all-currency loans/deposits claims on UAE
2017-12-31,AT,AT: Austria,0.5508989999999999,BIS LBS: reporter-country all-currency loans/deposits claims on UAE
2017-12-31,AU,AU: Australia,3.047839,BIS LBS: reporter-country all-currency loans/deposits claims on UAE
2017-12-31,BE,BE: Belgium,13.822609,BIS LBS: reporter-country all-currency loans/deposits claims on UAE
2017-12-31,CA,CA: Canada,0.585786,BIS LBS: reporter-country all-currency loans/deposits claims on UAE
2017-12-31,CH,CH: Switzerland,24.384676,BIS LBS: reporter-country all-currency loans/deposits claims on UAE
2017-12-31,DK,DK: Denmark,0.34676300000000004,BIS LBS: reporter-country all-currency loans/deposits claims on UAE
2017-12-31,ES,ES: Spain,1.1126340000000001,BIS LBS: reporter-country all-currency loans/deposits claims on UAE
2017-12-31,FI,FI: Finland,0.044835,BIS LBS: reporter-country all-currency loans/deposits claims on UAE
2017-12-31,FR,FR: France,21.013498,BIS LBS: reporter-country all-currency loans/deposits claims on UAE
2017-12-31,GB,GB: United Kingdom,80.903377,BIS LBS: reporter-country all-currency loans/deposits claims on UAE
2017-12-31,GG,GG: Guernsey,0.881165,BIS LBS: reporter-country all-currency loans/deposits claims on UAE
2017-12-31,HK,HK: Hong Kong SAR,20.478013,BIS LBS: reporter-country all-currency loans/deposits claims on UAE
2017-12-31,IE,IE: Ireland,1.733575,BIS LBS: reporter-country all-currency loans/deposits claims on UAE
2017-12-31,IM,IM: Isle of Man,0.595691,BIS LBS: reporter-country all-currency loans/deposits claims on UAE
2017-12-31,IT,IT: Italy,9.565607,BIS LBS: reporter-country all-currency loans/deposits claims on UAE
2017-12-31,JE,JE: Jersey,1.9086269999999999,BIS LBS: reporter-country all-currency loans/deposits claims on UAE
2017-12-31,KR,KR: Korea,7.893076,BIS LBS: reporter-country all-currency loans/deposits claims on UAE
2017-12-31,LU,LU: Luxembourg,2.8482689999999997,BIS LBS: reporter-country all-currency loans/deposits claims on UAE
2017-12-31,MO,MO: Macao SAR,-0.03880599999999999,BIS LBS: reporter-country all-currency loans/deposits claims on UAE
2017-12-31,NL,NL: Netherlands,3.298849,BIS LBS: reporter-country all-currency loans/deposits claims on UAE
2017-12-31,PH,PH: Philippines,-0.022816,BIS LBS: reporter-country all-currency loans/deposits claims on UAE
2017-12-31,SE,SE: Sweden,0.418207,BIS LBS: reporter-country all-currency loans/deposits claims on UAE
2017-12-31,TW,TW: Chinese Taipei,1.9125429999999999,BIS LBS: reporter-country all-currency loans/deposits claims on UAE
2017-12-31,US,US: United States,9.910153000000001,BIS LBS: reporter-country all-currency loans/deposits claims on UAE
2017-12-31,ZA,ZA: South Africa,0.475914,BIS LBS: reporter-country all-currency loans/deposits claims on UAE
2018-03-31,AT,AT: Austria,0.663886,BIS LBS: reporter-country all-currency loans/deposits claims on UAE
2018-03-31,AU,AU: Australia,2.301358,BIS LBS: reporter-country all-currency loans/deposits claims on UAE
2018-03-31,BE,BE: Belgium,10.985055,BIS LBS: reporter-country all-currency loans/deposits claims on UAE
2018-03-31,CA,CA: Canada,0.8256359999999999,BIS LBS: reporter-country all-currency loans/deposits claims on UAE
2018-03-31,CH,CH: Switzerland,21.709988,BIS LBS: reporter-country all-currency loans/deposits claims on UAE
2018-03-31,DK,DK: Denmark,0.298537,BIS LBS: reporter-country all-currency loans/deposits claims on UAE
2018-03-31,ES,ES: Spain,1.858106,BIS LBS: reporter-country all-currency loans/deposits claims on UAE
2018-03-31,FI,FI: Finland,0.197436,BIS LBS: reporter-country all-currency loans/deposits claims on UAE
2018-03-31,FR,FR: France,18.584146,BIS LBS: reporter-country all-currency loans/deposits claims on UAE
2018-03-31,GB,GB: United Kingdom,80.545701,BIS LBS: reporter-country all-currency loans/deposits claims on UAE
2018-03-31,GG,GG: Guernsey,1.179461,BIS LBS: reporter-country all-currency loans/deposits claims on UAE
2018-03-31,HK,HK: Hong Kong SAR,22.432384000000003,BIS LBS: reporter-country all-currency loans/deposits claims on UAE
2018-03-31,IE,IE: Ireland,2.108473,BIS LBS: reporter-country all-currency loans/deposits claims on UAE
2018-03-31,IM,IM: Isle of Man,0.639535,BIS LBS: reporter-country all-currency loans/deposits claims on UAE
2018-03-31,IT,IT: Italy,7.141651,BIS LBS: reporter-country all-currency loans/deposits claims on UAE
2018-03-31,JE,JE: Jersey,2.3568990000000003,BIS LBS: reporter-country all-currency loans/deposits claims on UAE
2018-03-31,KR,KR: Korea,7.153563999999999,BIS LBS: reporter-country all-currency loans/deposits claims on UAE
2018-03-31,LU,LU: Luxembourg,2.124235,BIS LBS: reporter-country all-currency loans/deposits claims on UAE
2018-03-31,MO,MO: Macao SAR,-0.046652,BIS LBS: reporter-country all-currency loans/deposits claims on UAE
2018-03-31,NL,NL: Netherlands,2.984226,BIS LBS: reporter-country all-currency loans/deposits claims on UAE
2018-03-31,PH,PH: Philippines,-0.018465000000000006,BIS LBS: reporter-country all-currency loans/deposits claims on UAE
2018-03-31,SE,SE: Sweden,0.432416,BIS LBS: reporter-country all-currency loans/deposits claims on UAE
2018-03-31,TW,TW: Chinese Taipei,2.344044,BIS LBS: reporter-country all-currency loans/deposits claims on UAE
2018-03-31,US,US: United States,10.972089,BIS LBS: reporter-country all-currency loans/deposits claims on UAE
2018-03-31,ZA,ZA: South Africa,0.670044,BIS LBS: reporter-country all-currency loans/deposits claims on UAE
2018-06-30,AT,AT: Austria,0.502417,BIS LBS: reporter-country all-currency loans/deposits claims on UAE
2018-06-30,AU,AU: Australia,3.2114779999999996,BIS LBS: reporter-country all-currency loans/deposits claims on UAE
2018-06-30,BE,BE: Belgium,14.595319,BIS LBS: reporter-country all-currency loans/deposits claims on UAE
2018-06-30,CA,CA: Canada,0.03190999999999999,BIS LBS: reporter-country all-currency loans/deposits claims on UAE
2018-06-30,CH,CH: Switzerland,24.619363,BIS LBS: reporter-country all-currency loans/deposits claims on UAE
2018-06-30,DK,DK: Denmark,0.411796,BIS LBS: reporter-country all-currency loans/deposits claims on UAE
2018-06-30,ES,ES: Spain,2.008215,BIS LBS: reporter-country all-currency loans/deposits claims on UAE
2018-06-30,FI,FI: Finland,0.210789,BIS LBS: reporter-country all-currency loans/deposits claims on UAE
2018-06-30,FR,FR: France,19.808738,BIS LBS: reporter-country all-currency loans/deposits claims on UAE
2018-06-30,GB,GB: United Kingdom,63.729147999999995,BIS LBS: reporter-country all-currency loans/deposits claims on UAE
2018-06-30,GG,GG: Guernsey,1.200617,BIS LBS: reporter-country all-currency loans/deposits claims on UAE
2018-06-30,HK,HK: Hong Kong SAR,16.900474,BIS LBS: reporter-country all-currency loans/deposits claims on UAE
2018-06-30,IE,IE: Ireland,0.45949000000000007,BIS LBS: reporter-country all-currency loans/deposits claims on UAE
2018-06-30,IM,IM: Isle of Man,0.564825,BIS LBS: reporter-country all-currency loans/deposits claims on UAE
2018-06-30,IT,IT: Italy,10.073602000000001,BIS LBS: reporter-country all-currency loans/deposits claims on UAE
2018-06-30,JE,JE: Jersey,2.099017,BIS LBS: reporter-country all-currency loans/deposits claims on UAE
2018-06-30,KR,KR: Korea,7.660412,BIS LBS: reporter-country all-currency loans/deposits claims on UAE
2018-06-30,LU,LU: Luxembourg,2.516022,BIS LBS: reporter-country all-currency loans/deposits claims on UAE
2018-06-30,MO,MO: Macao SAR,0.822419,BIS LBS: reporter-country all-currency loans/deposits claims on UAE
2018-06-30,NL,NL: Netherlands,3.220096,BIS LBS: reporter-country all-currency loans/deposits claims on UAE
2018-06-30,PH,PH: Philippines,0.013376,BIS LBS: reporter-country all-currency loans/deposits claims on UAE
2018-06-30,SE,SE: Sweden,0.412831,BIS LBS: reporter-country all-currency loans/deposits claims on UAE
2018-06-30,TW,TW: Chinese Taipei,2.410249,BIS LBS: reporter-country all-currency loans/deposits claims on UAE
2018-06-30,US,US: United States,6.091271000000001,BIS LBS: reporter-country all-currency loans/deposits claims on UAE
2018-06-30,ZA,ZA: South Africa,0.905637,BIS LBS: reporter-country all-currency loans/deposits claims on UAE
2018-09-30,AT,AT: Austria,1.019719,BIS LBS: reporter-country all-currency loans/deposits claims on UAE
2018-09-30,AU,AU: Australia,2.462908,BIS LBS: reporter-country all-currency loans/deposits claims on UAE
2018-09-30,BE,BE: Belgium,12.178279,BIS LBS: reporter-country all-currency loans/deposits claims on UAE
2018-09-30,CA,CA: Canada,0.40008199999999994,BIS LBS: reporter-country all-currency loans/deposits claims on UAE
2018-09-30,CH,CH: Switzerland,23.763487,BIS LBS: reporter-country all-currency loans/deposits claims on UAE
2018-09-30,DK,DK: Denmark,0.968619,BIS LBS: reporter-country all-currency loans/deposits claims on UAE
2018-09-30,ES,ES: Spain,2.028518,BIS LBS: reporter-country all-currency loans/deposits claims on UAE
2018-09-30,FI,FI: Finland,0.174046,BIS LBS: reporter-country all-currency loans/deposits claims on UAE
2018-09-30,FR,FR: France,18.482382,BIS LBS: reporter-country all-currency loans/deposits claims on UAE
2018-09-30,GB,GB: United Kingdom,70.125765,BIS LBS: reporter-country all-currency loans/deposits claims on UAE
2018-09-30,GG,GG: Guernsey,1.044355,BIS LBS: reporter-country all-currency loans/deposits claims on UAE
2018-09-30,HK,HK: Hong Kong SAR,18.091527000000003,BIS LBS: reporter-country all-currency loans/deposits claims on UAE
2018-09-30,IE,IE: Ireland,0.983893,BIS LBS: reporter-country all-currency loans/deposits claims on UAE
2018-09-30,IM,IM: Isle of Man,0.5239659999999999,BIS LBS: reporter-country all-currency loans/deposits claims on UAE
2018-09-30,IT,IT: Italy,9.961456,BIS LBS: reporter-country all-currency loans/deposits claims on UAE
2018-09-30,JE,JE: Jersey,1.9835180000000001,BIS LBS: reporter-country all-currency loans/deposits claims on UAE
2018-09-30,KR,KR: Korea,8.492913,BIS LBS: reporter-country all-currency loans/deposits claims on UAE
2018-09-30,LU,LU: Luxembourg,3.219318,BIS LBS: reporter-country all-currency loans/deposits claims on UAE
2018-09-30,MO,MO: Macao SAR,0.613179,BIS LBS: reporter-country all-currency loans/deposits claims on UAE
2018-09-30,NL,NL: Netherlands,3.4271089999999997,BIS LBS: reporter-country all-currency loans/deposits claims on UAE
2018-09-30,PH,PH: Philippines,0.021285000000000002,BIS LBS: reporter-country all-currency loans/deposits claims on UAE
2018-09-30,SE,SE: Sweden,0.34729699999999997,BIS LBS: reporter-country all-currency loans/deposits claims on UAE
2018-09-30,TW,TW: Chinese Taipei,1.7784380000000002,BIS LBS: reporter-country all-currency loans/deposits claims on UAE
2018-09-30,US,US: United States,7.749176,BIS LBS: reporter-country all-currency loans/deposits claims on UAE
2018-09-30,ZA,ZA: South Africa,0.606323,BIS LBS: reporter-country all-currency loans/deposits claims on UAE
2018-12-31,AT,AT: Austria,1.102016,BIS LBS: reporter-country all-currency loans/deposits claims on UAE
2018-12-31,AU,AU: Australia,1.265398,BIS LBS: reporter-country all-currency loans/deposits claims on UAE
2018-12-31,BE,BE: Belgium,14.238835,BIS LBS: reporter-country all-currency loans/deposits claims on UAE
2018-12-31,CA,CA: Canada,0.683622,BIS LBS: reporter-country all-currency loans/deposits claims on UAE
2018-12-31,CH,CH: Switzerland,22.625859,BIS LBS: reporter-country all-currency loans/deposits claims on UAE
2018-12-31,DK,DK: Denmark,0.650439,BIS LBS: reporter-country all-currency loans/deposits claims on UAE
2018-12-31,ES,ES: Spain,2.221871,BIS LBS: reporter-country all-currency loans/deposits claims on UAE
2018-12-31,FI,FI: Finland,0.217854,BIS LBS: reporter-country all-currency loans/deposits claims on UAE
2018-12-31,FR,FR: France,25.475427,BIS LBS: reporter-country all-currency loans/deposits claims on UAE
2018-12-31,GB,GB: United Kingdom,75.09034199999999,BIS LBS: reporter-country all-currency loans/deposits claims on UAE
2018-12-31,GG,GG: Guernsey,1.048567,BIS LBS: reporter-country all-currency loans/deposits claims on UAE
2018-12-31,HK,HK: Hong Kong SAR,17.881275,BIS LBS: reporter-country all-currency loans/deposits claims on UAE
2018-12-31,IE,IE: Ireland,4.6336569999999995,BIS LBS: reporter-country all-currency loans/deposits claims on UAE
2018-12-31,IM,IM: Isle of Man,0.43642800000000004,BIS LBS: reporter-country all-currency loans/deposits claims on UAE
2018-12-31,IT,IT: Italy,7.418741,BIS LBS: reporter-country all-currency loans/deposits claims on UAE
2018-12-31,JE,JE: Jersey,2.421001,BIS LBS: reporter-country all-currency loans/deposits claims on UAE
2018-12-31,KR,KR: Korea,8.557696,BIS LBS: reporter-country all-currency loans/deposits claims on UAE
2018-12-31,LU,LU: Luxembourg,2.231278,BIS LBS: reporter-country all-currency loans/deposits claims on UAE
2018-12-31,MO,MO: Macao SAR,0.9811880000000001,BIS LBS: reporter-country all-currency loans/deposits claims on UAE
2018-12-31,NL,NL: Netherlands,2.234197,BIS LBS: reporter-country all-currency loans/deposits claims on UAE
2018-12-31,PH,PH: Philippines,-0.00046499999999999623,BIS LBS: reporter-country all-currency loans/deposits claims on UAE
2018-12-31,SE,SE: Sweden,0.591147,BIS LBS: reporter-country all-currency loans/deposits claims on UAE
2018-12-31,TW,TW: Chinese Taipei,1.256492,BIS LBS: reporter-country all-currency loans/deposits claims on UAE
2018-12-31,US,US: United States,9.149239999999999,BIS LBS: reporter-country all-currency loans/deposits claims on UAE
2018-12-31,ZA,ZA: South Africa,1.8612,BIS LBS: reporter-country all-currency loans/deposits claims on UAE
2019-03-31,AT,AT: Austria,1.502732,BIS LBS: reporter-country all-currency loans/deposits claims on UAE
2019-03-31,AU,AU: Australia,2.036012,BIS LBS: reporter-country all-currency loans/deposits claims on UAE
2019-03-31,BE,BE: Belgium,9.105007,BIS LBS: reporter-country all-currency loans/deposits claims on UAE
2019-03-31,CA,CA: Canada,0.53015,BIS LBS: reporter-country all-currency loans/deposits claims on UAE
2019-03-31,CH,CH: Switzerland,23.380062000000002,BIS LBS: reporter-country all-currency loans/deposits claims on UAE
2019-03-31,DK,DK: Denmark,-0.15357300000000002,BIS LBS: reporter-country all-currency loans/deposits claims on UAE
2019-03-31,ES,ES: Spain,3.126563,BIS LBS: reporter-country all-currency loans/deposits claims on UAE
2019-03-31,FI,FI: Finland,0.05273,BIS LBS: reporter-country all-currency loans/deposits claims on UAE
2019-03-31,FR,FR: France,10.865364,BIS LBS: reporter-country all-currency loans/deposits claims on UAE
2019-03-31,GB,GB: United Kingdom,83.848153,BIS LBS: reporter-country all-currency loans/deposits claims on UAE
2019-03-31,GG,GG: Guernsey,0.903141,BIS LBS: reporter-country all-currency loans/deposits claims on UAE
2019-03-31,HK,HK: Hong Kong SAR,23.583014,BIS LBS: reporter-country all-currency loans/deposits claims on UAE
2019-03-31,IE,IE: Ireland,2.821634,BIS LBS: reporter-country all-currency loans/deposits claims on UAE
2019-03-31,IM,IM: Isle of Man,0.5672929999999998,BIS LBS: reporter-country all-currency loans/deposits claims on UAE
2019-03-31,IT,IT: Italy,8.198464,BIS LBS: reporter-country all-currency loans/deposits claims on UAE
2019-03-31,JE,JE: Jersey,2.314178,BIS LBS: reporter-country all-currency loans/deposits claims on UAE
2019-03-31,KR,KR: Korea,8.698945,BIS LBS: reporter-country all-currency loans/deposits claims on UAE
2019-03-31,LU,LU: Luxembourg,3.37659,BIS LBS: reporter-country all-currency loans/deposits claims on UAE
2019-03-31,MO,MO: Macao SAR,0.71322,BIS LBS: reporter-country all-currency loans/deposits claims on UAE
2019-03-31,NL,NL: Netherlands,2.590293,BIS LBS: reporter-country all-currency loans/deposits claims on UAE
2019-03-31,PH,PH: Philippines,-0.02031,BIS LBS: reporter-country all-currency loans/deposits claims on UAE
2019-03-31,SE,SE: Sweden,0.5222100000000001,BIS LBS: reporter-country all-currency loans/deposits claims on UAE
2019-03-31,TW,TW: Chinese Taipei,3.3250290000000002,BIS LBS: reporter-country all-currency loans/deposits claims on UAE
2019-03-31,US,US: United States,12.517678,BIS LBS: reporter-country all-currency loans/deposits claims on UAE
2019-03-31,ZA,ZA: South Africa,1.175381,BIS LBS: reporter-country all-currency loans/deposits claims on UAE
2019-06-30,AT,AT: Austria,2.3284320000000003,BIS LBS: reporter-country all-currency loans/deposits claims on UAE
2019-06-30,AU,AU: Australia,1.5019529999999999,BIS LBS: reporter-country all-currency loans/deposits claims on UAE
2019-06-30,BE,BE: Belgium,13.983754999999999,BIS LBS: reporter-country all-currency loans/deposits claims on UAE
2019-06-30,CA,CA: Canada,3.065185,BIS LBS: reporter-country all-currency loans/deposits claims on UAE
2019-06-30,CH,CH: Switzerland,26.960603,BIS LBS: reporter-country all-currency loans/deposits claims on UAE
2019-06-30,DK,DK: Denmark,0.128598,BIS LBS: reporter-country all-currency loans/deposits claims on UAE
2019-06-30,ES,ES: Spain,2.854946,BIS LBS: reporter-country all-currency loans/deposits claims on UAE
2019-06-30,FI,FI: Finland,0.035425,BIS LBS: reporter-country all-currency loans/deposits claims on UAE
2019-06-30,FR,FR: France,25.128627,BIS LBS: reporter-country all-currency loans/deposits claims on UAE
2019-06-30,GB,GB: United Kingdom,78.471931,BIS LBS: reporter-country all-currency loans/deposits claims on UAE
2019-06-30,GG,GG: Guernsey,0.926836,BIS LBS: reporter-country all-currency loans/deposits claims on UAE
2019-06-30,HK,HK: Hong Kong SAR,17.863132,BIS LBS: reporter-country all-currency loans/deposits claims on UAE
2019-06-30,IE,IE: Ireland,2.119357,BIS LBS: reporter-country all-currency loans/deposits claims on UAE
2019-06-30,IM,IM: Isle of Man,0.5466069999999998,BIS LBS: reporter-country all-currency loans/deposits claims on UAE
2019-06-30,IT,IT: Italy,4.859738999999999,BIS LBS: reporter-country all-currency loans/deposits claims on UAE
2019-06-30,JE,JE: Jersey,2.177481,BIS LBS: reporter-country all-currency loans/deposits claims on UAE
2019-06-30,KR,KR: Korea,8.949397,BIS LBS: reporter-country all-currency loans/deposits claims on UAE
2019-06-30,LU,LU: Luxembourg,3.1516070000000003,BIS LBS: reporter-country all-currency loans/deposits claims on UAE
2019-06-30,MO,MO: Macao SAR,0.10325499999999999,BIS LBS: reporter-country all-currency loans/deposits claims on UAE
2019-06-30,NL,NL: Netherlands,2.453473,BIS LBS: reporter-country all-currency loans/deposits claims on UAE
2019-06-30,PH,PH: Philippines,0.19692300000000001,BIS LBS: reporter-country all-currency loans/deposits claims on UAE
2019-06-30,SE,SE: Sweden,0.592676,BIS LBS: reporter-country all-currency loans/deposits claims on UAE
2019-06-30,TW,TW: Chinese Taipei,1.308036,BIS LBS: reporter-country all-currency loans/deposits claims on UAE
2019-06-30,US,US: United States,4.904553000000001,BIS LBS: reporter-country all-currency loans/deposits claims on UAE
2019-06-30,ZA,ZA: South Africa,1.54832,BIS LBS: reporter-country all-currency loans/deposits claims on UAE
2019-09-30,AT,AT: Austria,1.656272,BIS LBS: reporter-country all-currency loans/deposits claims on UAE
2019-09-30,AU,AU: Australia,2.122336,BIS LBS: reporter-country all-currency loans/deposits claims on UAE
2019-09-30,BE,BE: Belgium,11.599307,BIS LBS: reporter-country all-currency loans/deposits claims on UAE
2019-09-30,CH,CH: Switzerland,24.422568000000002,BIS LBS: reporter-country all-currency loans/deposits claims on UAE
2019-09-30,DK,DK: Denmark,0.14744400000000002,BIS LBS: reporter-country all-currency loans/deposits claims on UAE
2019-09-30,ES,ES: Spain,2.9301009999999996,BIS LBS: reporter-country all-currency loans/deposits claims on UAE
2019-09-30,FI,FI: Finland,0.011062000000000002,BIS LBS: reporter-country all-currency loans/deposits claims on UAE
2019-09-30,FR,FR: France,24.517977000000002,BIS LBS: reporter-country all-currency loans/deposits claims on UAE
2019-09-30,GB,GB: United Kingdom,81.258121,BIS LBS: reporter-country all-currency loans/deposits claims on UAE
2019-09-30,GG,GG: Guernsey,0.867361,BIS LBS: reporter-country all-currency loans/deposits claims on UAE
2019-09-30,HK,HK: Hong Kong SAR,18.216331,BIS LBS: reporter-country all-currency loans/deposits claims on UAE
2019-09-30,IE,IE: Ireland,2.6902880000000002,BIS LBS: reporter-country all-currency loans/deposits claims on UAE
2019-09-30,IM,IM: Isle of Man,0.5633259999999998,BIS LBS: reporter-country all-currency loans/deposits claims on UAE
2019-09-30,IT,IT: Italy,6.899784,BIS LBS: reporter-country all-currency loans/deposits claims on UAE
2019-09-30,JE,JE: Jersey,2.427307,BIS LBS: reporter-country all-currency loans/deposits claims on UAE
2019-09-30,KR,KR: Korea,9.138955999999999,BIS LBS: reporter-country all-currency loans/deposits claims on UAE
2019-09-30,LU,LU: Luxembourg,2.675161,BIS LBS: reporter-country all-currency loans/deposits claims on UAE
2019-09-30,MO,MO: Macao SAR,0.008507000000000015,BIS LBS: reporter-country all-currency loans/deposits claims on UAE
2019-09-30,NL,NL: Netherlands,3.298239,BIS LBS: reporter-country all-currency loans/deposits claims on UAE
2019-09-30,PH,PH: Philippines,15.325775,BIS LBS: reporter-country all-currency loans/deposits claims on UAE
2019-09-30,SE,SE: Sweden,0.994206,BIS LBS: reporter-country all-currency loans/deposits claims on UAE
2019-09-30,TW,TW: Chinese Taipei,1.885232,BIS LBS: reporter-country all-currency loans/deposits claims on UAE
2019-09-30,US,US: United States,8.259465,BIS LBS: reporter-country all-currency loans/deposits claims on UAE
2019-09-30,ZA,ZA: South Africa,0.939919,BIS LBS: reporter-country all-currency loans/deposits claims on UAE
2019-12-31,AT,AT: Austria,0.6100380000000001,BIS LBS: reporter-country all-currency loans/deposits claims on UAE
2019-12-31,AU,AU: Australia,2.0960520000000002,BIS LBS: reporter-country all-currency loans/deposits claims on UAE
2019-12-31,BE,BE: Belgium,8.268071,BIS LBS: reporter-country all-currency loans/deposits claims on UAE
2019-12-31,CA,CA: Canada,2.2348630000000003,BIS LBS: reporter-country all-currency loans/deposits claims on UAE
2019-12-31,CH,CH: Switzerland,27.874247,BIS LBS: reporter-country all-currency loans/deposits claims on UAE
2019-12-31,DK,DK: Denmark,0.19389800000000001,BIS LBS: reporter-country all-currency loans/deposits claims on UAE
2019-12-31,ES,ES: Spain,3.394985,BIS LBS: reporter-country all-currency loans/deposits claims on UAE
2019-12-31,FI,FI: Finland,-0.006994999999999998,BIS LBS: reporter-country all-currency loans/deposits claims on UAE
2019-12-31,FR,FR: France,16.594088,BIS LBS: reporter-country all-currency loans/deposits claims on UAE
2019-12-31,GB,GB: United Kingdom,80.962629,BIS LBS: reporter-country all-currency loans/deposits claims on UAE
2019-12-31,GG,GG: Guernsey,0.8590829999999999,BIS LBS: reporter-country all-currency loans/deposits claims on UAE
2019-12-31,HK,HK: Hong Kong SAR,16.111499000000002,BIS LBS: reporter-country all-currency loans/deposits claims on UAE
2019-12-31,IE,IE: Ireland,0.542919,BIS LBS: reporter-country all-currency loans/deposits claims on UAE
2019-12-31,IM,IM: Isle of Man,0.5164599999999998,BIS LBS: reporter-country all-currency loans/deposits claims on UAE
2019-12-31,IT,IT: Italy,6.992122,BIS LBS: reporter-country all-currency loans/deposits claims on UAE
2019-12-31,JE,JE: Jersey,2.255242,BIS LBS: reporter-country all-currency loans/deposits claims on UAE
2019-12-31,KR,KR: Korea,10.439069,BIS LBS: reporter-country all-currency loans/deposits claims on UAE
2019-12-31,LU,LU: Luxembourg,2.940816,BIS LBS: reporter-country all-currency loans/deposits claims on UAE
2019-12-31,MO,MO: Macao SAR,0.43403,BIS LBS: reporter-country all-currency loans/deposits claims on UAE
2019-12-31,NL,NL: Netherlands,2.966761,BIS LBS: reporter-country all-currency loans/deposits claims on UAE
2019-12-31,PH,PH: Philippines,11.267301,BIS LBS: reporter-country all-currency loans/deposits claims on UAE
2019-12-31,SE,SE: Sweden,0.6422319999999999,BIS LBS: reporter-country all-currency loans/deposits claims on UAE
2019-12-31,TW,TW: Chinese Taipei,2.295661,BIS LBS: reporter-country all-currency loans/deposits claims on UAE
2019-12-31,US,US: United States,13.775632000000002,BIS LBS: reporter-country all-currency loans/deposits claims on UAE
2019-12-31,ZA,ZA: South Africa,0.5202600000000001,BIS LBS: reporter-country all-currency loans/deposits claims on UAE
2020-03-31,AT,AT: Austria,1.0171890000000001,BIS LBS: reporter-country all-currency loans/deposits claims on UAE
2020-03-31,AU,AU: Australia,2.879408,BIS LBS: reporter-country all-currency loans/deposits claims on UAE
2020-03-31,BE,BE: Belgium,10.971778,BIS LBS: reporter-country all-currency loans/deposits claims on UAE
2020-03-31,CA,CA: Canada,3.559125,BIS LBS: reporter-country all-currency loans/deposits claims on UAE
2020-03-31,CH,CH: Switzerland,19.84221,BIS LBS: reporter-country all-currency loans/deposits claims on UAE
2020-03-31,DK,DK: Denmark,0.285504,BIS LBS: reporter-country all-currency loans/deposits claims on UAE
2020-03-31,ES,ES: Spain,6.80009,BIS LBS: reporter-country all-currency loans/deposits claims on UAE
2020-03-31,FI,FI: Finland,0.024071999999999996,BIS LBS: reporter-country all-currency loans/deposits claims on UAE
2020-03-31,FR,FR: France,35.290324999999996,BIS LBS: reporter-country all-currency loans/deposits claims on UAE
2020-03-31,GB,GB: United Kingdom,81.546284,BIS LBS: reporter-country all-currency loans/deposits claims on UAE
2020-03-31,GG,GG: Guernsey,1.2753189999999999,BIS LBS: reporter-country all-currency loans/deposits claims on UAE
2020-03-31,HK,HK: Hong Kong SAR,25.681603,BIS LBS: reporter-country all-currency loans/deposits claims on UAE
2020-03-31,IE,IE: Ireland,0.43635900000000005,BIS LBS: reporter-country all-currency loans/deposits claims on UAE
2020-03-31,IM,IM: Isle of Man,0.5737239999999998,BIS LBS: reporter-country all-currency loans/deposits claims on UAE
2020-03-31,IT,IT: Italy,7.118912,BIS LBS: reporter-country all-currency loans/deposits claims on UAE
2020-03-31,JE,JE: Jersey,2.098975,BIS LBS: reporter-country all-currency loans/deposits claims on UAE
2020-03-31,KR,KR: Korea,10.283941,BIS LBS: reporter-country all-currency loans/deposits claims on UAE
2020-03-31,LU,LU: Luxembourg,3.5901639999999997,BIS LBS: reporter-country all-currency loans/deposits claims on UAE
2020-03-31,MO,MO: Macao SAR,0.479275,BIS LBS: reporter-country all-currency loans/deposits claims on UAE
2020-03-31,NL,NL: Netherlands,3.477435,BIS LBS: reporter-country all-currency loans/deposits claims on UAE
2020-03-31,PH,PH: Philippines,15.419019,BIS LBS: reporter-country all-currency loans/deposits claims on UAE
2020-03-31,SE,SE: Sweden,0.43979300000000005,BIS LBS: reporter-country all-currency loans/deposits claims on UAE
2020-03-31,TW,TW: Chinese Taipei,0.562142,BIS LBS: reporter-country all-currency loans/deposits claims on UAE
2020-03-31,US,US: United States,9.297145,BIS LBS: reporter-country all-currency loans/deposits claims on UAE
2020-03-31,ZA,ZA: South Africa,0.673125,BIS LBS: reporter-country all-currency loans/deposits claims on UAE
2020-06-30,AT,AT: Austria,1.5265630000000001,BIS LBS: reporter-country all-currency loans/deposits claims on UAE
2020-06-30,AU,AU: Australia,5.050419,BIS LBS: reporter-country all-currency loans/deposits claims on UAE
2020-06-30,BE,BE: Belgium,10.786715999999998,BIS LBS: reporter-country all-currency loans/deposits claims on UAE
2020-06-30,CH,CH: Switzerland,23.053968,BIS LBS: reporter-country all-currency loans/deposits claims on UAE
2020-06-30,DK,DK: Denmark,0.3595549999999999,BIS LBS: reporter-country all-currency loans/deposits claims on UAE
2020-06-30,ES,ES: Spain,5.900413,BIS LBS: reporter-country all-currency loans/deposits claims on UAE
2020-06-30,FI,FI: Finland,0.005339,BIS LBS: reporter-country all-currency loans/deposits claims on UAE
2020-06-30,FR,FR: France,13.937205,BIS LBS: reporter-country all-currency loans/deposits claims on UAE
2020-06-30,GB,GB: United Kingdom,72.346964,BIS LBS: reporter-country all-currency loans/deposits claims on UAE
2020-06-30,GG,GG: Guernsey,1.150331,BIS LBS: reporter-country all-currency loans/deposits claims on UAE
2020-06-30,HK,HK: Hong Kong SAR,20.459898999999997,BIS LBS: reporter-country all-currency loans/deposits claims on UAE
2020-06-30,IE,IE: Ireland,0.831373,BIS LBS: reporter-country all-currency loans/deposits claims on UAE
2020-06-30,IM,IM: Isle of Man,0.5433639999999997,BIS LBS: reporter-country all-currency loans/deposits claims on UAE
2020-06-30,IT,IT: Italy,5.938616000000001,BIS LBS: reporter-country all-currency loans/deposits claims on UAE
2020-06-30,JE,JE: Jersey,2.167231,BIS LBS: reporter-country all-currency loans/deposits claims on UAE
2020-06-30,KR,KR: Korea,10.192974,BIS LBS: reporter-country all-currency loans/deposits claims on UAE
2020-06-30,LU,LU: Luxembourg,5.255149,BIS LBS: reporter-country all-currency loans/deposits claims on UAE
2020-06-30,MO,MO: Macao SAR,0.390892,BIS LBS: reporter-country all-currency loans/deposits claims on UAE
2020-06-30,NL,NL: Netherlands,2.235899,BIS LBS: reporter-country all-currency loans/deposits claims on UAE
2020-06-30,PH,PH: Philippines,15.523527999999999,BIS LBS: reporter-country all-currency loans/deposits claims on UAE
2020-06-30,SE,SE: Sweden,0.545017,BIS LBS: reporter-country all-currency loans/deposits claims on UAE
2020-06-30,TW,TW: Chinese Taipei,1.607348,BIS LBS: reporter-country all-currency loans/deposits claims on UAE
2020-06-30,US,US: United States,11.208082,BIS LBS: reporter-country all-currency loans/deposits claims on UAE
2020-06-30,ZA,ZA: South Africa,0.864098,BIS LBS: reporter-country all-currency loans/deposits claims on UAE
2020-09-30,AT,AT: Austria,0.687006,BIS LBS: reporter-country all-currency loans/deposits claims on UAE
2020-09-30,AU,AU: Australia,3.132967,BIS LBS: reporter-country all-currency loans/deposits claims on UAE
2020-09-30,BE,BE: Belgium,15.82554,BIS LBS: reporter-country all-currency loans/deposits claims on UAE
2020-09-30,CA,CA: Canada,0.8703809999999998,BIS LBS: reporter-country all-currency loans/deposits claims on UAE
2020-09-30,CH,CH: Switzerland,20.839244,BIS LBS: reporter-country all-currency loans/deposits claims on UAE
2020-09-30,DK,DK: Denmark,0.206295,BIS LBS: reporter-country all-currency loans/deposits claims on UAE
2020-09-30,ES,ES: Spain,5.184468000000001,BIS LBS: reporter-country all-currency loans/deposits claims on UAE
2020-09-30,FI,FI: Finland,0.051239,BIS LBS: reporter-country all-currency loans/deposits claims on UAE
2020-09-30,FR,FR: France,29.914341,BIS LBS: reporter-country all-currency loans/deposits claims on UAE
2020-09-30,GB,GB: United Kingdom,75.678802,BIS LBS: reporter-country all-currency loans/deposits claims on UAE
2020-09-30,GG,GG: Guernsey,1.1791989999999999,BIS LBS: reporter-country all-currency loans/deposits claims on UAE
2020-09-30,HK,HK: Hong Kong SAR,20.852627,BIS LBS: reporter-country all-currency loans/deposits claims on UAE
2020-09-30,IE,IE: Ireland,0.908693,BIS LBS: reporter-country all-currency loans/deposits claims on UAE
2020-09-30,IM,IM: Isle of Man,0.5057399999999999,BIS LBS: reporter-country all-currency loans/deposits claims on UAE
2020-09-30,IT,IT: Italy,6.059353,BIS LBS: reporter-country all-currency loans/deposits claims on UAE
2020-09-30,JE,JE: Jersey,1.528356,BIS LBS: reporter-country all-currency loans/deposits claims on UAE
2020-09-30,KR,KR: Korea,10.359315,BIS LBS: reporter-country all-currency loans/deposits claims on UAE
2020-09-30,LU,LU: Luxembourg,3.992272,BIS LBS: reporter-country all-currency loans/deposits claims on UAE
2020-09-30,MO,MO: Macao SAR,1.070901,BIS LBS: reporter-country all-currency loans/deposits claims on UAE
2020-09-30,NL,NL: Netherlands,2.92321,BIS LBS: reporter-country all-currency loans/deposits claims on UAE
2020-09-30,PH,PH: Philippines,-0.020389000000000004,BIS LBS: reporter-country all-currency loans/deposits claims on UAE
2020-09-30,SE,SE: Sweden,0.45445599999999997,BIS LBS: reporter-country all-currency loans/deposits claims on UAE
2020-09-30,TW,TW: Chinese Taipei,0.252968,BIS LBS: reporter-country all-currency loans/deposits claims on UAE
2020-09-30,US,US: United States,10.031363,BIS LBS: reporter-country all-currency loans/deposits claims on UAE
2020-09-30,ZA,ZA: South Africa,0.765591,BIS LBS: reporter-country all-currency loans/deposits claims on UAE
2020-12-31,AT,AT: Austria,1.4565670000000002,BIS LBS: reporter-country all-currency loans/deposits claims on UAE
2020-12-31,AU,AU: Australia,3.198111,BIS LBS: reporter-country all-currency loans/deposits claims on UAE
2020-12-31,BE,BE: Belgium,17.541927,BIS LBS: reporter-country all-currency loans/deposits claims on UAE
2020-12-31,CH,CH: Switzerland,25.106468,BIS LBS: reporter-country all-currency loans/deposits claims on UAE
2020-12-31,DK,DK: Denmark,0.558084,BIS LBS: reporter-country all-currency loans/deposits claims on UAE
2020-12-31,ES,ES: Spain,6.266662999999999,BIS LBS: reporter-country all-currency loans/deposits claims on UAE
2020-12-31,FI,FI: Finland,0.074316,BIS LBS: reporter-country all-currency loans/deposits claims on UAE
2020-12-31,FR,FR: France,27.593639000000003,BIS LBS: reporter-country all-currency loans/deposits claims on UAE
2020-12-31,GB,GB: United Kingdom,82.35018,BIS LBS: reporter-country all-currency loans/deposits claims on UAE
2020-12-31,GG,GG: Guernsey,1.380543,BIS LBS: reporter-country all-currency loans/deposits claims on UAE
2020-12-31,HK,HK: Hong Kong SAR,17.846014,BIS LBS: reporter-country all-currency loans/deposits claims on UAE
2020-12-31,IE,IE: Ireland,0.8983000000000001,BIS LBS: reporter-country all-currency loans/deposits claims on UAE
2020-12-31,IM,IM: Isle of Man,0.5004929999999999,BIS LBS: reporter-country all-currency loans/deposits claims on UAE
2020-12-31,IT,IT: Italy,7.696427,BIS LBS: reporter-country all-currency loans/deposits claims on UAE
2020-12-31,JE,JE: Jersey,1.023537,BIS LBS: reporter-country all-currency loans/deposits claims on UAE
2020-12-31,KR,KR: Korea,11.936081,BIS LBS: reporter-country all-currency loans/deposits claims on UAE
2020-12-31,LU,LU: Luxembourg,3.123129,BIS LBS: reporter-country all-currency loans/deposits claims on UAE
2020-12-31,MO,MO: Macao SAR,1.148056,BIS LBS: reporter-country all-currency loans/deposits claims on UAE
2020-12-31,NL,NL: Netherlands,2.399458,BIS LBS: reporter-country all-currency loans/deposits claims on UAE
2020-12-31,PH,PH: Philippines,0.110624,BIS LBS: reporter-country all-currency loans/deposits claims on UAE
2020-12-31,SE,SE: Sweden,0.426034,BIS LBS: reporter-country all-currency loans/deposits claims on UAE
2020-12-31,TW,TW: Chinese Taipei,0.81552,BIS LBS: reporter-country all-currency loans/deposits claims on UAE
2020-12-31,US,US: United States,9.922882000000001,BIS LBS: reporter-country all-currency loans/deposits claims on UAE
2020-12-31,ZA,ZA: South Africa,0.887859,BIS LBS: reporter-country all-currency loans/deposits claims on UAE
2021-03-31,AT,AT: Austria,0.846233,BIS LBS: reporter-country all-currency loans/deposits claims on UAE
2021-03-31,AU,AU: Australia,2.149795,BIS LBS: reporter-country all-currency loans/deposits claims on UAE
2021-03-31,BE,BE: Belgium,10.795363,BIS LBS: reporter-country all-currency loans/deposits claims on UAE
2021-03-31,CA,CA: Canada,-2.973356,BIS LBS: reporter-country all-currency loans/deposits claims on UAE
2021-03-31,CH,CH: Switzerland,26.086595,BIS LBS: reporter-country all-currency loans/deposits claims on UAE
2021-03-31,DK,DK: Denmark,0.5084949999999999,BIS LBS: reporter-country all-currency loans/deposits claims on UAE
2021-03-31,ES,ES: Spain,5.90447,BIS LBS: reporter-country all-currency loans/deposits claims on UAE
2021-03-31,FI,FI: Finland,0.0535489999999999,BIS LBS: reporter-country all-currency loans/deposits claims on UAE
2021-03-31,FR,FR: France,15.505071999999998,BIS LBS: reporter-country all-currency loans/deposits claims on UAE
2021-03-31,GB,GB: United Kingdom,78.921097,BIS LBS: reporter-country all-currency loans/deposits claims on UAE
2021-03-31,GG,GG: Guernsey,1.4351,BIS LBS: reporter-country all-currency loans/deposits claims on UAE
2021-03-31,HK,HK: Hong Kong SAR,19.152364,BIS LBS: reporter-country all-currency loans/deposits claims on UAE
2021-03-31,IE,IE: Ireland,0.921766,BIS LBS: reporter-country all-currency loans/deposits claims on UAE
2021-03-31,IM,IM: Isle of Man,0.529188,BIS LBS: reporter-country all-currency loans/deposits claims on UAE
2021-03-31,IT,IT: Italy,6.84028,BIS LBS: reporter-country all-currency loans/deposits claims on UAE
2021-03-31,JE,JE: Jersey,1.7930549999999998,BIS LBS: reporter-country all-currency loans/deposits claims on UAE
2021-03-31,KR,KR: Korea,10.775247,BIS LBS: reporter-country all-currency loans/deposits claims on UAE
2021-03-31,LU,LU: Luxembourg,2.650913,BIS LBS: reporter-country all-currency loans/deposits claims on UAE
2021-03-31,MO,MO: Macao SAR,2.506306,BIS LBS: reporter-country all-currency loans/deposits claims on UAE
2021-03-31,NL,NL: Netherlands,2.374393,BIS LBS: reporter-country all-currency loans/deposits claims on UAE
2021-03-31,PH,PH: Philippines,-0.009885,BIS LBS: reporter-country all-currency loans/deposits claims on UAE
2021-03-31,SE,SE: Sweden,0.45525499999999997,BIS LBS: reporter-country all-currency loans/deposits claims on UAE
2021-03-31,TW,TW: Chinese Taipei,0.815955,BIS LBS: reporter-country all-currency loans/deposits claims on UAE
2021-03-31,US,US: United States,17.260284,BIS LBS: reporter-country all-currency loans/deposits claims on UAE
2021-03-31,ZA,ZA: South Africa,0.832783,BIS LBS: reporter-country all-currency loans/deposits claims on UAE
2021-06-30,AT,AT: Austria,1.820176,BIS LBS: reporter-country all-currency loans/deposits claims on UAE
2021-06-30,AU,AU: Australia,6.755405,BIS LBS: reporter-country all-currency loans/deposits claims on UAE
2021-06-30,BE,BE: Belgium,18.974645,BIS LBS: reporter-country all-currency loans/deposits claims on UAE
2021-06-30,CA,CA: Canada,2.614693,BIS LBS: reporter-country all-currency loans/deposits claims on UAE
2021-06-30,CH,CH: Switzerland,26.422676000000003,BIS LBS: reporter-country all-currency loans/deposits claims on UAE
2021-06-30,DK,DK: Denmark,0.436558,BIS LBS: reporter-country all-currency loans/deposits claims on UAE
2021-06-30,ES,ES: Spain,5.785569,BIS LBS: reporter-country all-currency loans/deposits claims on UAE
2021-06-30,FI,FI: Finland,0.059476,BIS LBS: reporter-country all-currency loans/deposits claims on UAE
2021-06-30,FR,FR: France,21.037539,BIS LBS: reporter-country all-currency loans/deposits claims on UAE
2021-06-30,GB,GB: United Kingdom,83.494508,BIS LBS: reporter-country all-currency loans/deposits claims on UAE
2021-06-30,GG,GG: Guernsey,1.082675,BIS LBS: reporter-country all-currency loans/deposits claims on UAE
2021-06-30,HK,HK: Hong Kong SAR,22.997828000000002,BIS LBS: reporter-country all-currency loans/deposits claims on UAE
2021-06-30,IE,IE: Ireland,0.9436490000000001,BIS LBS: reporter-country all-currency loans/deposits claims on UAE
2021-06-30,IM,IM: Isle of Man,0.527282,BIS LBS: reporter-country all-currency loans/deposits claims on UAE
2021-06-30,IT,IT: Italy,7.8342089999999995,BIS LBS: reporter-country all-currency loans/deposits claims on UAE
2021-06-30,JE,JE: Jersey,1.181552,BIS LBS: reporter-country all-currency loans/deposits claims on UAE
2021-06-30,KR,KR: Korea,11.040712000000001,BIS LBS: reporter-country all-currency loans/deposits claims on UAE
2021-06-30,LU,LU: Luxembourg,3.5666569999999997,BIS LBS: reporter-country all-currency loans/deposits claims on UAE
2021-06-30,MO,MO: Macao SAR,2.269483,BIS LBS: reporter-country all-currency loans/deposits claims on UAE
2021-06-30,NL,NL: Netherlands,2.478835,BIS LBS: reporter-country all-currency loans/deposits claims on UAE
2021-06-30,PH,PH: Philippines,0.069977,BIS LBS: reporter-country all-currency loans/deposits claims on UAE
2021-06-30,SE,SE: Sweden,0.329237,BIS LBS: reporter-country all-currency loans/deposits claims on UAE
2021-06-30,TW,TW: Chinese Taipei,0.778554,BIS LBS: reporter-country all-currency loans/deposits claims on UAE
2021-06-30,US,US: United States,9.987282,BIS LBS: reporter-country all-currency loans/deposits claims on UAE
2021-06-30,ZA,ZA: South Africa,0.298382,BIS LBS: reporter-country all-currency loans/deposits claims on UAE
2021-09-30,AT,AT: Austria,1.204015,BIS LBS: reporter-country all-currency loans/deposits claims on UAE
2021-09-30,AU,AU: Australia,1.2447300000000001,BIS LBS: reporter-country all-currency loans/deposits claims on UAE
2021-09-30,BE,BE: Belgium,16.454869,BIS LBS: reporter-country all-currency loans/deposits claims on UAE
2021-09-30,CA,CA: Canada,-1.569677,BIS LBS: reporter-country all-currency loans/deposits claims on UAE
2021-09-30,CH,CH: Switzerland,26.624966,BIS LBS: reporter-country all-currency loans/deposits claims on UAE
2021-09-30,DK,DK: Denmark,0.704887,BIS LBS: reporter-country all-currency loans/deposits claims on UAE
2021-09-30,ES,ES: Spain,5.852557,BIS LBS: reporter-country all-currency loans/deposits claims on UAE
2021-09-30,FI,FI: Finland,0.062396999999999994,BIS LBS: reporter-country all-currency loans/deposits claims on UAE
2021-09-30,FR,FR: France,25.468096,BIS LBS: reporter-country all-currency loans/deposits claims on UAE
2021-09-30,GB,GB: United Kingdom,62.869852,BIS LBS: reporter-country all-currency loans/deposits claims on UAE
2021-09-30,GG,GG: Guernsey,1.160258,BIS LBS: reporter-country all-currency loans/deposits claims on UAE
2021-09-30,HK,HK: Hong Kong SAR,23.780938,BIS LBS: reporter-country all-currency loans/deposits claims on UAE
2021-09-30,IE,IE: Ireland,0.953917,BIS LBS: reporter-country all-currency loans/deposits claims on UAE
2021-09-30,IM,IM: Isle of Man,0.43085399999999996,BIS LBS: reporter-country all-currency loans/deposits claims on UAE
2021-09-30,IT,IT: Italy,7.542427,BIS LBS: reporter-country all-currency loans/deposits claims on UAE
2021-09-30,JE,JE: Jersey,0.27382900000000004,BIS LBS: reporter-country all-currency loans/deposits claims on UAE
2021-09-30,KR,KR: Korea,11.074947,BIS LBS: reporter-country all-currency loans/deposits claims on UAE
2021-09-30,LU,LU: Luxembourg,3.249289,BIS LBS: reporter-country all-currency loans/deposits claims on UAE
2021-09-30,MO,MO: Macao SAR,2.525877,BIS LBS: reporter-country all-currency loans/deposits claims on UAE
2021-09-30,NL,NL: Netherlands,1.977152,BIS LBS: reporter-country all-currency loans/deposits claims on UAE
2021-09-30,PH,PH: Philippines,-0.143957,BIS LBS: reporter-country all-currency loans/deposits claims on UAE
2021-09-30,SE,SE: Sweden,0.374916,BIS LBS: reporter-country all-currency loans/deposits claims on UAE
2021-09-30,TW,TW: Chinese Taipei,0.723795,BIS LBS: reporter-country all-currency loans/deposits claims on UAE
2021-09-30,US,US: United States,13.927332,BIS LBS: reporter-country all-currency loans/deposits claims on UAE
2021-09-30,ZA,ZA: South Africa,0.8172060000000001,BIS LBS: reporter-country all-currency loans/deposits claims on UAE
2021-12-31,AT,AT: Austria,1.60104,BIS LBS: reporter-country all-currency loans/deposits claims on UAE
2021-12-31,AU,AU: Australia,5.4387,BIS LBS: reporter-country all-currency loans/deposits claims on UAE
2021-12-31,BE,BE: Belgium,20.764768,BIS LBS: reporter-country all-currency loans/deposits claims on UAE
2021-12-31,CA,CA: Canada,0.90959,BIS LBS: reporter-country all-currency loans/deposits claims on UAE
2021-12-31,CH,CH: Switzerland,28.482305,BIS LBS: reporter-country all-currency loans/deposits claims on UAE
2021-12-31,DK,DK: Denmark,0.53244,BIS LBS: reporter-country all-currency loans/deposits claims on UAE
2021-12-31,ES,ES: Spain,5.9870090000000005,BIS LBS: reporter-country all-currency loans/deposits claims on UAE
2021-12-31,FI,FI: Finland,0.011919000000000003,BIS LBS: reporter-country all-currency loans/deposits claims on UAE
2021-12-31,FR,FR: France,34.328582999999995,BIS LBS: reporter-country all-currency loans/deposits claims on UAE
2021-12-31,GB,GB: United Kingdom,73.347607,BIS LBS: reporter-country all-currency loans/deposits claims on UAE
2021-12-31,GG,GG: Guernsey,0.996345,BIS LBS: reporter-country all-currency loans/deposits claims on UAE
2021-12-31,HK,HK: Hong Kong SAR,27.500273,BIS LBS: reporter-country all-currency loans/deposits claims on UAE
2021-12-31,IE,IE: Ireland,1.644381,BIS LBS: reporter-country all-currency loans/deposits claims on UAE
2021-12-31,IM,IM: Isle of Man,0.46898699999999993,BIS LBS: reporter-country all-currency loans/deposits claims on UAE
2021-12-31,IT,IT: Italy,9.330195,BIS LBS: reporter-country all-currency loans/deposits claims on UAE
2021-12-31,JE,JE: Jersey,2.872851,BIS LBS: reporter-country all-currency loans/deposits claims on UAE
2021-12-31,KR,KR: Korea,10.743414,BIS LBS: reporter-country all-currency loans/deposits claims on UAE
2021-12-31,LU,LU: Luxembourg,3.862996,BIS LBS: reporter-country all-currency loans/deposits claims on UAE
2021-12-31,MO,MO: Macao SAR,4.148643,BIS LBS: reporter-country all-currency loans/deposits claims on UAE
2021-12-31,NL,NL: Netherlands,2.196889,BIS LBS: reporter-country all-currency loans/deposits claims on UAE
2021-12-31,PH,PH: Philippines,-0.113774,BIS LBS: reporter-country all-currency loans/deposits claims on UAE
2021-12-31,SE,SE: Sweden,0.335312,BIS LBS: reporter-country all-currency loans/deposits claims on UAE
2021-12-31,TW,TW: Chinese Taipei,0.871076,BIS LBS: reporter-country all-currency loans/deposits claims on UAE
2021-12-31,US,US: United States,12.142317,BIS LBS: reporter-country all-currency loans/deposits claims on UAE
2021-12-31,ZA,ZA: South Africa,0.6353070000000001,BIS LBS: reporter-country all-currency loans/deposits claims on UAE
2022-03-31,AT,AT: Austria,1.7400030000000002,BIS LBS: reporter-country all-currency loans/deposits claims on UAE
2022-03-31,AU,AU: Australia,4.454374,BIS LBS: reporter-country all-currency loans/deposits claims on UAE
2022-03-31,BE,BE: Belgium,17.102985,BIS LBS: reporter-country all-currency loans/deposits claims on UAE
2022-03-31,CA,CA: Canada,0.868344,BIS LBS: reporter-country all-currency loans/deposits claims on UAE
2022-03-31,CH,CH: Switzerland,23.581702,BIS LBS: reporter-country all-currency loans/deposits claims on UAE
2022-03-31,CL,CL: Chile,7.2e-05,BIS LBS: reporter-country all-currency loans/deposits claims on UAE
2022-03-31,DK,DK: Denmark,-0.02591500000000002,BIS LBS: reporter-country all-currency loans/deposits claims on UAE
2022-03-31,ES,ES: Spain,5.927145,BIS LBS: reporter-country all-currency loans/deposits claims on UAE
2022-03-31,FI,FI: Finland,0.058587,BIS LBS: reporter-country all-currency loans/deposits claims on UAE
2022-03-31,FR,FR: France,32.696791,BIS LBS: reporter-country all-currency loans/deposits claims on UAE
2022-03-31,GB,GB: United Kingdom,71.985703,BIS LBS: reporter-country all-currency loans/deposits claims on UAE
2022-03-31,GG,GG: Guernsey,2.129765,BIS LBS: reporter-country all-currency loans/deposits claims on UAE
2022-03-31,HK,HK: Hong Kong SAR,17.946227,BIS LBS: reporter-country all-currency loans/deposits claims on UAE
2022-03-31,IE,IE: Ireland,0.897393,BIS LBS: reporter-country all-currency loans/deposits claims on UAE
2022-03-31,IM,IM: Isle of Man,0.5680639999999999,BIS LBS: reporter-country all-currency loans/deposits claims on UAE
2022-03-31,IT,IT: Italy,7.984360000000001,BIS LBS: reporter-country all-currency loans/deposits claims on UAE
2022-03-31,JE,JE: Jersey,1.6431360000000002,BIS LBS: reporter-country all-currency loans/deposits claims on UAE
2022-03-31,KR,KR: Korea,10.979339,BIS LBS: reporter-country all-currency loans/deposits claims on UAE
2022-03-31,LU,LU: Luxembourg,3.342762,BIS LBS: reporter-country all-currency loans/deposits claims on UAE
2022-03-31,MO,MO: Macao SAR,2.512722,BIS LBS: reporter-country all-currency loans/deposits claims on UAE
2022-03-31,NL,NL: Netherlands,2.826872,BIS LBS: reporter-country all-currency loans/deposits claims on UAE
2022-03-31,PH,PH: Philippines,-0.10620800000000001,BIS LBS: reporter-country all-currency loans/deposits claims on UAE
2022-03-31,SE,SE: Sweden,0.311678,BIS LBS: reporter-country all-currency loans/deposits claims on UAE
2022-03-31,TW,TW: Chinese Taipei,0.458198,BIS LBS: reporter-country all-currency loans/deposits claims on UAE
2022-03-31,US,US: United States,19.046088,BIS LBS: reporter-country all-currency loans/deposits claims on UAE
2022-03-31,ZA,ZA: South Africa,0.669152,BIS LBS: reporter-country all-currency loans/deposits claims on UAE
2022-06-30,AT,AT: Austria,1.108834,BIS LBS: reporter-country all-currency loans/deposits claims on UAE
2022-06-30,AU,AU: Australia,5.0615310000000004,BIS LBS: reporter-country all-currency loans/deposits claims on UAE
2022-06-30,BE,BE: Belgium,21.142299,BIS LBS: reporter-country all-currency loans/deposits claims on UAE
2022-06-30,CA,CA: Canada,4.2220320000000005,BIS LBS: reporter-country all-currency loans/deposits claims on UAE
2022-06-30,CH,CH: Switzerland,24.803995,BIS LBS: reporter-country all-currency loans/deposits claims on UAE
2022-06-30,CL,CL: Chile,1.9999999999999998e-05,BIS LBS: reporter-country all-currency loans/deposits claims on UAE
2022-06-30,DK,DK: Denmark,0.213845,BIS LBS: reporter-country all-currency loans/deposits claims on UAE
2022-06-30,ES,ES: Spain,5.370675,BIS LBS: reporter-country all-currency loans/deposits claims on UAE
2022-06-30,FI,FI: Finland,0.072891,BIS LBS: reporter-country all-currency loans/deposits claims on UAE
2022-06-30,FR,FR: France,29.493064,BIS LBS: reporter-country all-currency loans/deposits claims on UAE
2022-06-30,GB,GB: United Kingdom,70.513969,BIS LBS: reporter-country all-currency loans/deposits claims on UAE
2022-06-30,GG,GG: Guernsey,0.5481659999999999,BIS LBS: reporter-country all-currency loans/deposits claims on UAE
2022-06-30,HK,HK: Hong Kong SAR,20.783252,BIS LBS: reporter-country all-currency loans/deposits claims on UAE
2022-06-30,IE,IE: Ireland,1.138844,BIS LBS: reporter-country all-currency loans/deposits claims on UAE
2022-06-30,IM,IM: Isle of Man,0.5263720000000001,BIS LBS: reporter-country all-currency loans/deposits claims on UAE
2022-06-30,IT,IT: Italy,9.581336,BIS LBS: reporter-country all-currency loans/deposits claims on UAE
2022-06-30,JE,JE: Jersey,1.828515,BIS LBS: reporter-country all-currency loans/deposits claims on UAE
2022-06-30,KR,KR: Korea,10.860562,BIS LBS: reporter-country all-currency loans/deposits claims on UAE
2022-06-30,LU,LU: Luxembourg,1.8695799999999998,BIS LBS: reporter-country all-currency loans/deposits claims on UAE
2022-06-30,MO,MO: Macao SAR,1.405001,BIS LBS: reporter-country all-currency loans/deposits claims on UAE
2022-06-30,NL,NL: Netherlands,3.286302,BIS LBS: reporter-country all-currency loans/deposits claims on UAE
2022-06-30,PH,PH: Philippines,-0.111179,BIS LBS: reporter-country all-currency loans/deposits claims on UAE
2022-06-30,SE,SE: Sweden,0.258054,BIS LBS: reporter-country all-currency loans/deposits claims on UAE
2022-06-30,TW,TW: Chinese Taipei,0.473384,BIS LBS: reporter-country all-currency loans/deposits claims on UAE
2022-06-30,US,US: United States,20.943009,BIS LBS: reporter-country all-currency loans/deposits claims on UAE
2022-06-30,ZA,ZA: South Africa,0.267812,BIS LBS: reporter-country all-currency loans/deposits claims on UAE
2022-09-30,AT,AT: Austria,1.143243,BIS LBS: reporter-country all-currency loans/deposits claims on UAE
2022-09-30,AU,AU: Australia,5.1687579999999995,BIS LBS: reporter-country all-currency loans/deposits claims on UAE
2022-09-30,BE,BE: Belgium,18.278072,BIS LBS: reporter-country all-currency loans/deposits claims on UAE
2022-09-30,CA,CA: Canada,3.292701,BIS LBS: reporter-country all-currency loans/deposits claims on UAE
2022-09-30,CH,CH: Switzerland,24.24647,BIS LBS: reporter-country all-currency loans/deposits claims on UAE
2022-09-30,CL,CL: Chile,1.2000000000000002e-05,BIS LBS: reporter-country all-currency loans/deposits claims on UAE
2022-09-30,DK,DK: Denmark,0.07085900000000002,BIS LBS: reporter-country all-currency loans/deposits claims on UAE
2022-09-30,ES,ES: Spain,5.280248,BIS LBS: reporter-country all-currency loans/deposits claims on UAE
2022-09-30,FI,FI: Finland,0.031703999999999996,BIS LBS: reporter-country all-currency loans/deposits claims on UAE
2022-09-30,FR,FR: France,28.404579000000002,BIS LBS: reporter-country all-currency loans/deposits claims on UAE
2022-09-30,GB,GB: United Kingdom,63.041700000000006,BIS LBS: reporter-country all-currency loans/deposits claims on UAE
2022-09-30,GG,GG: Guernsey,0.9316279999999999,BIS LBS: reporter-country all-currency loans/deposits claims on UAE
2022-09-30,HK,HK: Hong Kong SAR,20.668966,BIS LBS: reporter-country all-currency loans/deposits claims on UAE
2022-09-30,IE,IE: Ireland,1.009161,BIS LBS: reporter-country all-currency loans/deposits claims on UAE
2022-09-30,IM,IM: Isle of Man,0.636619,BIS LBS: reporter-country all-currency loans/deposits claims on UAE
2022-09-30,IT,IT: Italy,7.667469,BIS LBS: reporter-country all-currency loans/deposits claims on UAE
2022-09-30,JE,JE: Jersey,1.478564,BIS LBS: reporter-country all-currency loans/deposits claims on UAE
2022-09-30,KR,KR: Korea,11.657904,BIS LBS: reporter-country all-currency loans/deposits claims on UAE
2022-09-30,LU,LU: Luxembourg,2.0936280000000003,BIS LBS: reporter-country all-currency loans/deposits claims on UAE
2022-09-30,MO,MO: Macao SAR,2.290956,BIS LBS: reporter-country all-currency loans/deposits claims on UAE
2022-09-30,NL,NL: Netherlands,2.157918,BIS LBS: reporter-country all-currency loans/deposits claims on UAE
2022-09-30,PH,PH: Philippines,0.030318,BIS LBS: reporter-country all-currency loans/deposits claims on UAE
2022-09-30,SE,SE: Sweden,0.266861,BIS LBS: reporter-country all-currency loans/deposits claims on UAE
2022-09-30,TW,TW: Chinese Taipei,0.46774999999999994,BIS LBS: reporter-country all-currency loans/deposits claims on UAE
2022-09-30,US,US: United States,15.24144,BIS LBS: reporter-country all-currency loans/deposits claims on UAE
2022-09-30,ZA,ZA: South Africa,0.33812400000000004,BIS LBS: reporter-country all-currency loans/deposits claims on UAE
2022-12-31,AT,AT: Austria,1.382738,BIS LBS: reporter-country all-currency loans/deposits claims on UAE
2022-12-31,AU,AU: Australia,3.207459,BIS LBS: reporter-country all-currency loans/deposits claims on UAE
2022-12-31,BE,BE: Belgium,12.125183,BIS LBS: reporter-country all-currency loans/deposits claims on UAE
2022-12-31,CH,CH: Switzerland,22.254669,BIS LBS: reporter-country all-currency loans/deposits claims on UAE
2022-12-31,DK,DK: Denmark,0.137557,BIS LBS: reporter-country all-currency loans/deposits claims on UAE
2022-12-31,ES,ES: Spain,6.128143,BIS LBS: reporter-country all-currency loans/deposits claims on UAE
2022-12-31,FI,FI: Finland,0.092737,BIS LBS: reporter-country all-currency loans/deposits claims on UAE
2022-12-31,FR,FR: France,22.985402,BIS LBS: reporter-country all-currency loans/deposits claims on UAE
2022-12-31,GB,GB: United Kingdom,76.958759,BIS LBS: reporter-country all-currency loans/deposits claims on UAE
2022-12-31,GG,GG: Guernsey,1.006952,BIS LBS: reporter-country all-currency loans/deposits claims on UAE
2022-12-31,HK,HK: Hong Kong SAR,19.732625,BIS LBS: reporter-country all-currency loans/deposits claims on UAE
2022-12-31,IE,IE: Ireland,0.471046,BIS LBS: reporter-country all-currency loans/deposits claims on UAE
2022-12-31,IM,IM: Isle of Man,0.895409,BIS LBS: reporter-country all-currency loans/deposits claims on UAE
2022-12-31,IT,IT: Italy,4.345362,BIS LBS: reporter-country all-currency loans/deposits claims on UAE
2022-12-31,JE,JE: Jersey,1.871798,BIS LBS: reporter-country all-currency loans/deposits claims on UAE
2022-12-31,KR,KR: Korea,11.868782999999999,BIS LBS: reporter-country all-currency loans/deposits claims on UAE
2022-12-31,LU,LU: Luxembourg,1.940148,BIS LBS: reporter-country all-currency loans/deposits claims on UAE
2022-12-31,MO,MO: Macao SAR,4.379429,BIS LBS: reporter-country all-currency loans/deposits claims on UAE
2022-12-31,NL,NL: Netherlands,2.756798,BIS LBS: reporter-country all-currency loans/deposits claims on UAE
2022-12-31,PH,PH: Philippines,-0.145007,BIS LBS: reporter-country all-currency loans/deposits claims on UAE
2022-12-31,SE,SE: Sweden,0.323211,BIS LBS: reporter-country all-currency loans/deposits claims on UAE
2022-12-31,TW,TW: Chinese Taipei,1.851052,BIS LBS: reporter-country all-currency loans/deposits claims on UAE
2022-12-31,US,US: United States,12.576675,BIS LBS: reporter-country all-currency loans/deposits claims on UAE
2022-12-31,ZA,ZA: South Africa,0.43933,BIS LBS: reporter-country all-currency loans/deposits claims on UAE
2023-03-31,AT,AT: Austria,1.128768,BIS LBS: reporter-country all-currency loans/deposits claims on UAE
2023-03-31,AU,AU: Australia,6.448374,BIS LBS: reporter-country all-currency loans/deposits claims on UAE
2023-03-31,BE,BE: Belgium,12.218401,BIS LBS: reporter-country all-currency loans/deposits claims on UAE
2023-03-31,BR,BR: Brazil,5.9e-05,BIS LBS: reporter-country all-currency loans/deposits claims on UAE
2023-03-31,CA,CA: Canada,0.196554,BIS LBS: reporter-country all-currency loans/deposits claims on UAE
2023-03-31,CH,CH: Switzerland,24.464852,BIS LBS: reporter-country all-currency loans/deposits claims on UAE
2023-03-31,DK,DK: Denmark,0.33013499999999996,BIS LBS: reporter-country all-currency loans/deposits claims on UAE
2023-03-31,ES,ES: Spain,5.225353,BIS LBS: reporter-country all-currency loans/deposits claims on UAE
2023-03-31,FI,FI: Finland,0.065037,BIS LBS: reporter-country all-currency loans/deposits claims on UAE
2023-03-31,FR,FR: France,33.739183000000004,BIS LBS: reporter-country all-currency loans/deposits claims on UAE
2023-03-31,GB,GB: United Kingdom,69.978833,BIS LBS: reporter-country all-currency loans/deposits claims on UAE
2023-03-31,GG,GG: Guernsey,0.9673099999999999,BIS LBS: reporter-country all-currency loans/deposits claims on UAE
2023-03-31,HK,HK: Hong Kong SAR,20.459923,BIS LBS: reporter-country all-currency loans/deposits claims on UAE
2023-03-31,IE,IE: Ireland,0.698961,BIS LBS: reporter-country all-currency loans/deposits claims on UAE
2023-03-31,IM,IM: Isle of Man,0.8397239999999999,BIS LBS: reporter-country all-currency loans/deposits claims on UAE
2023-03-31,IT,IT: Italy,4.0948340000000005,BIS LBS: reporter-country all-currency loans/deposits claims on UAE
2023-03-31,JE,JE: Jersey,1.4417050000000002,BIS LBS: reporter-country all-currency loans/deposits claims on UAE
2023-03-31,KR,KR: Korea,11.942478,BIS LBS: reporter-country all-currency loans/deposits claims on UAE
2023-03-31,LU,LU: Luxembourg,1.945637,BIS LBS: reporter-country all-currency loans/deposits claims on UAE
2023-03-31,MO,MO: Macao SAR,2.5211200000000002,BIS LBS: reporter-country all-currency loans/deposits claims on UAE
2023-03-31,NL,NL: Netherlands,2.536683,BIS LBS: reporter-country all-currency loans/deposits claims on UAE
2023-03-31,PH,PH: Philippines,-0.11701399999999999,BIS LBS: reporter-country all-currency loans/deposits claims on UAE
2023-03-31,SE,SE: Sweden,0.191908,BIS LBS: reporter-country all-currency loans/deposits claims on UAE
2023-03-31,TW,TW: Chinese Taipei,1.003048,BIS LBS: reporter-country all-currency loans/deposits claims on UAE
2023-03-31,US,US: United States,7.690791000000001,BIS LBS: reporter-country all-currency loans/deposits claims on UAE
2023-03-31,ZA,ZA: South Africa,0.200967,BIS LBS: reporter-country all-currency loans/deposits claims on UAE
2023-06-30,AT,AT: Austria,1.1954850000000001,BIS LBS: reporter-country all-currency loans/deposits claims on UAE
2023-06-30,AU,AU: Australia,6.080533000000001,BIS LBS: reporter-country all-currency loans/deposits claims on UAE
2023-06-30,BE,BE: Belgium,17.290796999999998,BIS LBS: reporter-country all-currency loans/deposits claims on UAE
2023-06-30,BR,BR: Brazil,5.4e-05,BIS LBS: reporter-country all-currency loans/deposits claims on UAE
2023-06-30,CA,CA: Canada,4.705088,BIS LBS: reporter-country all-currency loans/deposits claims on UAE
2023-06-30,CH,CH: Switzerland,23.470195,BIS LBS: reporter-country all-currency loans/deposits claims on UAE
2023-06-30,DK,DK: Denmark,0.278069,BIS LBS: reporter-country all-currency loans/deposits claims on UAE
2023-06-30,ES,ES: Spain,3.684679,BIS LBS: reporter-country all-currency loans/deposits claims on UAE
2023-06-30,FI,FI: Finland,0.07333200000000001,BIS LBS: reporter-country all-currency loans/deposits claims on UAE
2023-06-30,FR,FR: France,41.94779,BIS LBS: reporter-country all-currency loans/deposits claims on UAE
2023-06-30,GB,GB: United Kingdom,78.506708,BIS LBS: reporter-country all-currency loans/deposits claims on UAE
2023-06-30,GG,GG: Guernsey,0.8693299999999999,BIS LBS: reporter-country all-currency loans/deposits claims on UAE
2023-06-30,HK,HK: Hong Kong SAR,21.527103999999998,BIS LBS: reporter-country all-currency loans/deposits claims on UAE
2023-06-30,IE,IE: Ireland,0.65942,BIS LBS: reporter-country all-currency loans/deposits claims on UAE
2023-06-30,IM,IM: Isle of Man,0.7836730000000001,BIS LBS: reporter-country all-currency loans/deposits claims on UAE
2023-06-30,IT,IT: Italy,4.963655,BIS LBS: reporter-country all-currency loans/deposits claims on UAE
2023-06-30,JE,JE: Jersey,1.326487,BIS LBS: reporter-country all-currency loans/deposits claims on UAE
2023-06-30,KR,KR: Korea,2.126916,BIS LBS: reporter-country all-currency loans/deposits claims on UAE
2023-06-30,LU,LU: Luxembourg,2.829563,BIS LBS: reporter-country all-currency loans/deposits claims on UAE
2023-06-30,MO,MO: Macao SAR,2.750457,BIS LBS: reporter-country all-currency loans/deposits claims on UAE
2023-06-30,NL,NL: Netherlands,2.9425589999999997,BIS LBS: reporter-country all-currency loans/deposits claims on UAE
2023-06-30,PH,PH: Philippines,0.152751,BIS LBS: reporter-country all-currency loans/deposits claims on UAE
2023-06-30,SE,SE: Sweden,0.21390399999999998,BIS LBS: reporter-country all-currency loans/deposits claims on UAE
2023-06-30,TW,TW: Chinese Taipei,0.319203,BIS LBS: reporter-country all-currency loans/deposits claims on UAE
2023-06-30,US,US: United States,14.192159,BIS LBS: reporter-country all-currency loans/deposits claims on UAE
2023-06-30,ZA,ZA: South Africa,0.638415,BIS LBS: reporter-country all-currency loans/deposits claims on UAE
2023-09-30,AT,AT: Austria,1.83112,BIS LBS: reporter-country all-currency loans/deposits claims on UAE
2023-09-30,AU,AU: Australia,3.940515,BIS LBS: reporter-country all-currency loans/deposits claims on UAE
2023-09-30,BE,BE: Belgium,16.631635,BIS LBS: reporter-country all-currency loans/deposits claims on UAE
2023-09-30,BR,BR: Brazil,2.2e-05,BIS LBS: reporter-country all-currency loans/deposits claims on UAE
2023-09-30,CA,CA: Canada,3.037408,BIS LBS: reporter-country all-currency loans/deposits claims on UAE
2023-09-30,CH,CH: Switzerland,23.197429,BIS LBS: reporter-country all-currency loans/deposits claims on UAE
2023-09-30,DK,DK: Denmark,0.253366,BIS LBS: reporter-country all-currency loans/deposits claims on UAE
2023-09-30,ES,ES: Spain,5.4677039999999995,BIS LBS: reporter-country all-currency loans/deposits claims on UAE
2023-09-30,FI,FI: Finland,0.114579,BIS LBS: reporter-country all-currency loans/deposits claims on UAE
2023-09-30,FR,FR: France,20.039435,BIS LBS: reporter-country all-currency loans/deposits claims on UAE
2023-09-30,GB,GB: United Kingdom,84.52039,BIS LBS: reporter-country all-currency loans/deposits claims on UAE
2023-09-30,GG,GG: Guernsey,0.917661,BIS LBS: reporter-country all-currency loans/deposits claims on UAE
2023-09-30,HK,HK: Hong Kong SAR,20.808167,BIS LBS: reporter-country all-currency loans/deposits claims on UAE
2023-09-30,IE,IE: Ireland,2.38983,BIS LBS: reporter-country all-currency loans/deposits claims on UAE
2023-09-30,IM,IM: Isle of Man,0.776098,BIS LBS: reporter-country all-currency loans/deposits claims on UAE
2023-09-30,IT,IT: Italy,4.608867,BIS LBS: reporter-country all-currency loans/deposits claims on UAE
2023-09-30,JE,JE: Jersey,1.5022739999999999,BIS LBS: reporter-country all-currency loans/deposits claims on UAE
2023-09-30,KR,KR: Korea,7.210721,BIS LBS: reporter-country all-currency loans/deposits claims on UAE
2023-09-30,LU,LU: Luxembourg,1.5353839999999999,BIS LBS: reporter-country all-currency loans/deposits claims on UAE
2023-09-30,MO,MO: Macao SAR,4.165664,BIS LBS: reporter-country all-currency loans/deposits claims on UAE
2023-09-30,NL,NL: Netherlands,4.484657,BIS LBS: reporter-country all-currency loans/deposits claims on UAE
2023-09-30,PH,PH: Philippines,-0.03415699999999999,BIS LBS: reporter-country all-currency loans/deposits claims on UAE
2023-09-30,SE,SE: Sweden,0.17645699999999992,BIS LBS: reporter-country all-currency loans/deposits claims on UAE
2023-09-30,TW,TW: Chinese Taipei,1.1754859999999998,BIS LBS: reporter-country all-currency loans/deposits claims on UAE
2023-09-30,US,US: United States,37.490171000000004,BIS LBS: reporter-country all-currency loans/deposits claims on UAE
2023-09-30,ZA,ZA: South Africa,0.773232,BIS LBS: reporter-country all-currency loans/deposits claims on UAE
2023-12-31,AT,AT: Austria,1.501667,BIS LBS: reporter-country all-currency loans/deposits claims on UAE
2023-12-31,AU,AU: Australia,3.859697,BIS LBS: reporter-country all-currency loans/deposits claims on UAE
2023-12-31,BE,BE: Belgium,16.799986,BIS LBS: reporter-country all-currency loans/deposits claims on UAE
2023-12-31,BR,BR: Brazil,0.00015999999999999999,BIS LBS: reporter-country all-currency loans/deposits claims on UAE
2023-12-31,CA,CA: Canada,11.955481,BIS LBS: reporter-country all-currency loans/deposits claims on UAE
2023-12-31,CH,CH: Switzerland,24.575626,BIS LBS: reporter-country all-currency loans/deposits claims on UAE
2023-12-31,DK,DK: Denmark,0.317058,BIS LBS: reporter-country all-currency loans/deposits claims on UAE
2023-12-31,ES,ES: Spain,4.960216,BIS LBS: reporter-country all-currency loans/deposits claims on UAE
2023-12-31,FI,FI: Finland,0.136306,BIS LBS: reporter-country all-currency loans/deposits claims on UAE
2023-12-31,FR,FR: France,35.304742,BIS LBS: reporter-country all-currency loans/deposits claims on UAE
2023-12-31,GB,GB: United Kingdom,91.251349,BIS LBS: reporter-country all-currency loans/deposits claims on UAE
2023-12-31,GG,GG: Guernsey,1.129345,BIS LBS: reporter-country all-currency loans/deposits claims on UAE
2023-12-31,HK,HK: Hong Kong SAR,19.048534999999998,BIS LBS: reporter-country all-currency loans/deposits claims on UAE
2023-12-31,IE,IE: Ireland,5.648703,BIS LBS: reporter-country all-currency loans/deposits claims on UAE
2023-12-31,IM,IM: Isle of Man,0.7628520000000001,BIS LBS: reporter-country all-currency loans/deposits claims on UAE
2023-12-31,IT,IT: Italy,4.527401,BIS LBS: reporter-country all-currency loans/deposits claims on UAE
2023-12-31,JE,JE: Jersey,1.2570579999999998,BIS LBS: reporter-country all-currency loans/deposits claims on UAE
2023-12-31,KR,KR: Korea,7.446661,BIS LBS: reporter-country all-currency loans/deposits claims on UAE
2023-12-31,LU,LU: Luxembourg,2.38807,BIS LBS: reporter-country all-currency loans/deposits claims on UAE
2023-12-31,MO,MO: Macao SAR,3.9614260000000003,BIS LBS: reporter-country all-currency loans/deposits claims on UAE
2023-12-31,NL,NL: Netherlands,2.2491350000000003,BIS LBS: reporter-country all-currency loans/deposits claims on UAE
2023-12-31,PH,PH: Philippines,1.800216,BIS LBS: reporter-country all-currency loans/deposits claims on UAE
2023-12-31,SE,SE: Sweden,0.19715099999999988,BIS LBS: reporter-country all-currency loans/deposits claims on UAE
2023-12-31,TW,TW: Chinese Taipei,3.6622020000000006,BIS LBS: reporter-country all-currency loans/deposits claims on UAE
2023-12-31,US,US: United States,17.804482999999998,BIS LBS: reporter-country all-currency loans/deposits claims on UAE
2023-12-31,ZA,ZA: South Africa,0.305383,BIS LBS: reporter-country all-currency loans/deposits claims on UAE
2024-03-31,AT,AT: Austria,1.362497,BIS LBS: reporter-country all-currency loans/deposits claims on UAE
2024-03-31,AU,AU: Australia,4.950824,BIS LBS: reporter-country all-currency loans/deposits claims on UAE
2024-03-31,BE,BE: Belgium,16.016645999999998,BIS LBS: reporter-country all-currency loans/deposits claims on UAE
2024-03-31,BR,BR: Brazil,-0.004466,BIS LBS: reporter-country all-currency loans/deposits claims on UAE
2024-03-31,CA,CA: Canada,3.869795,BIS LBS: reporter-country all-currency loans/deposits claims on UAE
2024-03-31,CH,CH: Switzerland,23.566669,BIS LBS: reporter-country all-currency loans/deposits claims on UAE
2024-03-31,DK,DK: Denmark,0.201955,BIS LBS: reporter-country all-currency loans/deposits claims on UAE
2024-03-31,ES,ES: Spain,5.740234,BIS LBS: reporter-country all-currency loans/deposits claims on UAE
2024-03-31,FI,FI: Finland,0.11677499999999999,BIS LBS: reporter-country all-currency loans/deposits claims on UAE
2024-03-31,FR,FR: France,29.856405,BIS LBS: reporter-country all-currency loans/deposits claims on UAE
2024-03-31,GB,GB: United Kingdom,123.284001,BIS LBS: reporter-country all-currency loans/deposits claims on UAE
2024-03-31,GG,GG: Guernsey,1.553614,BIS LBS: reporter-country all-currency loans/deposits claims on UAE
2024-03-31,HK,HK: Hong Kong SAR,26.176084,BIS LBS: reporter-country all-currency loans/deposits claims on UAE
2024-03-31,IE,IE: Ireland,2.088795,BIS LBS: reporter-country all-currency loans/deposits claims on UAE
2024-03-31,IM,IM: Isle of Man,0.745554,BIS LBS: reporter-country all-currency loans/deposits claims on UAE
2024-03-31,IT,IT: Italy,4.662373,BIS LBS: reporter-country all-currency loans/deposits claims on UAE
2024-03-31,JE,JE: Jersey,1.2458710000000002,BIS LBS: reporter-country all-currency loans/deposits claims on UAE
2024-03-31,KR,KR: Korea,7.101400999999999,BIS LBS: reporter-country all-currency loans/deposits claims on UAE
2024-03-31,LU,LU: Luxembourg,1.853529,BIS LBS: reporter-country all-currency loans/deposits claims on UAE
2024-03-31,MO,MO: Macao SAR,2.28193,BIS LBS: reporter-country all-currency loans/deposits claims on UAE
2024-03-31,NL,NL: Netherlands,2.1835210000000003,BIS LBS: reporter-country all-currency loans/deposits claims on UAE
2024-03-31,PH,PH: Philippines,0.025347999999999996,BIS LBS: reporter-country all-currency loans/deposits claims on UAE
2024-03-31,SE,SE: Sweden,0.27424,BIS LBS: reporter-country all-currency loans/deposits claims on UAE
2024-03-31,TW,TW: Chinese Taipei,4.1072120000000005,BIS LBS: reporter-country all-currency loans/deposits claims on UAE
2024-03-31,US,US: United States,33.462008999999995,BIS LBS: reporter-country all-currency loans/deposits claims on UAE
2024-03-31,ZA,ZA: South Africa,1.001697,BIS LBS: reporter-country all-currency loans/deposits claims on UAE
2024-06-30,AT,AT: Austria,0.9031739999999999,BIS LBS: reporter-country all-currency loans/deposits claims on UAE
2024-06-30,AU,AU: Australia,5.736957,BIS LBS: reporter-country all-currency loans/deposits claims on UAE
2024-06-30,BE,BE: Belgium,15.122757,BIS LBS: reporter-country all-currency loans/deposits claims on UAE
2024-06-30,BR,BR: Brazil,-0.024079999999999997,BIS LBS: reporter-country all-currency loans/deposits claims on UAE
2024-06-30,CA,CA: Canada,-1.1343900000000002,BIS LBS: reporter-country all-currency loans/deposits claims on UAE
2024-06-30,CH,CH: Switzerland,23.217904,BIS LBS: reporter-country all-currency loans/deposits claims on UAE
2024-06-30,CL,CL: Chile,0.028274,BIS LBS: reporter-country all-currency loans/deposits claims on UAE
2024-06-30,DK,DK: Denmark,0.32576700000000003,BIS LBS: reporter-country all-currency loans/deposits claims on UAE
2024-06-30,ES,ES: Spain,5.494852,BIS LBS: reporter-country all-currency loans/deposits claims on UAE
2024-06-30,FI,FI: Finland,0.663224,BIS LBS: reporter-country all-currency loans/deposits claims on UAE
2024-06-30,FR,FR: France,37.180507,BIS LBS: reporter-country all-currency loans/deposits claims on UAE
2024-06-30,GB,GB: United Kingdom,114.545771,BIS LBS: reporter-country all-currency loans/deposits claims on UAE
2024-06-30,GG,GG: Guernsey,1.916426,BIS LBS: reporter-country all-currency loans/deposits claims on UAE
2024-06-30,HK,HK: Hong Kong SAR,20.749986,BIS LBS: reporter-country all-currency loans/deposits claims on UAE
2024-06-30,IE,IE: Ireland,1.9945089999999999,BIS LBS: reporter-country all-currency loans/deposits claims on UAE
2024-06-30,IM,IM: Isle of Man,0.7253000000000001,BIS LBS: reporter-country all-currency loans/deposits claims on UAE
2024-06-30,IT,IT: Italy,4.296211,BIS LBS: reporter-country all-currency loans/deposits claims on UAE
2024-06-30,JE,JE: Jersey,1.6459000000000001,BIS LBS: reporter-country all-currency loans/deposits claims on UAE
2024-06-30,KR,KR: Korea,7.140789999999999,BIS LBS: reporter-country all-currency loans/deposits claims on UAE
2024-06-30,LU,LU: Luxembourg,2.1079160000000003,BIS LBS: reporter-country all-currency loans/deposits claims on UAE
2024-06-30,MO,MO: Macao SAR,3.046267,BIS LBS: reporter-country all-currency loans/deposits claims on UAE
2024-06-30,NL,NL: Netherlands,6.584103,BIS LBS: reporter-country all-currency loans/deposits claims on UAE
2024-06-30,PH,PH: Philippines,-0.178246,BIS LBS: reporter-country all-currency loans/deposits claims on UAE
2024-06-30,SE,SE: Sweden,0.325388,BIS LBS: reporter-country all-currency loans/deposits claims on UAE
2024-06-30,TW,TW: Chinese Taipei,4.780857,BIS LBS: reporter-country all-currency loans/deposits claims on UAE
2024-06-30,US,US: United States,21.408742,BIS LBS: reporter-country all-currency loans/deposits claims on UAE
2024-06-30,ZA,ZA: South Africa,0.661196,BIS LBS: reporter-country all-currency loans/deposits claims on UAE
2024-09-30,AT,AT: Austria,1.533723,BIS LBS: reporter-country all-currency loans/deposits claims on UAE
2024-09-30,AU,AU: Australia,6.46466,BIS LBS: reporter-country all-currency loans/deposits claims on UAE
2024-09-30,BE,BE: Belgium,16.669274,BIS LBS: reporter-country all-currency loans/deposits claims on UAE
2024-09-30,BR,BR: Brazil,12.654786000000001,BIS LBS: reporter-country all-currency loans/deposits claims on UAE
2024-09-30,CA,CA: Canada,6.61401,BIS LBS: reporter-country all-currency loans/deposits claims on UAE
2024-09-30,CH,CH: Switzerland,24.424404,BIS LBS: reporter-country all-currency loans/deposits claims on UAE
2024-09-30,CL,CL: Chile,0.014869,BIS LBS: reporter-country all-currency loans/deposits claims on UAE
2024-09-30,DK,DK: Denmark,0.30284500000000003,BIS LBS: reporter-country all-currency loans/deposits claims on UAE
2024-09-30,ES,ES: Spain,5.850802,BIS LBS: reporter-country all-currency loans/deposits claims on UAE
2024-09-30,FI,FI: Finland,0.0019680000000000045,BIS LBS: reporter-country all-currency loans/deposits claims on UAE
2024-09-30,FR,FR: France,32.973059,BIS LBS: reporter-country all-currency loans/deposits claims on UAE
2024-09-30,GB,GB: United Kingdom,133.894612,BIS LBS: reporter-country all-currency loans/deposits claims on UAE
2024-09-30,GG,GG: Guernsey,1.088426,BIS LBS: reporter-country all-currency loans/deposits claims on UAE
2024-09-30,HK,HK: Hong Kong SAR,19.879202,BIS LBS: reporter-country all-currency loans/deposits claims on UAE
2024-09-30,IE,IE: Ireland,2.0506979999999997,BIS LBS: reporter-country all-currency loans/deposits claims on UAE
2024-09-30,IM,IM: Isle of Man,0.839398,BIS LBS: reporter-country all-currency loans/deposits claims on UAE
2024-09-30,IT,IT: Italy,4.202363,BIS LBS: reporter-country all-currency loans/deposits claims on UAE
2024-09-30,JE,JE: Jersey,1.4228610000000002,BIS LBS: reporter-country all-currency loans/deposits claims on UAE
2024-09-30,KR,KR: Korea,8.003302,BIS LBS: reporter-country all-currency loans/deposits claims on UAE
2024-09-30,LU,LU: Luxembourg,2.079738,BIS LBS: reporter-country all-currency loans/deposits claims on UAE
2024-09-30,MO,MO: Macao SAR,2.820173,BIS LBS: reporter-country all-currency loans/deposits claims on UAE
2024-09-30,NL,NL: Netherlands,1.680759,BIS LBS: reporter-country all-currency loans/deposits claims on UAE
2024-09-30,PH,PH: Philippines,-0.017986,BIS LBS: reporter-country all-currency loans/deposits claims on UAE
2024-09-30,TW,TW: Chinese Taipei,2.999463,BIS LBS: reporter-country all-currency loans/deposits claims on UAE
2024-09-30,US,US: United States,21.195777,BIS LBS: reporter-country all-currency loans/deposits claims on UAE
2024-09-30,ZA,ZA: South Africa,0.391448,BIS LBS: reporter-country all-currency loans/deposits claims on UAE
2024-12-31,AT,AT: Austria,1.811718,BIS LBS: reporter-country all-currency loans/deposits claims on UAE
2024-12-31,AU,AU: Australia,4.696048,BIS LBS: reporter-country all-currency loans/deposits claims on UAE
2024-12-31,BE,BE: Belgium,18.150997999999998,BIS LBS: reporter-country all-currency loans/deposits claims on UAE
2024-12-31,BR,BR: Brazil,6.685464,BIS LBS: reporter-country all-currency loans/deposits claims on UAE
2024-12-31,CH,CH: Switzerland,28.285958,BIS LBS: reporter-country all-currency loans/deposits claims on UAE
2024-12-31,CL,CL: Chile,0.014965000000000001,BIS LBS: reporter-country all-currency loans/deposits claims on UAE
2024-12-31,DK,DK: Denmark,0.328589,BIS LBS: reporter-country all-currency loans/deposits claims on UAE
2024-12-31,ES,ES: Spain,5.227045,BIS LBS: reporter-country all-currency loans/deposits claims on UAE
2024-12-31,FI,FI: Finland,0.078152,BIS LBS: reporter-country all-currency loans/deposits claims on UAE
2024-12-31,FR,FR: France,37.847277,BIS LBS: reporter-country all-currency loans/deposits claims on UAE
2024-12-31,GB,GB: United Kingdom,123.81936999999999,BIS LBS: reporter-country all-currency loans/deposits claims on UAE
2024-12-31,GG,GG: Guernsey,1.104298,BIS LBS: reporter-country all-currency loans/deposits claims on UAE
2024-12-31,HK,HK: Hong Kong SAR,24.790405000000003,BIS LBS: reporter-country all-currency loans/deposits claims on UAE
2024-12-31,IE,IE: Ireland,2.0590669999999998,BIS LBS: reporter-country all-currency loans/deposits claims on UAE
2024-12-31,IM,IM: Isle of Man,1.041734,BIS LBS: reporter-country all-currency loans/deposits claims on UAE
2024-12-31,IT,IT: Italy,4.112795,BIS LBS: reporter-country all-currency loans/deposits claims on UAE
2024-12-31,JE,JE: Jersey,1.681024,BIS LBS: reporter-country all-currency loans/deposits claims on UAE
2024-12-31,KR,KR: Korea,7.765121,BIS LBS: reporter-country all-currency loans/deposits claims on UAE
2024-12-31,LU,LU: Luxembourg,2.079885,BIS LBS: reporter-country all-currency loans/deposits claims on UAE
2024-12-31,MO,MO: Macao SAR,1.504426,BIS LBS: reporter-country all-currency loans/deposits claims on UAE
2024-12-31,NL,NL: Netherlands,4.903486,BIS LBS: reporter-country all-currency loans/deposits claims on UAE
2024-12-31,PH,PH: Philippines,0.065723,BIS LBS: reporter-country all-currency loans/deposits claims on UAE
2024-12-31,TW,TW: Chinese Taipei,2.745547,BIS LBS: reporter-country all-currency loans/deposits claims on UAE
2024-12-31,US,US: United States,14.188991999999999,BIS LBS: reporter-country all-currency loans/deposits claims on UAE
2024-12-31,ZA,ZA: South Africa,1.3841670000000001,BIS LBS: reporter-country all-currency loans/deposits claims on UAE
2025-03-31,AT,AT: Austria,1.385094,BIS LBS: reporter-country all-currency loans/deposits claims on UAE
2025-03-31,AU,AU: Australia,5.452507,BIS LBS: reporter-country all-currency loans/deposits claims on UAE
2025-03-31,BE,BE: Belgium,16.834157,BIS LBS: reporter-country all-currency loans/deposits claims on UAE
2025-03-31,BR,BR: Brazil,7.959133,BIS LBS: reporter-country all-currency loans/deposits claims on UAE
2025-03-31,CH,CH: Switzerland,30.244471,BIS LBS: reporter-country all-currency loans/deposits claims on UAE
2025-03-31,CL,CL: Chile,0.015334,BIS LBS: reporter-country all-currency loans/deposits claims on UAE
2025-03-31,DK,DK: Denmark,0.36332699999999996,BIS LBS: reporter-country all-currency loans/deposits claims on UAE
2025-03-31,ES,ES: Spain,5.695444,BIS LBS: reporter-country all-currency loans/deposits claims on UAE
2025-03-31,FI,FI: Finland,0.13547599999999999,BIS LBS: reporter-country all-currency loans/deposits claims on UAE
2025-03-31,FR,FR: France,39.683501,BIS LBS: reporter-country all-currency loans/deposits claims on UAE
2025-03-31,GB,GB: United Kingdom,146.66329199999998,BIS LBS: reporter-country all-currency loans/deposits claims on UAE
2025-03-31,GG,GG: Guernsey,1.356266,BIS LBS: reporter-country all-currency loans/deposits claims on UAE
2025-03-31,HK,HK: Hong Kong SAR,27.807662999999998,BIS LBS: reporter-country all-currency loans/deposits claims on UAE
2025-03-31,IE,IE: Ireland,2.6779159999999997,BIS LBS: reporter-country all-currency loans/deposits claims on UAE
2025-03-31,IM,IM: Isle of Man,0.898617,BIS LBS: reporter-country all-currency loans/deposits claims on UAE
2025-03-31,IT,IT: Italy,5.509243,BIS LBS: reporter-country all-currency loans/deposits claims on UAE
2025-03-31,JE,JE: Jersey,1.4058199999999998,BIS LBS: reporter-country all-currency loans/deposits claims on UAE
2025-03-31,KR,KR: Korea,4.839492,BIS LBS: reporter-country all-currency loans/deposits claims on UAE
2025-03-31,LU,LU: Luxembourg,2.318149,BIS LBS: reporter-country all-currency loans/deposits claims on UAE
2025-03-31,MO,MO: Macao SAR,2.155923,BIS LBS: reporter-country all-currency loans/deposits claims on UAE
2025-03-31,NL,NL: Netherlands,0.6400370000000001,BIS LBS: reporter-country all-currency loans/deposits claims on UAE
2025-03-31,PH,PH: Philippines,0.017899999999999996,BIS LBS: reporter-country all-currency loans/deposits claims on UAE
2025-03-31,TW,TW: Chinese Taipei,2.384476,BIS LBS: reporter-country all-currency loans/deposits claims on UAE
2025-03-31,US,US: United States,72.499124,BIS LBS: reporter-country all-currency loans/deposits claims on UAE
2025-03-31,ZA,ZA: South Africa,0.08230999999999997,BIS LBS: reporter-country all-currency loans/deposits claims on UAE
2025-06-30,AT,AT: Austria,2.965833,BIS LBS: reporter-country all-currency loans/deposits claims on UAE
2025-06-30,AU,AU: Australia,5.808209,BIS LBS: reporter-country all-currency loans/deposits claims on UAE
2025-06-30,BE,BE: Belgium,21.199302,BIS LBS: reporter-country all-currency loans/deposits claims on UAE
2025-06-30,BR,BR: Brazil,-0.070184,BIS LBS: reporter-country all-currency loans/deposits claims on UAE
2025-06-30,CH,CH: Switzerland,30.585627,BIS LBS: reporter-country all-currency loans/deposits claims on UAE
2025-06-30,CL,CL: Chile,0.7551380000000001,BIS LBS: reporter-country all-currency loans/deposits claims on UAE
2025-06-30,DK,DK: Denmark,0.592278,BIS LBS: reporter-country all-currency loans/deposits claims on UAE
2025-06-30,ES,ES: Spain,6.4129689999999995,BIS LBS: reporter-country all-currency loans/deposits claims on UAE
2025-06-30,FI,FI: Finland,-0.004540999999999996,BIS LBS: reporter-country all-currency loans/deposits claims on UAE
2025-06-30,FR,FR: France,63.424149,BIS LBS: reporter-country all-currency loans/deposits claims on UAE
2025-06-30,GB,GB: United Kingdom,158.23672200000001,BIS LBS: reporter-country all-currency loans/deposits claims on UAE
2025-06-30,GG,GG: Guernsey,1.2116449999999999,BIS LBS: reporter-country all-currency loans/deposits claims on UAE
2025-06-30,HK,HK: Hong Kong SAR,32.177603,BIS LBS: reporter-country all-currency loans/deposits claims on UAE
2025-06-30,IE,IE: Ireland,2.6165279999999997,BIS LBS: reporter-country all-currency loans/deposits claims on UAE
2025-06-30,IM,IM: Isle of Man,1.2361650000000002,BIS LBS: reporter-country all-currency loans/deposits claims on UAE
2025-06-30,IT,IT: Italy,4.998095,BIS LBS: reporter-country all-currency loans/deposits claims on UAE
2025-06-30,JE,JE: Jersey,1.5982210000000001,BIS LBS: reporter-country all-currency loans/deposits claims on UAE
2025-06-30,KR,KR: Korea,6.468692,BIS LBS: reporter-country all-currency loans/deposits claims on UAE
2025-06-30,LU,LU: Luxembourg,2.35046,BIS LBS: reporter-country all-currency loans/deposits claims on UAE
2025-06-30,MO,MO: Macao SAR,3.5469489999999997,BIS LBS: reporter-country all-currency loans/deposits claims on UAE
2025-06-30,NL,NL: Netherlands,7.246408,BIS LBS: reporter-country all-currency loans/deposits claims on UAE
2025-06-30,PH,PH: Philippines,4.509415,BIS LBS: reporter-country all-currency loans/deposits claims on UAE
2025-06-30,TW,TW: Chinese Taipei,1.6494929999999999,BIS LBS: reporter-country all-currency loans/deposits claims on UAE
2025-06-30,US,US: United States,60.421506,BIS LBS: reporter-country all-currency loans/deposits claims on UAE
2025-06-30,ZA,ZA: South Africa,0.456714,BIS LBS: reporter-country all-currency loans/deposits claims on UAE
2025-09-30,AT,AT: Austria,2.313954,BIS LBS: reporter-country all-currency loans/deposits claims on UAE
2025-09-30,AU,AU: Australia,5.8433790000000005,BIS LBS: reporter-country all-currency loans/deposits claims on UAE
2025-09-30,BE,BE: Belgium,18.532117,BIS LBS: reporter-country all-currency loans/deposits claims on UAE
2025-09-30,BR,BR: Brazil,-0.097645,BIS LBS: reporter-country all-currency loans/deposits claims on UAE
2025-09-30,CA,CA: Canada,0.718689,BIS LBS: reporter-country all-currency loans/deposits claims on UAE
2025-09-30,CH,CH: Switzerland,33.105721,BIS LBS: reporter-country all-currency loans/deposits claims on UAE
2025-09-30,CL,CL: Chile,0.794879,BIS LBS: reporter-country all-currency loans/deposits claims on UAE
2025-09-30,DK,DK: Denmark,0.368907,BIS LBS: reporter-country all-currency loans/deposits claims on UAE
2025-09-30,ES,ES: Spain,10.275691,BIS LBS: reporter-country all-currency loans/deposits claims on UAE
2025-09-30,FI,FI: Finland,0.12036499999999992,BIS LBS: reporter-country all-currency loans/deposits claims on UAE
2025-09-30,FR,FR: France,80.177154,BIS LBS: reporter-country all-currency loans/deposits claims on UAE
2025-09-30,GB,GB: United Kingdom,201.82328099999998,BIS LBS: reporter-country all-currency loans/deposits claims on UAE
2025-09-30,GG,GG: Guernsey,1.3563580000000002,BIS LBS: reporter-country all-currency loans/deposits claims on UAE
2025-09-30,HK,HK: Hong Kong SAR,38.049656,BIS LBS: reporter-country all-currency loans/deposits claims on UAE
2025-09-30,IE,IE: Ireland,2.76268,BIS LBS: reporter-country all-currency loans/deposits claims on UAE
2025-09-30,IM,IM: Isle of Man,1.039018,BIS LBS: reporter-country all-currency loans/deposits claims on UAE
2025-09-30,IT,IT: Italy,6.182022,BIS LBS: reporter-country all-currency loans/deposits claims on UAE
2025-09-30,JE,JE: Jersey,1.639557,BIS LBS: reporter-country all-currency loans/deposits claims on UAE
2025-09-30,KR,KR: Korea,6.173817,BIS LBS: reporter-country all-currency loans/deposits claims on UAE
2025-09-30,LU,LU: Luxembourg,3.80082,BIS LBS: reporter-country all-currency loans/deposits claims on UAE
2025-09-30,MO,MO: Macao SAR,2.712903,BIS LBS: reporter-country all-currency loans/deposits claims on UAE
2025-09-30,NL,NL: Netherlands,3.333319,BIS LBS: reporter-country all-currency loans/deposits claims on UAE
2025-09-30,PH,PH: Philippines,-0.070161,BIS LBS: reporter-country all-currency loans/deposits claims on UAE
2025-09-30,TW,TW: Chinese Taipei,1.378665,BIS LBS: reporter-country all-currency loans/deposits claims on UAE
2025-09-30,US,US: United States,6.468729,BIS LBS: reporter-country all-currency loans/deposits claims on UAE
2025-09-30,ZA,ZA: South Africa,0.312927,BIS LBS: reporter-country all-currency loans/deposits claims on UAE
