date,reporter_country_code,reporter_country,reporter_all_currency_deposit_liabilities_bn,reporter_all_currency_total_bn,global_usd_liabilities_bn,reporter_share_of_all_currency_liabilities,implied_reporter_usd_deposit_liabilities_bn,source
1995-12-31,CH,CH: Switzerland,17.872999999999998,31.487999999999996,65.71146999999999,0.5676130589430894,37.29868849434705,BIS-implied reporter USD allocation: global 5A USD liabilities to UAE allocated by reporter all-currency loans/deposits liability shares
1995-12-31,GB,GB: United Kingdom,11.014,31.487999999999996,65.71146999999999,0.34978404471544716,22.984823760797763,BIS-implied reporter USD allocation: global 5A USD liabilities to UAE allocated by reporter all-currency loans/deposits liability shares
1995-12-31,FR,FR: France,1.156,31.487999999999996,65.71146999999999,0.03671239837398374,2.412425664380081,BIS-implied reporter USD allocation: global 5A USD liabilities to UAE allocated by reporter all-currency loans/deposits liability shares
1995-12-31,BE,BE: Belgium,0.8480000000000001,31.487999999999996,65.71146999999999,0.026930894308943097,1.7696686534552848,BIS-implied reporter USD allocation: global 5A USD liabilities to UAE allocated by reporter all-currency loans/deposits liability shares
1995-12-31,LU,LU: Luxembourg,0.483,31.487999999999996,65.71146999999999,0.015339176829268294,1.0079598580411584,BIS-implied reporter USD allocation: global 5A USD liabilities to UAE allocated by reporter all-currency loans/deposits liability shares
1995-12-31,SE,SE: Sweden,0.087,31.487999999999996,65.71146999999999,0.002762957317073171,0.18155798685213415,BIS-implied reporter USD allocation: global 5A USD liabilities to UAE allocated by reporter all-currency loans/deposits liability shares
1995-12-31,IE,IE: Ireland,0.022,31.487999999999996,65.71146999999999,0.0006986788617886179,0.04591121506605691,BIS-implied reporter USD allocation: global 5A USD liabilities to UAE allocated by reporter all-currency loans/deposits liability shares
1995-12-31,DK,DK: Denmark,0.005,31.487999999999996,65.71146999999999,0.0001587906504065041,0.01043436706046748,BIS-implied reporter USD allocation: global 5A USD liabilities to UAE allocated by reporter all-currency loans/deposits liability shares
1996-03-31,SE,SE: Sweden,-0.072769,35.016667,79.86421,-0.002078124682740365,-0.16596778606855989,BIS-implied reporter USD allocation: global 5A USD liabilities to UAE allocated by reporter all-currency loans/deposits liability shares
1996-03-31,IE,IE: Ireland,-0.0038590000000000005,35.016667,79.86421,-0.0001102046633964335,-0.008801408380472078,BIS-implied reporter USD allocation: global 5A USD liabilities to UAE allocated by reporter all-currency loans/deposits liability shares
1996-03-31,DK,DK: Denmark,0.00708,35.016667,79.86421,0.00020218943167834907,0.016147699231340323,BIS-implied reporter USD allocation: global 5A USD liabilities to UAE allocated by reporter all-currency loans/deposits liability shares
1996-03-31,LU,LU: Luxembourg,0.48451500000000003,35.016667,79.86421,0.01383669667932702,1.1050568493040758,BIS-implied reporter USD allocation: global 5A USD liabilities to UAE allocated by reporter all-currency loans/deposits liability shares
1996-03-31,GB,GB: United Kingdom,13.531759999999998,35.016667,79.86421,0.38643769265647127,30.86254103823188,BIS-implied reporter USD allocation: global 5A USD liabilities to UAE allocated by reporter all-currency loans/deposits liability shares
1996-03-31,FR,FR: France,1.591319,35.016667,79.86421,0.0454446164165196,3.6293983888583687,BIS-implied reporter USD allocation: global 5A USD liabilities to UAE allocated by reporter all-currency loans/deposits liability shares
1996-03-31,CH,CH: Switzerland,18.594955,35.016667,79.86421,0.5310315513466772,42.41041533337681,BIS-implied reporter USD allocation: global 5A USD liabilities to UAE allocated by reporter all-currency loans/deposits liability shares
1996-03-31,BE,BE: Belgium,0.883666,35.016667,79.86421,0.025235582815463276,2.0154198854465504,BIS-implied reporter USD allocation: global 5A USD liabilities to UAE allocated by reporter all-currency loans/deposits liability shares
1996-06-30,SE,SE: Sweden,0.16886099999999998,35.177437000000005,74.41429,0.004800264442233241,0.3572082702810326,BIS-implied reporter USD allocation: global 5A USD liabilities to UAE allocated by reporter all-currency loans/deposits liability shares
1996-06-30,DK,DK: Denmark,0.038103,35.177437000000005,74.41429,0.0010831658940928526,0.08060302096113481,BIS-implied reporter USD allocation: global 5A USD liabilities to UAE allocated by reporter all-currency loans/deposits liability shares
1996-06-30,IE,IE: Ireland,0.040888,35.177437000000005,74.41429,0.001162335959836983,0.08649440519273759,BIS-implied reporter USD allocation: global 5A USD liabilities to UAE allocated by reporter all-currency loans/deposits liability shares
1996-06-30,LU,LU: Luxembourg,0.356785,35.177437000000005,74.41429,0.010142438745608441,0.7547423781229428,BIS-implied reporter USD allocation: global 5A USD liabilities to UAE allocated by reporter all-currency loans/deposits liability shares
1996-06-30,GB,GB: United Kingdom,13.400882,35.177437000000005,74.41429,0.3809510624665463,28.34820283819369,BIS-implied reporter USD allocation: global 5A USD liabilities to UAE allocated by reporter all-currency loans/deposits liability shares
1996-06-30,BE,BE: Belgium,1.497831,35.177437000000005,74.41429,0.04257931014132723,3.168509132856665,BIS-implied reporter USD allocation: global 5A USD liabilities to UAE allocated by reporter all-currency loans/deposits liability shares
1996-06-30,CH,CH: Switzerland,18.592297000000002,35.177437000000005,74.41429,0.5285290397933198,39.330113240601634,BIS-implied reporter USD allocation: global 5A USD liabilities to UAE allocated by reporter all-currency loans/deposits liability shares
1996-06-30,FR,FR: France,1.0817899999999998,35.177437000000005,74.41429,0.03075238255703506,2.288416713790148,BIS-implied reporter USD allocation: global 5A USD liabilities to UAE allocated by reporter all-currency loans/deposits liability shares
1996-09-30,CH,CH: Switzerland,18.919341,35.289718,95.73428,0.5361148252870709,51.324566796183525,BIS-implied reporter USD allocation: global 5A USD liabilities to UAE allocated by reporter all-currency loans/deposits liability shares
1996-09-30,GB,GB: United Kingdom,13.619097,35.289718,95.73428,0.3859225228152857,36.94601485750495,BIS-implied reporter USD allocation: global 5A USD liabilities to UAE allocated by reporter all-currency loans/deposits liability shares
1996-09-30,FR,FR: France,1.3680590000000001,35.289718,95.73428,0.038766504169854804,3.711283364818047,BIS-implied reporter USD allocation: global 5A USD liabilities to UAE allocated by reporter all-currency loans/deposits liability shares
1996-09-30,BE,BE: Belgium,0.7220980000000001,35.289718,95.73428,0.020461994057305873,1.9589142684404564,BIS-implied reporter USD allocation: global 5A USD liabilities to UAE allocated by reporter all-currency loans/deposits liability shares
1996-09-30,LU,LU: Luxembourg,0.402011,35.289718,95.73428,0.011391731721970689,1.090579234356024,BIS-implied reporter USD allocation: global 5A USD liabilities to UAE allocated by reporter all-currency loans/deposits liability shares
1996-09-30,SE,SE: Sweden,0.220153,35.289718,95.73428,0.006238445997216526,0.5972331358624061,BIS-implied reporter USD allocation: global 5A USD liabilities to UAE allocated by reporter all-currency loans/deposits liability shares
1996-09-30,DK,DK: Denmark,0.044001,35.289718,95.73428,0.0012468504282182136,0.11936632801316235,BIS-implied reporter USD allocation: global 5A USD liabilities to UAE allocated by reporter all-currency loans/deposits liability shares
1996-09-30,IE,IE: Ireland,-0.005042,35.289718,95.73428,-0.00014287447692271158,-0.013677985178572409,BIS-implied reporter USD allocation: global 5A USD liabilities to UAE allocated by reporter all-currency loans/deposits liability shares
1996-12-31,DK,DK: Denmark,0.05844200000000001,37.045958,96.91332,0.0015775540208732087,0.15288599764217195,BIS-implied reporter USD allocation: global 5A USD liabilities to UAE allocated by reporter all-currency loans/deposits liability shares
1996-12-31,IE,IE: Ireland,-0.037641999999999995,37.045958,96.91332,-0.0010160892586446272,-0.09847258347158952,BIS-implied reporter USD allocation: global 5A USD liabilities to UAE allocated by reporter all-currency loans/deposits liability shares
1996-12-31,FI,FI: Finland,0.04,37.045958,96.91332,0.001079739927362656,0.10464118109727383,BIS-implied reporter USD allocation: global 5A USD liabilities to UAE allocated by reporter all-currency loans/deposits liability shares
1996-12-31,SE,SE: Sweden,0.16544,37.045958,96.91332,0.004465804339571945,0.43279592501832453,BIS-implied reporter USD allocation: global 5A USD liabilities to UAE allocated by reporter all-currency loans/deposits liability shares
1996-12-31,BE,BE: Belgium,1.3755950000000001,37.045958,96.91332,0.037132121134510816,3.5985971377876096,BIS-implied reporter USD allocation: global 5A USD liabilities to UAE allocated by reporter all-currency loans/deposits liability shares
1996-12-31,FR,FR: France,1.259997,37.045958,96.91332,0.03401172673142911,3.2961893564755433,BIS-implied reporter USD allocation: global 5A USD liabilities to UAE allocated by reporter all-currency loans/deposits liability shares
1996-12-31,CH,CH: Switzerland,19.667479,37.045958,96.91332,0.5308940586716641,51.450705794145755,BIS-implied reporter USD allocation: global 5A USD liabilities to UAE allocated by reporter all-currency loans/deposits liability shares
1996-12-31,LU,LU: Luxembourg,0.35020799999999996,37.045958,96.91332,0.009453339012045524,0.9161544687428517,BIS-implied reporter USD allocation: global 5A USD liabilities to UAE allocated by reporter all-currency loans/deposits liability shares
1996-12-31,GB,GB: United Kingdom,14.166439,37.045958,96.91332,0.3824017454211874,37.05982272256207,BIS-implied reporter USD allocation: global 5A USD liabilities to UAE allocated by reporter all-currency loans/deposits liability shares
1997-03-31,CH,CH: Switzerland,19.822705000000003,40.046331,111.07249,0.4949942854939695,54.980247825586076,BIS-implied reporter USD allocation: global 5A USD liabilities to UAE allocated by reporter all-currency loans/deposits liability shares
1997-03-31,GB,GB: United Kingdom,14.588059,40.046331,111.07249,0.3642795391168294,40.46143546575865,BIS-implied reporter USD allocation: global 5A USD liabilities to UAE allocated by reporter all-currency loans/deposits liability shares
1997-03-31,BE,BE: Belgium,2.130435,40.046331,111.07249,0.05319925563218263,5.908973789213048,BIS-implied reporter USD allocation: global 5A USD liabilities to UAE allocated by reporter all-currency loans/deposits liability shares
1997-03-31,SE,SE: Sweden,1.880535,40.046331,111.07249,0.046958983583290065,5.21585123446515,BIS-implied reporter USD allocation: global 5A USD liabilities to UAE allocated by reporter all-currency loans/deposits liability shares
1997-03-31,LU,LU: Luxembourg,0.309021,40.046331,111.07249,0.007716587070111366,0.857100540179074,BIS-implied reporter USD allocation: global 5A USD liabilities to UAE allocated by reporter all-currency loans/deposits liability shares
1997-03-31,DK,DK: Denmark,0.058855000000000005,40.046331,111.07249,0.0014696727148362232,0.16324020792191926,BIS-implied reporter USD allocation: global 5A USD liabilities to UAE allocated by reporter all-currency loans/deposits liability shares
1997-03-31,IE,IE: Ireland,0.036763000000000004,40.046331,111.07249,0.000918011690009754,0.1019658442584915,BIS-implied reporter USD allocation: global 5A USD liabilities to UAE allocated by reporter all-currency loans/deposits liability shares
1997-03-31,FI,FI: Finland,0.02,40.046331,111.07249,0.0004994215325244153,0.055471993177102795,BIS-implied reporter USD allocation: global 5A USD liabilities to UAE allocated by reporter all-currency loans/deposits liability shares
1997-03-31,FR,FR: France,1.1999579999999999,40.046331,111.07249,0.029964243166246612,3.328203099440495,BIS-implied reporter USD allocation: global 5A USD liabilities to UAE allocated by reporter all-currency loans/deposits liability shares
1997-06-30,SE,SE: Sweden,-0.121293,37.787358,93.82471,-0.003209883051363369,-0.3011663464280832,BIS-implied reporter USD allocation: global 5A USD liabilities to UAE allocated by reporter all-currency loans/deposits liability shares
1997-06-30,LU,LU: Luxembourg,0.403688,37.787358,93.82471,0.010683149639622861,1.0023434168242193,BIS-implied reporter USD allocation: global 5A USD liabilities to UAE allocated by reporter all-currency loans/deposits liability shares
1997-06-30,IE,IE: Ireland,-0.05813,37.787358,93.82471,-0.0015383451788293853,-0.14433479028356522,BIS-implied reporter USD allocation: global 5A USD liabilities to UAE allocated by reporter all-currency loans/deposits liability shares
1997-06-30,DK,DK: Denmark,0.07329,37.787358,93.82471,0.0019395375564494348,0.18197654876797684,BIS-implied reporter USD allocation: global 5A USD liabilities to UAE allocated by reporter all-currency loans/deposits liability shares
1997-06-30,BE,BE: Belgium,1.07498,37.787358,93.82471,0.02844813866055415,2.6691383598662815,BIS-implied reporter USD allocation: global 5A USD liabilities to UAE allocated by reporter all-currency loans/deposits liability shares
1997-06-30,GB,GB: United Kingdom,15.193125,37.787358,93.82471,0.40206899355070025,37.72400671988632,BIS-implied reporter USD allocation: global 5A USD liabilities to UAE allocated by reporter all-currency loans/deposits liability shares
1997-06-30,CH,CH: Switzerland,19.80761,37.787358,93.82471,0.5241861577091471,49.18161423307499,BIS-implied reporter USD allocation: global 5A USD liabilities to UAE allocated by reporter all-currency loans/deposits liability shares
1997-06-30,FR,FR: France,1.414088,37.787358,93.82471,0.03742225111371904,3.511131858291866,BIS-implied reporter USD allocation: global 5A USD liabilities to UAE allocated by reporter all-currency loans/deposits liability shares
1997-09-30,CH,CH: Switzerland,20.131019,36.140606,95.27946,0.5570194091377438,53.072508512163296,BIS-implied reporter USD allocation: global 5A USD liabilities to UAE allocated by reporter all-currency loans/deposits liability shares
1997-09-30,GB,GB: United Kingdom,12.606148,36.140606,95.27946,0.34880842894554676,33.23427875338007,BIS-implied reporter USD allocation: global 5A USD liabilities to UAE allocated by reporter all-currency loans/deposits liability shares
1997-09-30,BE,BE: Belgium,1.860787,36.140606,95.27946,0.05148743216978708,4.905694733923942,BIS-implied reporter USD allocation: global 5A USD liabilities to UAE allocated by reporter all-currency loans/deposits liability shares
1997-09-30,FR,FR: France,1.0101069999999999,36.140606,95.27946,0.027949365320548303,2.663000435084569,BIS-implied reporter USD allocation: global 5A USD liabilities to UAE allocated by reporter all-currency loans/deposits liability shares
1997-09-30,LU,LU: Luxembourg,0.398961,36.140606,95.27946,0.011039134208208906,1.051802746225672,BIS-implied reporter USD allocation: global 5A USD liabilities to UAE allocated by reporter all-currency loans/deposits liability shares
1997-09-30,IE,IE: Ireland,0.054041,36.140606,95.27946,0.0014952986676537742,0.14247124959277108,BIS-implied reporter USD allocation: global 5A USD liabilities to UAE allocated by reporter all-currency loans/deposits liability shares
1997-09-30,SE,SE: Sweden,0.04401800000000001,36.140606,95.27946,0.0012179651885195287,0.11604706546093889,BIS-implied reporter USD allocation: global 5A USD liabilities to UAE allocated by reporter all-currency loans/deposits liability shares
1997-09-30,DK,DK: Denmark,0.035525,36.140606,95.27946,0.0009829663619918272,0.09365650416874582,BIS-implied reporter USD allocation: global 5A USD liabilities to UAE allocated by reporter all-currency loans/deposits liability shares
1997-12-31,LU,LU: Luxembourg,0.428973,39.738237,84.71046,0.010794968080742989,0.9144467118050557,BIS-implied reporter USD allocation: global 5A USD liabilities to UAE allocated by reporter all-currency loans/deposits liability shares
1997-12-31,FI,FI: Finland,0.002026,39.738237,84.71046,5.098364076896517e-05,0.0043188476620137925,BIS-implied reporter USD allocation: global 5A USD liabilities to UAE allocated by reporter all-currency loans/deposits liability shares
1997-12-31,IE,IE: Ireland,0.14889899999999998,39.738237,84.71046,0.0037469956203643353,0.3174097226190482,BIS-implied reporter USD allocation: global 5A USD liabilities to UAE allocated by reporter all-currency loans/deposits liability shares
1997-12-31,BE,BE: Belgium,0.840184,39.738237,84.71046,0.021142961123313046,1.7910299625179649,BIS-implied reporter USD allocation: global 5A USD liabilities to UAE allocated by reporter all-currency loans/deposits liability shares
1997-12-31,SE,SE: Sweden,0.22465200000000002,39.738237,84.71046,0.005653295590340357,0.47889326997370324,BIS-implied reporter USD allocation: global 5A USD liabilities to UAE allocated by reporter all-currency loans/deposits liability shares
1997-12-31,FR,FR: France,1.932931,39.738237,84.71046,0.04864158920789566,4.120451396931877,BIS-implied reporter USD allocation: global 5A USD liabilities to UAE allocated by reporter all-currency loans/deposits liability shares
1997-12-31,DK,DK: Denmark,1.73456,39.738237,84.71046,0.04364964656081748,3.697581639004267,BIS-implied reporter USD allocation: global 5A USD liabilities to UAE allocated by reporter all-currency loans/deposits liability shares
1997-12-31,GB,GB: United Kingdom,14.327367999999998,39.738237,84.71046,0.36054362451962824,30.541816283124987,BIS-implied reporter USD allocation: global 5A USD liabilities to UAE allocated by reporter all-currency loans/deposits liability shares
1997-12-31,CH,CH: Switzerland,20.098644,39.738237,84.71046,0.5057759356561289,42.84451216636108,BIS-implied reporter USD allocation: global 5A USD liabilities to UAE allocated by reporter all-currency loans/deposits liability shares
1998-03-31,CH,CH: Switzerland,20.176981,36.579258,77.39090999999999,0.551596235221611,42.688534596374524,BIS-implied reporter USD allocation: global 5A USD liabilities to UAE allocated by reporter all-currency loans/deposits liability shares
1998-03-31,GB,GB: United Kingdom,13.02984,36.579258,77.39090999999999,0.35620842828468524,27.567294414621525,BIS-implied reporter USD allocation: global 5A USD liabilities to UAE allocated by reporter all-currency loans/deposits liability shares
1998-03-31,BE,BE: Belgium,1.1264910000000001,36.579258,77.39090999999999,0.030795895313130737,2.3833223625479225,BIS-implied reporter USD allocation: global 5A USD liabilities to UAE allocated by reporter all-currency loans/deposits liability shares
1998-03-31,DK,DK: Denmark,0.88505,36.579258,77.39090999999999,0.02419540604131445,1.8725044913568227,BIS-implied reporter USD allocation: global 5A USD liabilities to UAE allocated by reporter all-currency loans/deposits liability shares
1998-03-31,FR,FR: France,0.86593,36.579258,77.39090999999999,0.023672705444161824,1.8320522164856377,BIS-implied reporter USD allocation: global 5A USD liabilities to UAE allocated by reporter all-currency loans/deposits liability shares
1998-03-31,LU,LU: Luxembourg,0.38763499999999995,36.579258,77.39090999999999,0.010597125835630671,0.820121211803968,BIS-implied reporter USD allocation: global 5A USD liabilities to UAE allocated by reporter all-currency loans/deposits liability shares
1998-03-31,IE,IE: Ireland,0.232982,36.579258,77.39090999999999,0.006369237998211991,0.4929211246882043,BIS-implied reporter USD allocation: global 5A USD liabilities to UAE allocated by reporter all-currency loans/deposits liability shares
1998-03-31,SE,SE: Sweden,-0.125651,36.579258,77.39090999999999,-0.003435034138746062,-0.26584041787862395,BIS-implied reporter USD allocation: global 5A USD liabilities to UAE allocated by reporter all-currency loans/deposits liability shares
1998-06-30,SE,SE: Sweden,0.004031000000000003,39.074176,93.50522,0.00010316276407210745,0.009646256950370502,BIS-implied reporter USD allocation: global 5A USD liabilities to UAE allocated by reporter all-currency loans/deposits liability shares
1998-06-30,FI,FI: Finland,0.11,39.074176,93.50522,0.002815158533349494,0.2632320179957217,BIS-implied reporter USD allocation: global 5A USD liabilities to UAE allocated by reporter all-currency loans/deposits liability shares
1998-06-30,DK,DK: Denmark,0.12723399999999999,39.074176,93.50522,0.0032562170984744496,0.304473296160615,BIS-implied reporter USD allocation: global 5A USD liabilities to UAE allocated by reporter all-currency loans/deposits liability shares
1998-06-30,IE,IE: Ireland,0.225532,39.074176,93.50522,0.005771893948576165,0.539702213478283,BIS-implied reporter USD allocation: global 5A USD liabilities to UAE allocated by reporter all-currency loans/deposits liability shares
1998-06-30,LU,LU: Luxembourg,0.4599990000000001,39.074176,93.50522,0.01177245554711122,1.100786045872855,BIS-implied reporter USD allocation: global 5A USD liabilities to UAE allocated by reporter all-currency loans/deposits liability shares
1998-06-30,FR,FR: France,1.479269,39.074176,93.50522,0.03785797044063066,3.5399178548046666,BIS-implied reporter USD allocation: global 5A USD liabilities to UAE allocated by reporter all-currency loans/deposits liability shares
1998-06-30,BE,BE: Belgium,1.732583,39.074176,93.50522,0.04434087106532969,4.146102903955287,BIS-implied reporter USD allocation: global 5A USD liabilities to UAE allocated by reporter all-currency loans/deposits liability shares
1998-06-30,GB,GB: United Kingdom,14.457213,39.074176,93.50522,0.3699940595036476,34.59637593258166,BIS-implied reporter USD allocation: global 5A USD liabilities to UAE allocated by reporter all-currency loans/deposits liability shares
1998-06-30,CH,CH: Switzerland,20.478315000000002,39.074176,93.50522,0.5240882110988087,49.00498347820054,BIS-implied reporter USD allocation: global 5A USD liabilities to UAE allocated by reporter all-currency loans/deposits liability shares
1998-09-30,SE,SE: Sweden,-0.07536,39.140257,82.13053000000001,-0.0019253833719078543,-0.1581327567879792,BIS-implied reporter USD allocation: global 5A USD liabilities to UAE allocated by reporter all-currency loans/deposits liability shares
1998-09-30,FI,FI: Finland,0.055,39.140257,82.13053000000001,0.0014052028324699044,0.11541005338825447,BIS-implied reporter USD allocation: global 5A USD liabilities to UAE allocated by reporter all-currency loans/deposits liability shares
1998-09-30,LU,LU: Luxembourg,0.423013,39.140257,82.13053000000001,0.010807619377665303,0.8876355075259216,BIS-implied reporter USD allocation: global 5A USD liabilities to UAE allocated by reporter all-currency loans/deposits liability shares
1998-09-30,DK,DK: Denmark,0.559597,39.140257,82.13053000000001,0.014297223444393839,1.1742385390164916,BIS-implied reporter USD allocation: global 5A USD liabilities to UAE allocated by reporter all-currency loans/deposits liability shares
1998-09-30,IE,IE: Ireland,0.564142,39.140257,82.13053000000001,0.01441334429664067,1.1837756061555755,BIS-implied reporter USD allocation: global 5A USD liabilities to UAE allocated by reporter all-currency loans/deposits liability shares
1998-09-30,FR,FR: France,1.0524399999999998,39.140257,82.13053000000001,0.026888939436447743,2.2084028470533545,BIS-implied reporter USD allocation: global 5A USD liabilities to UAE allocated by reporter all-currency loans/deposits liability shares
1998-09-30,BE,BE: Belgium,1.765085,39.140257,82.13053000000001,0.04509640802818438,3.7037918924510387,BIS-implied reporter USD allocation: global 5A USD liabilities to UAE allocated by reporter all-currency loans/deposits liability shares
1998-09-30,GB,GB: United Kingdom,13.969859999999999,39.140257,82.13053000000001,0.3569179425674185,29.313859789571644,BIS-implied reporter USD allocation: global 5A USD liabilities to UAE allocated by reporter all-currency loans/deposits liability shares
1998-09-30,CH,CH: Switzerland,20.82648,39.140257,82.13053000000001,0.5320987033886876,43.70154852162571,BIS-implied reporter USD allocation: global 5A USD liabilities to UAE allocated by reporter all-currency loans/deposits liability shares
1998-12-31,FI,FI: Finland,-0.023,41.851762,100.44675,-0.0005495587019729301,-0.055201385547399416,BIS-implied reporter USD allocation: global 5A USD liabilities to UAE allocated by reporter all-currency loans/deposits liability shares
1998-12-31,DK,DK: Denmark,0.163355,41.851762,100.44675,0.003903180946121217,0.3920618406998013,BIS-implied reporter USD allocation: global 5A USD liabilities to UAE allocated by reporter all-currency loans/deposits liability shares
1998-12-31,LU,LU: Luxembourg,0.920481,41.851762,100.44675,0.02199384102394542,2.2092098508719893,BIS-implied reporter USD allocation: global 5A USD liabilities to UAE allocated by reporter all-currency loans/deposits liability shares
1998-12-31,FR,FR: France,1.6774310000000001,41.851762,100.44675,0.0400802957830067,4.025935450441728,BIS-implied reporter USD allocation: global 5A USD liabilities to UAE allocated by reporter all-currency loans/deposits liability shares
1998-12-31,SE,SE: Sweden,-0.010251999999999997,41.851762,100.44675,-0.00024495981794028164,-0.024605417592692982,BIS-implied reporter USD allocation: global 5A USD liabilities to UAE allocated by reporter all-currency loans/deposits liability shares
1998-12-31,BE,BE: Belgium,2.2809299999999997,41.851762,100.44675,0.05450021435178762,5.474369405940423,BIS-implied reporter USD allocation: global 5A USD liabilities to UAE allocated by reporter all-currency loans/deposits liability shares
1998-12-31,GB,GB: United Kingdom,15.772568,41.851762,100.44675,0.37686747812433796,37.85511335828584,BIS-implied reporter USD allocation: global 5A USD liabilities to UAE allocated by reporter all-currency loans/deposits liability shares
1998-12-31,CH,CH: Switzerland,19.123643,41.851762,100.44675,0.45693758365537873,45.89789523103591,BIS-implied reporter USD allocation: global 5A USD liabilities to UAE allocated by reporter all-currency loans/deposits liability shares
1998-12-31,IE,IE: Ireland,1.946606,41.851762,100.44675,0.046511924635335544,4.67197166586439,BIS-implied reporter USD allocation: global 5A USD liabilities to UAE allocated by reporter all-currency loans/deposits liability shares
1999-03-31,CH,CH: Switzerland,19.955161999999998,32.755275,67.79059000000001,0.609219797421942,41.29936950691393,BIS-implied reporter USD allocation: global 5A USD liabilities to UAE allocated by reporter all-currency loans/deposits liability shares
1999-03-31,GB,GB: United Kingdom,11.009874999999997,32.755275,67.79059000000001,0.3361252500551437,22.786129015135728,BIS-implied reporter USD allocation: global 5A USD liabilities to UAE allocated by reporter all-currency loans/deposits liability shares
1999-03-31,FR,FR: France,0.964016,32.755275,67.79059000000001,0.02943086266257878,1.9951355441051866,BIS-implied reporter USD allocation: global 5A USD liabilities to UAE allocated by reporter all-currency loans/deposits liability shares
1999-03-31,LU,LU: Luxembourg,0.714663,32.755275,67.79059000000001,0.021818256754064805,1.4790724981295382,BIS-implied reporter USD allocation: global 5A USD liabilities to UAE allocated by reporter all-currency loans/deposits liability shares
1999-03-31,DK,DK: Denmark,0.419681,32.755275,67.79059000000001,0.012812623310291245,0.8685752936523966,BIS-implied reporter USD allocation: global 5A USD liabilities to UAE allocated by reporter all-currency loans/deposits liability shares
1999-03-31,IE,IE: Ireland,0.029694000000000005,32.755275,67.79059000000001,0.0009065410075171101,0.06145494975877933,BIS-implied reporter USD allocation: global 5A USD liabilities to UAE allocated by reporter all-currency loans/deposits liability shares
1999-03-31,SE,SE: Sweden,-0.080701,32.755275,67.79059000000001,-0.002463755837800171,-0.1670194618604179,BIS-implied reporter USD allocation: global 5A USD liabilities to UAE allocated by reporter all-currency loans/deposits liability shares
1999-03-31,BE,BE: Belgium,-0.25711500000000004,32.755275,67.79059000000001,-0.007849575373737514,-0.5321273458351367,BIS-implied reporter USD allocation: global 5A USD liabilities to UAE allocated by reporter all-currency loans/deposits liability shares
1999-06-30,IE,IE: Ireland,0.412908,35.672341,67.25384,0.01157501830339646,0.7784644289736969,BIS-implied reporter USD allocation: global 5A USD liabilities to UAE allocated by reporter all-currency loans/deposits liability shares
1999-06-30,DK,DK: Denmark,0.5874699999999999,35.672341,67.25384,0.01646850146448196,1.1075699625320354,BIS-implied reporter USD allocation: global 5A USD liabilities to UAE allocated by reporter all-currency loans/deposits liability shares
1999-06-30,LU,LU: Luxembourg,0.722244,35.672341,67.25384,0.020246610672397417,1.3616623147037084,BIS-implied reporter USD allocation: global 5A USD liabilities to UAE allocated by reporter all-currency loans/deposits liability shares
1999-06-30,SE,SE: Sweden,0.173595,35.672341,67.25384,0.004866375324232295,0.32728242743586683,BIS-implied reporter USD allocation: global 5A USD liabilities to UAE allocated by reporter all-currency loans/deposits liability shares
1999-06-30,BE,BE: Belgium,2.051891,35.672341,67.25384,0.05752050306987141,3.8684747101806405,BIS-implied reporter USD allocation: global 5A USD liabilities to UAE allocated by reporter all-currency loans/deposits liability shares
1999-06-30,GB,GB: United Kingdom,10.792114,35.672341,67.25384,0.30253450425358963,20.346607143550237,BIS-implied reporter USD allocation: global 5A USD liabilities to UAE allocated by reporter all-currency loans/deposits liability shares
1999-06-30,CH,CH: Switzerland,19.48723,35.672341,67.25384,0.5462840243649835,36.7396983691987,BIS-implied reporter USD allocation: global 5A USD liabilities to UAE allocated by reporter all-currency loans/deposits liability shares
1999-06-30,FR,FR: France,1.444889,35.672341,67.25384,0.0405044625470473,2.7240806434251117,BIS-implied reporter USD allocation: global 5A USD liabilities to UAE allocated by reporter all-currency loans/deposits liability shares
1999-09-30,DK,DK: Denmark,-0.020585000000000006,36.243900000000004,73.36864,-0.0005679576425274323,-0.04167027980984387,BIS-implied reporter USD allocation: global 5A USD liabilities to UAE allocated by reporter all-currency loans/deposits liability shares
1999-09-30,SE,SE: Sweden,0.509539,36.243900000000004,73.36864,0.014058614001252622,1.0314613895568632,BIS-implied reporter USD allocation: global 5A USD liabilities to UAE allocated by reporter all-currency loans/deposits liability shares
1999-09-30,LU,LU: Luxembourg,0.810878,36.243900000000004,73.36864,0.022372813080270056,1.6414628686736248,BIS-implied reporter USD allocation: global 5A USD liabilities to UAE allocated by reporter all-currency loans/deposits liability shares
1999-09-30,IE,IE: Ireland,-0.043987000000000005,36.243900000000004,73.36864,-0.0012136387088585942,-0.089043021520311,BIS-implied reporter USD allocation: global 5A USD liabilities to UAE allocated by reporter all-currency loans/deposits liability shares
1999-09-30,BE,BE: Belgium,1.7111200000000002,36.243900000000004,73.36864,0.04721125485943842,3.463825561730388,BIS-implied reporter USD allocation: global 5A USD liabilities to UAE allocated by reporter all-currency loans/deposits liability shares
1999-09-30,GB,GB: United Kingdom,11.202425,36.243900000000004,73.36864,0.309084425241213,22.67710392512947,BIS-implied reporter USD allocation: global 5A USD liabilities to UAE allocated by reporter all-currency loans/deposits liability shares
1999-09-30,CH,CH: Switzerland,20.627754000000003,36.243900000000004,73.36864,0.5691372617185237,41.75682686561215,BIS-implied reporter USD allocation: global 5A USD liabilities to UAE allocated by reporter all-currency loans/deposits liability shares
1999-09-30,FR,FR: France,1.446756,36.243900000000004,73.36864,0.03991722745068825,2.928672690627664,BIS-implied reporter USD allocation: global 5A USD liabilities to UAE allocated by reporter all-currency loans/deposits liability shares
1999-12-31,CH,CH: Switzerland,21.013178,35.942254,73.01482,0.584637179404497,42.68717841952706,BIS-implied reporter USD allocation: global 5A USD liabilities to UAE allocated by reporter all-currency loans/deposits liability shares
1999-12-31,GB,GB: United Kingdom,11.121568000000002,35.942254,73.01482,0.30942878540672497,22.59288706929065,BIS-implied reporter USD allocation: global 5A USD liabilities to UAE allocated by reporter all-currency loans/deposits liability shares
1999-12-31,FR,FR: France,2.439196,35.942254,73.01482,0.06786430255598327,4.955099835550659,BIS-implied reporter USD allocation: global 5A USD liabilities to UAE allocated by reporter all-currency loans/deposits liability shares
1999-12-31,LU,LU: Luxembourg,0.7967770000000001,35.942254,73.01482,0.022168253554715852,1.618611043011938,BIS-implied reporter USD allocation: global 5A USD liabilities to UAE allocated by reporter all-currency loans/deposits liability shares
1999-12-31,BE,BE: Belgium,0.579378,35.942254,73.01482,0.01611969021197168,1.176976279282874,BIS-implied reporter USD allocation: global 5A USD liabilities to UAE allocated by reporter all-currency loans/deposits liability shares
1999-12-31,SE,SE: Sweden,0.173947,35.942254,73.01482,0.004839624137095019,0.3533642852376481,BIS-implied reporter USD allocation: global 5A USD liabilities to UAE allocated by reporter all-currency loans/deposits liability shares
1999-12-31,DK,DK: Denmark,-0.085836,35.942254,73.01482,-0.002388164081195353,-0.17437137051894408,BIS-implied reporter USD allocation: global 5A USD liabilities to UAE allocated by reporter all-currency loans/deposits liability shares
1999-12-31,IE,IE: Ireland,-0.095954,35.942254,73.01482,-0.002669671189792382,-0.1949255613818766,BIS-implied reporter USD allocation: global 5A USD liabilities to UAE allocated by reporter all-currency loans/deposits liability shares
2000-03-31,LU,LU: Luxembourg,0.15527400000000002,39.846406,78.24709999999999,0.003896813178081858,0.3049143304266889,BIS-implied reporter USD allocation: global 5A USD liabilities to UAE allocated by reporter all-currency loans/deposits liability shares
2000-03-31,IE,IE: Ireland,0.016424999999999988,39.846406,78.24709999999999,0.0004122078161829699,0.032254066213650456,BIS-implied reporter USD allocation: global 5A USD liabilities to UAE allocated by reporter all-currency loans/deposits liability shares
2000-03-31,DK,DK: Denmark,0.054924,39.846406,78.24709999999999,0.0013783928216763138,0.10785524095698867,BIS-implied reporter USD allocation: global 5A USD liabilities to UAE allocated by reporter all-currency loans/deposits liability shares
2000-03-31,SE,SE: Sweden,0.684983,39.846406,78.24709999999999,0.01719058426498992,1.3451133660410926,BIS-implied reporter USD allocation: global 5A USD liabilities to UAE allocated by reporter all-currency loans/deposits liability shares
2000-03-31,CH,CH: Switzerland,20.857291000000004,39.846406,78.24709999999999,0.5234422145876846,40.95783530906401,BIS-implied reporter USD allocation: global 5A USD liabilities to UAE allocated by reporter all-currency loans/deposits liability shares
2000-03-31,BE,BE: Belgium,1.902185,39.846406,78.24709999999999,0.047737931496255895,3.735354699580684,BIS-implied reporter USD allocation: global 5A USD liabilities to UAE allocated by reporter all-currency loans/deposits liability shares
2000-03-31,GB,GB: United Kingdom,14.991032999999998,39.846406,78.24709999999999,0.37622045511457164,29.438159573395396,BIS-implied reporter USD allocation: global 5A USD liabilities to UAE allocated by reporter all-currency loans/deposits liability shares
2000-03-31,FR,FR: France,1.184291,39.846406,78.24709999999999,0.029721400720556828,2.3256134143214817,BIS-implied reporter USD allocation: global 5A USD liabilities to UAE allocated by reporter all-currency loans/deposits liability shares
2000-06-30,CH,CH: Switzerland,14.841255,31.855901000000003,82.10813999999999,0.46588715227360855,38.25312752308277,BIS-implied reporter USD allocation: global 5A USD liabilities to UAE allocated by reporter all-currency loans/deposits liability shares
2000-06-30,GB,GB: United Kingdom,13.361867,31.855901000000003,82.10813999999999,0.41944715360585777,34.440025610871274,BIS-implied reporter USD allocation: global 5A USD liabilities to UAE allocated by reporter all-currency loans/deposits liability shares
2000-06-30,BE,BE: Belgium,1.716872,31.855901000000003,82.10813999999999,0.053894943985417325,4.425213606046803,BIS-implied reporter USD allocation: global 5A USD liabilities to UAE allocated by reporter all-currency loans/deposits liability shares
2000-06-30,FR,FR: France,1.1612490000000002,31.855901000000003,82.10813999999999,0.03645318335212054,2.9931030821215825,BIS-implied reporter USD allocation: global 5A USD liabilities to UAE allocated by reporter all-currency loans/deposits liability shares
2000-06-30,LU,LU: Luxembourg,0.450758,31.855901000000003,82.10813999999999,0.014149905852607966,1.1618224507327541,BIS-implied reporter USD allocation: global 5A USD liabilities to UAE allocated by reporter all-currency loans/deposits liability shares
2000-06-30,IE,IE: Ireland,0.127925,31.855901000000003,82.10813999999999,0.00401573950145061,0.32972490118863684,BIS-implied reporter USD allocation: global 5A USD liabilities to UAE allocated by reporter all-currency loans/deposits liability shares
2000-06-30,DK,DK: Denmark,0.123563,31.855901000000003,82.10813999999999,0.003878810396855515,0.31848190709846813,BIS-implied reporter USD allocation: global 5A USD liabilities to UAE allocated by reporter all-currency loans/deposits liability shares
2000-06-30,SE,SE: Sweden,0.072412,31.855901000000003,82.10813999999999,0.002273111032081623,0.18664091885770237,BIS-implied reporter USD allocation: global 5A USD liabilities to UAE allocated by reporter all-currency loans/deposits liability shares
2000-09-30,IE,IE: Ireland,-0.121557,34.651970000000006,74.24907,-0.0035079390868686536,-0.26046121481664675,BIS-implied reporter USD allocation: global 5A USD liabilities to UAE allocated by reporter all-currency loans/deposits liability shares
2000-09-30,AU,AU: Australia,0.004059,34.651970000000006,74.24907,0.0001171361974514003,0.008697253724102842,BIS-implied reporter USD allocation: global 5A USD liabilities to UAE allocated by reporter all-currency loans/deposits liability shares
2000-09-30,SE,SE: Sweden,0.027233000000000007,34.651970000000006,74.24907,0.0007859004841571779,0.05835238006122019,BIS-implied reporter USD allocation: global 5A USD liabilities to UAE allocated by reporter all-currency loans/deposits liability shares
2000-09-30,LU,LU: Luxembourg,0.4253,34.651970000000006,74.24907,0.012273472475013685,0.9112939169403644,BIS-implied reporter USD allocation: global 5A USD liabilities to UAE allocated by reporter all-currency loans/deposits liability shares
2000-09-30,BE,BE: Belgium,1.6850139999999998,34.651970000000006,74.24907,0.04862678802965602,3.6104937882890917,BIS-implied reporter USD allocation: global 5A USD liabilities to UAE allocated by reporter all-currency loans/deposits liability shares
2000-09-30,GB,GB: United Kingdom,13.902315,34.651970000000006,74.24907,0.40119840228419906,29.788608255087656,BIS-implied reporter USD allocation: global 5A USD liabilities to UAE allocated by reporter all-currency loans/deposits liability shares
2000-09-30,CH,CH: Switzerland,17.362940000000002,34.651970000000006,74.24907,0.501066461733633,37.20371879191284,BIS-implied reporter USD allocation: global 5A USD liabilities to UAE allocated by reporter all-currency loans/deposits liability shares
2000-09-30,FR,FR: France,1.366666,34.651970000000006,74.24907,0.039439777882758174,2.9283668288013636,BIS-implied reporter USD allocation: global 5A USD liabilities to UAE allocated by reporter all-currency loans/deposits liability shares
2000-12-31,CH,CH: Switzerland,16.263229000000003,34.986675000000005,81.67326,0.46484065719305995,37.96505185349965,BIS-implied reporter USD allocation: global 5A USD liabilities to UAE allocated by reporter all-currency loans/deposits liability shares
2000-12-31,GB,GB: United Kingdom,15.871392,34.986675000000005,81.67326,0.4536410504856491,37.05034346298755,BIS-implied reporter USD allocation: global 5A USD liabilities to UAE allocated by reporter all-currency loans/deposits liability shares
2000-12-31,FR,FR: France,1.274976,34.986675000000005,81.67326,0.036441759612766855,2.9763173077110068,BIS-implied reporter USD allocation: global 5A USD liabilities to UAE allocated by reporter all-currency loans/deposits liability shares
2000-12-31,BE,BE: Belgium,0.6580010000000001,34.986675000000005,81.67326,0.018807188736854816,1.536044415574215,BIS-implied reporter USD allocation: global 5A USD liabilities to UAE allocated by reporter all-currency loans/deposits liability shares
2000-12-31,LU,LU: Luxembourg,0.622996,34.986675000000005,81.67326,0.017806664966019202,1.4543283775025775,BIS-implied reporter USD allocation: global 5A USD liabilities to UAE allocated by reporter all-currency loans/deposits liability shares
2000-12-31,SE,SE: Sweden,0.211413,34.986675000000005,81.67326,0.006042671960110527,0.49352471809281667,BIS-implied reporter USD allocation: global 5A USD liabilities to UAE allocated by reporter all-currency loans/deposits liability shares
2000-12-31,IE,IE: Ireland,0.07066800000000001,34.986675000000005,81.67326,0.0020198547018257665,0.1649681182244383,BIS-implied reporter USD allocation: global 5A USD liabilities to UAE allocated by reporter all-currency loans/deposits liability shares
2000-12-31,TW,TW: Chinese Taipei,0.014,34.986675000000005,81.67326,0.0004001523437137138,0.03268174640773951,BIS-implied reporter USD allocation: global 5A USD liabilities to UAE allocated by reporter all-currency loans/deposits liability shares
2001-03-31,SE,SE: Sweden,0.238062,46.934298000000005,90.58502,0.005072239495304691,0.4594689161269653,BIS-implied reporter USD allocation: global 5A USD liabilities to UAE allocated by reporter all-currency loans/deposits liability shares
2001-03-31,IE,IE: Ireland,0.026642000000000002,46.934298000000005,90.58502,0.0005676445826461493,0.051420095871893085,BIS-implied reporter USD allocation: global 5A USD liabilities to UAE allocated by reporter all-currency loans/deposits liability shares
2001-03-31,FI,FI: Finland,0.01,46.934298000000005,90.58502,0.00021306380250962737,0.019300388811610645,BIS-implied reporter USD allocation: global 5A USD liabilities to UAE allocated by reporter all-currency loans/deposits liability shares
2001-03-31,LU,LU: Luxembourg,0.6599740000000001,46.934298000000005,90.58502,0.014061656999748883,1.2737754805553925,BIS-implied reporter USD allocation: global 5A USD liabilities to UAE allocated by reporter all-currency loans/deposits liability shares
2001-03-31,TW,TW: Chinese Taipei,0.04197,46.934298000000005,90.58502,0.000894228779132906,0.08100373184232988,BIS-implied reporter USD allocation: global 5A USD liabilities to UAE allocated by reporter all-currency loans/deposits liability shares
2001-03-31,FR,FR: France,3.041998,46.934298000000005,90.58502,0.06481396611066814,5.8711744164141955,BIS-implied reporter USD allocation: global 5A USD liabilities to UAE allocated by reporter all-currency loans/deposits liability shares
2001-03-31,CH,CH: Switzerland,17.41597,46.934298000000005,90.58502,0.3710712792593595,33.61349925313467,BIS-implied reporter USD allocation: global 5A USD liabilities to UAE allocated by reporter all-currency loans/deposits liability shares
2001-03-31,GB,GB: United Kingdom,23.742805,46.934298000000005,90.58502,0.5058732315544593,45.824536797825324,BIS-implied reporter USD allocation: global 5A USD liabilities to UAE allocated by reporter all-currency loans/deposits liability shares
2001-03-31,BE,BE: Belgium,1.756877,46.934298000000005,90.58502,0.03743268941617066,3.3908409194176072,BIS-implied reporter USD allocation: global 5A USD liabilities to UAE allocated by reporter all-currency loans/deposits liability shares
2001-06-30,CH,CH: Switzerland,16.695327,38.452002,84.98896,0.43418615758940193,36.90102997991938,BIS-implied reporter USD allocation: global 5A USD liabilities to UAE allocated by reporter all-currency loans/deposits liability shares
2001-06-30,GB,GB: United Kingdom,16.675877,38.452002,84.98896,0.4336803321710011,36.85804040366793,BIS-implied reporter USD allocation: global 5A USD liabilities to UAE allocated by reporter all-currency loans/deposits liability shares
2001-06-30,FR,FR: France,2.968029,38.452002,84.98896,0.07718789258359032,6.560118715271055,BIS-implied reporter USD allocation: global 5A USD liabilities to UAE allocated by reporter all-currency loans/deposits liability shares
2001-06-30,LU,LU: Luxembourg,0.898864,38.452002,84.98896,0.023376260096938516,1.9867240343283037,BIS-implied reporter USD allocation: global 5A USD liabilities to UAE allocated by reporter all-currency loans/deposits liability shares
2001-06-30,SE,SE: Sweden,0.689087,38.452002,84.98896,0.01792070540306328,1.523062114672729,BIS-implied reporter USD allocation: global 5A USD liabilities to UAE allocated by reporter all-currency loans/deposits liability shares
2001-06-30,BE,BE: Belgium,0.42096800000000006,38.452002,84.98896,0.010947882505571493,0.9304491483507155,BIS-implied reporter USD allocation: global 5A USD liabilities to UAE allocated by reporter all-currency loans/deposits liability shares
2001-06-30,IE,IE: Ireland,0.062412,38.452002,84.98896,0.001623114447981148,0.1379468088948919,BIS-implied reporter USD allocation: global 5A USD liabilities to UAE allocated by reporter all-currency loans/deposits liability shares
2001-06-30,TW,TW: Chinese Taipei,0.041438,38.452002,84.98896,0.0010776552024521376,0.09158879489499663,BIS-implied reporter USD allocation: global 5A USD liabilities to UAE allocated by reporter all-currency loans/deposits liability shares
2001-09-30,FI,FI: Finland,0.016,44.657272999999996,85.95519,0.0003582843045521387,0.03079639547179695,BIS-implied reporter USD allocation: global 5A USD liabilities to UAE allocated by reporter all-currency loans/deposits liability shares
2001-09-30,TW,TW: Chinese Taipei,0.022162,44.657272999999996,85.95519,0.0004962685473427811,0.04265685727787275,BIS-implied reporter USD allocation: global 5A USD liabilities to UAE allocated by reporter all-currency loans/deposits liability shares
2001-09-30,SE,SE: Sweden,0.6609510000000001,44.657272999999996,85.95519,0.01480052308612754,1.2721817739674792,BIS-implied reporter USD allocation: global 5A USD liabilities to UAE allocated by reporter all-currency loans/deposits liability shares
2001-09-30,IE,IE: Ireland,1.156684,44.657272999999996,85.95519,0.025901357657911628,2.226356118743749,BIS-implied reporter USD allocation: global 5A USD liabilities to UAE allocated by reporter all-currency loans/deposits liability shares
2001-09-30,LU,LU: Luxembourg,0.9298120000000001,44.657272999999996,85.95519,0.02082106536151458,1.7896786291514044,BIS-implied reporter USD allocation: global 5A USD liabilities to UAE allocated by reporter all-currency loans/deposits liability shares
2001-09-30,BE,BE: Belgium,2.039702,44.657272999999996,85.95519,0.04567457578522541,3.9259668397884493,BIS-implied reporter USD allocation: global 5A USD liabilities to UAE allocated by reporter all-currency loans/deposits liability shares
2001-09-30,CH,CH: Switzerland,17.42701,44.657272999999996,85.95519,0.3902390098920729,33.543068240685,BIS-implied reporter USD allocation: global 5A USD liabilities to UAE allocated by reporter all-currency loans/deposits liability shares
2001-09-30,GB,GB: United Kingdom,20.808861999999998,44.657272999999996,85.95519,0.4659680406369641,40.05237146687797,BIS-implied reporter USD allocation: global 5A USD liabilities to UAE allocated by reporter all-currency loans/deposits liability shares
2001-09-30,FR,FR: France,1.5960900000000002,44.657272999999996,85.95519,0.03574087472828895,3.072113678036275,BIS-implied reporter USD allocation: global 5A USD liabilities to UAE allocated by reporter all-currency loans/deposits liability shares
2001-12-31,FI,FI: Finland,0.008,53.441783,124.99368,0.00014969560428026887,0.018711004458814556,BIS-implied reporter USD allocation: global 5A USD liabilities to UAE allocated by reporter all-currency loans/deposits liability shares
2001-12-31,SE,SE: Sweden,0.114315,53.441783,124.99368,0.0021390566254123667,0.2673685593386732,BIS-implied reporter USD allocation: global 5A USD liabilities to UAE allocated by reporter all-currency loans/deposits liability shares
2001-12-31,TW,TW: Chinese Taipei,0.30418199999999995,53.441783,124.99368,0.0056918385376475925,0.7114438447863911,BIS-implied reporter USD allocation: global 5A USD liabilities to UAE allocated by reporter all-currency loans/deposits liability shares
2001-12-31,LU,LU: Luxembourg,0.41818,53.441783,124.99368,0.007824963474740354,0.9780709805733838,BIS-implied reporter USD allocation: global 5A USD liabilities to UAE allocated by reporter all-currency loans/deposits liability shares
2001-12-31,BE,BE: Belgium,1.2592020000000002,53.441783,124.99368,0.023562125537615393,2.9451167795685262,BIS-implied reporter USD allocation: global 5A USD liabilities to UAE allocated by reporter all-currency loans/deposits liability shares
2001-12-31,FR,FR: France,1.661169,53.441783,124.99368,0.031083712158331243,3.885267570730565,BIS-implied reporter USD allocation: global 5A USD liabilities to UAE allocated by reporter all-currency loans/deposits liability shares
2001-12-31,JE,JE: Jersey,9.24,53.441783,124.99368,0.17289842294371055,21.611210149930812,BIS-implied reporter USD allocation: global 5A USD liabilities to UAE allocated by reporter all-currency loans/deposits liability shares
2001-12-31,CH,CH: Switzerland,16.487037,53.441783,124.99368,0.3085046208132689,38.56112785245507,BIS-implied reporter USD allocation: global 5A USD liabilities to UAE allocated by reporter all-currency loans/deposits liability shares
2001-12-31,GB,GB: United Kingdom,21.56342,53.441783,124.99368,0.4034936484061544,50.43415597091138,BIS-implied reporter USD allocation: global 5A USD liabilities to UAE allocated by reporter all-currency loans/deposits liability shares
2001-12-31,IE,IE: Ireland,2.386278,53.441783,124.99368,0.04465191589883893,5.581207287246385,BIS-implied reporter USD allocation: global 5A USD liabilities to UAE allocated by reporter all-currency loans/deposits liability shares
2002-03-31,FI,FI: Finland,0.008,50.432859,100.70768,0.00015862673976107521,0.015974930947301638,BIS-implied reporter USD allocation: global 5A USD liabilities to UAE allocated by reporter all-currency loans/deposits liability shares
2002-03-31,TW,TW: Chinese Taipei,0.017813999999999997,50.432859,100.70768,0.00035322209276297416,0.035572177486903916,BIS-implied reporter USD allocation: global 5A USD liabilities to UAE allocated by reporter all-currency loans/deposits liability shares
2002-03-31,SE,SE: Sweden,0.186723,50.432859,100.70768,0.0037024075910509057,0.37286087890912545,BIS-implied reporter USD allocation: global 5A USD liabilities to UAE allocated by reporter all-currency loans/deposits liability shares
2002-03-31,LU,LU: Luxembourg,0.645202,50.432859,100.70768,0.012793286218415658,1.288382174632614,BIS-implied reporter USD allocation: global 5A USD liabilities to UAE allocated by reporter all-currency loans/deposits liability shares
2002-03-31,BE,BE: Belgium,0.5921430000000001,50.432859,100.70768,0.011741214195292797,1.1824304419910046,BIS-implied reporter USD allocation: global 5A USD liabilities to UAE allocated by reporter all-currency loans/deposits liability shares
2002-03-31,IE,IE: Ireland,1.400708,50.432859,100.70768,0.027773717924657017,2.797026697166623,BIS-implied reporter USD allocation: global 5A USD liabilities to UAE allocated by reporter all-currency loans/deposits liability shares
2002-03-31,JE,JE: Jersey,10.877169,50.432859,100.70768,0.21567623203752934,21.72025295964125,BIS-implied reporter USD allocation: global 5A USD liabilities to UAE allocated by reporter all-currency loans/deposits liability shares
2002-03-31,CH,CH: Switzerland,15.762102,50.432859,100.70768,0.3125363565051904,31.47481137929063,BIS-implied reporter USD allocation: global 5A USD liabilities to UAE allocated by reporter all-currency loans/deposits liability shares
2002-03-31,GB,GB: United Kingdom,19.895107,50.432859,100.70768,0.39448699507596824,39.72787006427218,BIS-implied reporter USD allocation: global 5A USD liabilities to UAE allocated by reporter all-currency loans/deposits liability shares
2002-03-31,FR,FR: France,1.047891,50.432859,100.70768,0.020777941619371607,2.0924982956623577,BIS-implied reporter USD allocation: global 5A USD liabilities to UAE allocated by reporter all-currency loans/deposits liability shares
2002-06-30,SE,SE: Sweden,0.175439,46.005371,94.49602999999999,0.0038134460430717977,0.36035551168949387,BIS-implied reporter USD allocation: global 5A USD liabilities to UAE allocated by reporter all-currency loans/deposits liability shares
2002-06-30,TW,TW: Chinese Taipei,0.310962,46.005371,94.49602999999999,0.006759254261855644,0.6387226935059387,BIS-implied reporter USD allocation: global 5A USD liabilities to UAE allocated by reporter all-currency loans/deposits liability shares
2002-06-30,IE,IE: Ireland,0.587712,46.005371,94.49602999999999,0.012774856222765817,1.2071731968721653,BIS-implied reporter USD allocation: global 5A USD liabilities to UAE allocated by reporter all-currency loans/deposits liability shares
2002-06-30,BE,BE: Belgium,0.594448,46.005371,94.49602999999999,0.012921273909518086,1.2210090869920383,BIS-implied reporter USD allocation: global 5A USD liabilities to UAE allocated by reporter all-currency loans/deposits liability shares
2002-06-30,FR,FR: France,1.4039980000000003,46.005371,94.49602999999999,0.03051813232850574,2.883842348058448,BIS-implied reporter USD allocation: global 5A USD liabilities to UAE allocated by reporter all-currency loans/deposits liability shares
2002-06-30,JE,JE: Jersey,9.268927999999999,46.005371,94.49602999999999,0.20147491039687518,19.038579177110428,BIS-implied reporter USD allocation: global 5A USD liabilities to UAE allocated by reporter all-currency loans/deposits liability shares
2002-06-30,CH,CH: Switzerland,15.970581999999999,46.005371,94.49602999999999,0.34714603214481193,32.803921867937106,BIS-implied reporter USD allocation: global 5A USD liabilities to UAE allocated by reporter all-currency loans/deposits liability shares
2002-06-30,GB,GB: United Kingdom,16.860302,46.005371,94.49602999999999,0.3664855131806241,34.63142604808165,BIS-implied reporter USD allocation: global 5A USD liabilities to UAE allocated by reporter all-currency loans/deposits liability shares
2002-06-30,LU,LU: Luxembourg,0.833,46.005371,94.49602999999999,0.018106581511971722,1.711000069752725,BIS-implied reporter USD allocation: global 5A USD liabilities to UAE allocated by reporter all-currency loans/deposits liability shares
2002-09-30,IE,IE: Ireland,0.5741419999999999,47.122144999999996,91.3606,0.012184122772849155,1.1131487670011626,BIS-implied reporter USD allocation: global 5A USD liabilities to UAE allocated by reporter all-currency loans/deposits liability shares
2002-09-30,SE,SE: Sweden,0.146722,47.122144999999996,91.3606,0.0031136528271367954,0.28446519047891394,BIS-implied reporter USD allocation: global 5A USD liabilities to UAE allocated by reporter all-currency loans/deposits liability shares
2002-09-30,TW,TW: Chinese Taipei,0.16176200000000002,47.122144999999996,91.3606,0.003432823357255915,0.3136248016129148,BIS-implied reporter USD allocation: global 5A USD liabilities to UAE allocated by reporter all-currency loans/deposits liability shares
2002-09-30,LU,LU: Luxembourg,0.788103,47.122144999999996,91.3606,0.016724684328355596,1.5279771950491643,BIS-implied reporter USD allocation: global 5A USD liabilities to UAE allocated by reporter all-currency loans/deposits liability shares
2002-09-30,BE,BE: Belgium,0.705788,47.122144999999996,91.3606,0.01497784109785325,1.3683845494045317,BIS-implied reporter USD allocation: global 5A USD liabilities to UAE allocated by reporter all-currency loans/deposits liability shares
2002-09-30,JE,JE: Jersey,8.636177,47.122144999999996,91.3606,0.18327215367636598,16.743853923165002,BIS-implied reporter USD allocation: global 5A USD liabilities to UAE allocated by reporter all-currency loans/deposits liability shares
2002-09-30,CH,CH: Switzerland,16.650101,47.122144999999996,91.3606,0.3533391996480636,32.28128128336688,BIS-implied reporter USD allocation: global 5A USD liabilities to UAE allocated by reporter all-currency loans/deposits liability shares
2002-09-30,GB,GB: United Kingdom,17.472234,47.122144999999996,91.3606,0.3707860497437033,33.87523597621458,BIS-implied reporter USD allocation: global 5A USD liabilities to UAE allocated by reporter all-currency loans/deposits liability shares
2002-09-30,FR,FR: France,1.9871159999999999,47.122144999999996,91.3606,0.042169472548416465,3.8526283137068575,BIS-implied reporter USD allocation: global 5A USD liabilities to UAE allocated by reporter all-currency loans/deposits liability shares
2002-12-31,IE,IE: Ireland,0.459018,32.489338000000004,82.23814,0.014128265709815322,1.1618822934009918,BIS-implied reporter USD allocation: global 5A USD liabilities to UAE allocated by reporter all-currency loans/deposits liability shares
2002-12-31,CH,CH: Switzerland,17.083126,32.489338000000004,82.23814,0.5258071432541961,43.241401459938636,BIS-implied reporter USD allocation: global 5A USD liabilities to UAE allocated by reporter all-currency loans/deposits liability shares
2002-12-31,GB,GB: United Kingdom,14.588638000000001,32.489338000000004,82.23814,0.44902847820414193,36.92726685453918,BIS-implied reporter USD allocation: global 5A USD liabilities to UAE allocated by reporter all-currency loans/deposits liability shares
2002-12-31,FR,FR: France,2.4099030000000004,32.489338000000004,82.23814,0.07417519556723501,6.100030117585652,BIS-implied reporter USD allocation: global 5A USD liabilities to UAE allocated by reporter all-currency loans/deposits liability shares
2002-12-31,BE,BE: Belgium,0.9344220000000001,32.489338000000004,82.23814,0.028760881492876218,2.3652413987345633,BIS-implied reporter USD allocation: global 5A USD liabilities to UAE allocated by reporter all-currency loans/deposits liability shares
2002-12-31,LU,LU: Luxembourg,0.604425,32.489338000000004,82.23814,0.018603795497464427,1.5299415386518491,BIS-implied reporter USD allocation: global 5A USD liabilities to UAE allocated by reporter all-currency loans/deposits liability shares
2002-12-31,SE,SE: Sweden,0.426026,32.489338000000004,82.23814,0.013112794111101925,1.0783717978999756,BIS-implied reporter USD allocation: global 5A USD liabilities to UAE allocated by reporter all-currency loans/deposits liability shares
2002-12-31,FI,FI: Finland,0.018,32.489338000000004,82.23814,0.0005540279090943619,0.045562224752009405,BIS-implied reporter USD allocation: global 5A USD liabilities to UAE allocated by reporter all-currency loans/deposits liability shares
2002-12-31,TW,TW: Chinese Taipei,-0.119564,32.489338000000004,82.23814,-0.003680099606831016,-0.30264454668051405,BIS-implied reporter USD allocation: global 5A USD liabilities to UAE allocated by reporter all-currency loans/deposits liability shares
2002-12-31,JE,JE: Jersey,-3.9146560000000004,32.489338000000004,82.23814,-0.12049048213909437,-9.908913138822342,BIS-implied reporter USD allocation: global 5A USD liabilities to UAE allocated by reporter all-currency loans/deposits liability shares
2003-03-31,DK,DK: Denmark,0.038,34.092412,76.54728,0.0011146175283813886,0.0853209400379181,BIS-implied reporter USD allocation: global 5A USD liabilities to UAE allocated by reporter all-currency loans/deposits liability shares
2003-03-31,SE,SE: Sweden,-0.023472999999999994,34.092412,76.54728,-0.0006885109800972718,-0.052703642776580295,BIS-implied reporter USD allocation: global 5A USD liabilities to UAE allocated by reporter all-currency loans/deposits liability shares
2003-03-31,IE,IE: Ireland,0.1818000000000001,34.092412,76.54728,0.005332564912098331,0.4081933394445663,BIS-implied reporter USD allocation: global 5A USD liabilities to UAE allocated by reporter all-currency loans/deposits liability shares
2003-03-31,CL,CL: Chile,0.002,34.092412,76.54728,5.8664080441125724e-05,0.0044905757914693745,BIS-implied reporter USD allocation: global 5A USD liabilities to UAE allocated by reporter all-currency loans/deposits liability shares
2003-03-31,FI,FI: Finland,0.009,34.092412,76.54728,0.0002639883619850657,0.02020759106161218,BIS-implied reporter USD allocation: global 5A USD liabilities to UAE allocated by reporter all-currency loans/deposits liability shares
2003-03-31,TW,TW: Chinese Taipei,0.5345489999999999,34.092412,76.54728,0.015679412767861656,1.2002163993770811,BIS-implied reporter USD allocation: global 5A USD liabilities to UAE allocated by reporter all-currency loans/deposits liability shares
2003-03-31,FR,FR: France,2.4198939999999998,34.092412,76.54728,0.07098042813749873,5.433358707160994,BIS-implied reporter USD allocation: global 5A USD liabilities to UAE allocated by reporter all-currency loans/deposits liability shares
2003-03-31,BE,BE: Belgium,0.9930670000000001,34.092412,76.54728,0.0291286811857137,2.229721314753559,BIS-implied reporter USD allocation: global 5A USD liabilities to UAE allocated by reporter all-currency loans/deposits liability shares
2003-03-31,JE,JE: Jersey,1.330692,34.092412,76.54728,0.039031911265181234,2.9877866405509823,BIS-implied reporter USD allocation: global 5A USD liabilities to UAE allocated by reporter all-currency loans/deposits liability shares
2003-03-31,GB,GB: United Kingdom,13.180533,34.092412,76.54728,0.38661192408445605,29.5940912042316,BIS-implied reporter USD allocation: global 5A USD liabilities to UAE allocated by reporter all-currency loans/deposits liability shares
2003-03-31,CH,CH: Switzerland,14.556821999999999,34.092412,76.54728,0.42698128838757426,32.684256236964394,BIS-implied reporter USD allocation: global 5A USD liabilities to UAE allocated by reporter all-currency loans/deposits liability shares
2003-03-31,LU,LU: Luxembourg,0.869528,34.092412,76.54728,0.025505030268905583,1.952340693402391,BIS-implied reporter USD allocation: global 5A USD liabilities to UAE allocated by reporter all-currency loans/deposits liability shares
2003-06-30,FI,FI: Finland,0.009,40.028161,77.74984,0.00022484170581806142,0.017481406652681348,BIS-implied reporter USD allocation: global 5A USD liabilities to UAE allocated by reporter all-currency loans/deposits liability shares
2003-06-30,DK,DK: Denmark,0.14118999999999998,40.028161,77.74984,0.0035272667160502324,0.27424442281023104,BIS-implied reporter USD allocation: global 5A USD liabilities to UAE allocated by reporter all-currency loans/deposits liability shares
2003-06-30,SE,SE: Sweden,0.173101,40.028161,77.74984,0.004324480457645806,0.3362276636650882,BIS-implied reporter USD allocation: global 5A USD liabilities to UAE allocated by reporter all-currency loans/deposits liability shares
2003-06-30,IE,IE: Ireland,0.211967,40.028161,77.74984,0.005295446873015226,0.41172014710543414,BIS-implied reporter USD allocation: global 5A USD liabilities to UAE allocated by reporter all-currency loans/deposits liability shares
2003-06-30,LU,LU: Luxembourg,0.541957,40.028161,77.74984,0.013539392928893237,1.0526856339185806,BIS-implied reporter USD allocation: global 5A USD liabilities to UAE allocated by reporter all-currency loans/deposits liability shares
2003-06-30,TW,TW: Chinese Taipei,-0.041382,40.028161,77.74984,-0.0010338221633514465,-0.08037950778902883,BIS-implied reporter USD allocation: global 5A USD liabilities to UAE allocated by reporter all-currency loans/deposits liability shares
2003-06-30,BE,BE: Belgium,2.550158,40.028161,77.74984,0.06370909720284178,4.953372114065396,BIS-implied reporter USD allocation: global 5A USD liabilities to UAE allocated by reporter all-currency loans/deposits liability shares
2003-06-30,JE,JE: Jersey,2.82524,40.028161,77.74984,0.07058130899393555,5.48768548126905,BIS-implied reporter USD allocation: global 5A USD liabilities to UAE allocated by reporter all-currency loans/deposits liability shares
2003-06-30,GB,GB: United Kingdom,15.308987,40.028161,77.74984,0.3824554168251697,29.735847465290256,BIS-implied reporter USD allocation: global 5A USD liabilities to UAE allocated by reporter all-currency loans/deposits liability shares
2003-06-30,CH,CH: Switzerland,17.117019,40.028161,77.74984,0.4276244167200187,33.24772998007478,BIS-implied reporter USD allocation: global 5A USD liabilities to UAE allocated by reporter all-currency loans/deposits liability shares
2003-06-30,FR,FR: France,1.1909239999999999,40.028161,77.74984,0.029752153739963223,2.3132251929375425,BIS-implied reporter USD allocation: global 5A USD liabilities to UAE allocated by reporter all-currency loans/deposits liability shares
2003-09-30,DK,DK: Denmark,0.013870999999999994,38.631845999999996,75.07159,0.00035905610102090373,0.026954912402839867,BIS-implied reporter USD allocation: global 5A USD liabilities to UAE allocated by reporter all-currency loans/deposits liability shares
2003-09-30,TW,TW: Chinese Taipei,0.11814,38.631845999999996,75.07159,0.0030580987509631306,0.22957633561181626,BIS-implied reporter USD allocation: global 5A USD liabilities to UAE allocated by reporter all-currency loans/deposits liability shares
2003-09-30,IE,IE: Ireland,0.15670499999999998,38.631845999999996,75.07159,0.004056368416875549,0.3045180266806303,BIS-implied reporter USD allocation: global 5A USD liabilities to UAE allocated by reporter all-currency loans/deposits liability shares
2003-09-30,SE,SE: Sweden,0.258935,38.631845999999996,75.07159,0.00670263077772675,0.5031771496668838,BIS-implied reporter USD allocation: global 5A USD liabilities to UAE allocated by reporter all-currency loans/deposits liability shares
2003-09-30,LU,LU: Luxembourg,0.638166,38.631845999999996,75.07159,0.01651916918492583,1.240120296191386,BIS-implied reporter USD allocation: global 5A USD liabilities to UAE allocated by reporter all-currency loans/deposits liability shares
2003-09-30,BE,BE: Belgium,1.188256,38.631845999999996,75.07159,0.03075845767246018,2.309086323419285,BIS-implied reporter USD allocation: global 5A USD liabilities to UAE allocated by reporter all-currency loans/deposits liability shares
2003-09-30,FR,FR: France,2.350138,38.631845999999996,75.07159,0.060834214342229465,4.56692119707197,BIS-implied reporter USD allocation: global 5A USD liabilities to UAE allocated by reporter all-currency loans/deposits liability shares
2003-09-30,GB,GB: United Kingdom,14.661605999999999,38.631845999999996,75.07159,0.37952123747853006,28.49126273628084,BIS-implied reporter USD allocation: global 5A USD liabilities to UAE allocated by reporter all-currency loans/deposits liability shares
2003-09-30,CH,CH: Switzerland,16.899822,38.631845999999996,75.07159,0.4374583083604134,32.84069076732653,BIS-implied reporter USD allocation: global 5A USD liabilities to UAE allocated by reporter all-currency loans/deposits liability shares
2003-09-30,JE,JE: Jersey,2.3462069999999997,38.631845999999996,75.07159,0.060732458914854855,4.559282255347829,BIS-implied reporter USD allocation: global 5A USD liabilities to UAE allocated by reporter all-currency loans/deposits liability shares
2003-12-31,IE,IE: Ireland,0.167052,41.442394,79.39318,0.004030944737410682,0.320029521107299,BIS-implied reporter USD allocation: global 5A USD liabilities to UAE allocated by reporter all-currency loans/deposits liability shares
2003-12-31,DK,DK: Denmark,-0.032701999999999995,41.442394,79.39318,-0.0007890953403898432,-0.06264878839673209,BIS-implied reporter USD allocation: global 5A USD liabilities to UAE allocated by reporter all-currency loans/deposits liability shares
2003-12-31,CL,CL: Chile,0.006,41.442394,79.39318,0.0001447792808494606,0.011494487504751778,BIS-implied reporter USD allocation: global 5A USD liabilities to UAE allocated by reporter all-currency loans/deposits liability shares
2003-12-31,SE,SE: Sweden,0.08127700000000002,41.442394,79.39318,0.001961204268266935,0.15570624348728507,BIS-implied reporter USD allocation: global 5A USD liabilities to UAE allocated by reporter all-currency loans/deposits liability shares
2003-12-31,TW,TW: Chinese Taipei,0.195242,41.442394,79.39318,0.00471116605860173,0.3740344549004577,BIS-implied reporter USD allocation: global 5A USD liabilities to UAE allocated by reporter all-currency loans/deposits liability shares
2003-12-31,AU,AU: Australia,0.275,41.442394,79.39318,0.00663571703893361,0.5268306773011231,BIS-implied reporter USD allocation: global 5A USD liabilities to UAE allocated by reporter all-currency loans/deposits liability shares
2003-12-31,LU,LU: Luxembourg,0.34989799999999993,41.442394,79.39318,0.008442996801777425,0.6703163648229394,BIS-implied reporter USD allocation: global 5A USD liabilities to UAE allocated by reporter all-currency loans/deposits liability shares
2003-12-31,FR,FR: France,0.8983270000000001,41.442394,79.39318,0.02167652283794223,1.7209680794468583,BIS-implied reporter USD allocation: global 5A USD liabilities to UAE allocated by reporter all-currency loans/deposits liability shares
2003-12-31,BE,BE: Belgium,1.5908769999999999,41.442394,79.39318,0.03838767132999121,3.0477192996828317,BIS-implied reporter USD allocation: global 5A USD liabilities to UAE allocated by reporter all-currency loans/deposits liability shares
2003-12-31,JE,JE: Jersey,2.413344,41.442394,79.39318,0.05823370146039343,4.623358742111279,BIS-implied reporter USD allocation: global 5A USD liabilities to UAE allocated by reporter all-currency loans/deposits liability shares
2003-12-31,CH,CH: Switzerland,17.141765,41.442394,79.39318,0.41362873486507556,32.83930060031522,BIS-implied reporter USD allocation: global 5A USD liabilities to UAE allocated by reporter all-currency loans/deposits liability shares
2003-12-31,GB,GB: United Kingdom,18.356314,41.442394,79.39318,0.44293565666114754,35.16607031771669,BIS-implied reporter USD allocation: global 5A USD liabilities to UAE allocated by reporter all-currency loans/deposits liability shares
2004-03-31,AU,AU: Australia,-0.221311,37.359869,71.86437000000001,-0.005923762741245158,-0.42570747742905635,BIS-implied reporter USD allocation: global 5A USD liabilities to UAE allocated by reporter all-currency loans/deposits liability shares
2004-03-31,CL,CL: Chile,0.0,37.359869,71.86437000000001,0.0,0.0,BIS-implied reporter USD allocation: global 5A USD liabilities to UAE allocated by reporter all-currency loans/deposits liability shares
2004-03-31,FI,FI: Finland,0.02,37.359869,71.86437000000001,0.0005353337828887997,0.03847142504702038,BIS-implied reporter USD allocation: global 5A USD liabilities to UAE allocated by reporter all-currency loans/deposits liability shares
2004-03-31,SE,SE: Sweden,0.020034999999999997,37.359869,71.86437000000001,0.0005362706170088551,0.03853875004085266,BIS-implied reporter USD allocation: global 5A USD liabilities to UAE allocated by reporter all-currency loans/deposits liability shares
2004-03-31,TW,TW: Chinese Taipei,0.04996199999999999,37.359869,71.86437000000001,0.0013373173230345104,0.09610546690996159,BIS-implied reporter USD allocation: global 5A USD liabilities to UAE allocated by reporter all-currency loans/deposits liability shares
2004-03-31,DK,DK: Denmark,0.08125399999999999,37.359869,71.86437000000001,0.0021749005597423263,0.15629785853852965,BIS-implied reporter USD allocation: global 5A USD liabilities to UAE allocated by reporter all-currency loans/deposits liability shares
2004-03-31,LU,LU: Luxembourg,0.5659190000000001,37.359869,71.86437000000001,0.015147777953932334,1.0885855195592362,BIS-implied reporter USD allocation: global 5A USD liabilities to UAE allocated by reporter all-currency loans/deposits liability shares
2004-03-31,FR,FR: France,1.6546939999999999,37.359869,71.86437000000001,0.04429067992716997,3.1829218098377163,BIS-implied reporter USD allocation: global 5A USD liabilities to UAE allocated by reporter all-currency loans/deposits liability shares
2004-03-31,BE,BE: Belgium,1.871867,37.359869,71.86437000000001,0.05010368210873544,3.6006695494245444,BIS-implied reporter USD allocation: global 5A USD liabilities to UAE allocated by reporter all-currency loans/deposits liability shares
2004-03-31,JE,JE: Jersey,2.58242,37.359869,71.86437000000001,0.0691228333803847,4.967468873496317,BIS-implied reporter USD allocation: global 5A USD liabilities to UAE allocated by reporter all-currency loans/deposits liability shares
2004-03-31,GB,GB: United Kingdom,14.185838,37.359869,71.86437000000001,0.37970791599938425,27.287470167308673,BIS-implied reporter USD allocation: global 5A USD liabilities to UAE allocated by reporter all-currency loans/deposits liability shares
2004-03-31,CH,CH: Switzerland,16.295123,37.359869,71.86437000000001,0.4361664919114143,31.34483015632389,BIS-implied reporter USD allocation: global 5A USD liabilities to UAE allocated by reporter all-currency loans/deposits liability shares
2004-03-31,IE,IE: Ireland,0.2540679999999999,37.359869,71.86437000000001,0.006800559177549575,0.48871790094231843,BIS-implied reporter USD allocation: global 5A USD liabilities to UAE allocated by reporter all-currency loans/deposits liability shares
2004-06-30,IE,IE: Ireland,0.222611,36.868157000000004,63.7796,0.00603802896900976,0.38510307243185493,BIS-implied reporter USD allocation: global 5A USD liabilities to UAE allocated by reporter all-currency loans/deposits liability shares
2004-06-30,FI,FI: Finland,0.037945,36.868157000000004,63.7796,0.0010292079422358975,0.06564247087262864,BIS-implied reporter USD allocation: global 5A USD liabilities to UAE allocated by reporter all-currency loans/deposits liability shares
2004-06-30,SE,SE: Sweden,0.100114,36.868157000000004,63.7796,0.002715459847911573,0.17319094291586096,BIS-implied reporter USD allocation: global 5A USD liabilities to UAE allocated by reporter all-currency loans/deposits liability shares
2004-06-30,TW,TW: Chinese Taipei,0.10178200000000001,36.868157000000004,63.7796,0.0027607021419595234,0.17607647833332163,BIS-implied reporter USD allocation: global 5A USD liabilities to UAE allocated by reporter all-currency loans/deposits liability shares
2004-06-30,AU,AU: Australia,0.519218,36.868157000000004,63.7796,0.014083101577331352,0.8982145853615627,BIS-implied reporter USD allocation: global 5A USD liabilities to UAE allocated by reporter all-currency loans/deposits liability shares
2004-06-30,DK,DK: Denmark,-0.09681600000000001,36.868157000000004,63.7796,-0.0026260059595601703,-0.16748560969836385,BIS-implied reporter USD allocation: global 5A USD liabilities to UAE allocated by reporter all-currency loans/deposits liability shares
2004-06-30,BE,BE: Belgium,0.998672,36.868157000000004,63.7796,0.027087657243078354,1.7276399439006402,BIS-implied reporter USD allocation: global 5A USD liabilities to UAE allocated by reporter all-currency loans/deposits liability shares
2004-06-30,FR,FR: France,1.227664,36.868157000000004,63.7796,0.03329876239813127,2.123781746247853,BIS-implied reporter USD allocation: global 5A USD liabilities to UAE allocated by reporter all-currency loans/deposits liability shares
2004-06-30,JE,JE: Jersey,2.641355,36.868157000000004,63.7796,0.0716432611480959,4.5693785387210974,BIS-implied reporter USD allocation: global 5A USD liabilities to UAE allocated by reporter all-currency loans/deposits liability shares
2004-06-30,GB,GB: United Kingdom,13.919341999999999,36.868157000000004,63.7796,0.3775437432362024,24.079588926107693,BIS-implied reporter USD allocation: global 5A USD liabilities to UAE allocated by reporter all-currency loans/deposits liability shares
2004-06-30,CH,CH: Switzerland,16.600114,36.868157000000004,63.7796,0.4502561383797948,28.71715640340796,BIS-implied reporter USD allocation: global 5A USD liabilities to UAE allocated by reporter all-currency loans/deposits liability shares
2004-06-30,LU,LU: Luxembourg,0.596156,36.868157000000004,63.7796,0.016169943075809295,1.0313125013978865,BIS-implied reporter USD allocation: global 5A USD liabilities to UAE allocated by reporter all-currency loans/deposits liability shares
2004-09-30,TW,TW: Chinese Taipei,-0.07697399999999999,34.77782,60.36773,-0.00221330721707111,-0.13361233248720017,BIS-implied reporter USD allocation: global 5A USD liabilities to UAE allocated by reporter all-currency loans/deposits liability shares
2004-09-30,MX,MX: Mexico,0.002,34.77782,60.36773,5.75079174025284e-05,0.003471622430618136,BIS-implied reporter USD allocation: global 5A USD liabilities to UAE allocated by reporter all-currency loans/deposits liability shares
2004-09-30,CL,CL: Chile,0.006,34.77782,60.36773,0.0001725237522075852,0.010414867291854408,BIS-implied reporter USD allocation: global 5A USD liabilities to UAE allocated by reporter all-currency loans/deposits liability shares
2004-09-30,SE,SE: Sweden,0.074672,34.77782,60.36773,0.0021471156041408,0.12961649506955872,BIS-implied reporter USD allocation: global 5A USD liabilities to UAE allocated by reporter all-currency loans/deposits liability shares
2004-09-30,DK,DK: Denmark,0.11086399999999999,34.77782,60.36773,0.003187778877456954,0.19243897457402448,BIS-implied reporter USD allocation: global 5A USD liabilities to UAE allocated by reporter all-currency loans/deposits liability shares
2004-09-30,IE,IE: Ireland,0.261532,34.77782,60.36773,0.007520080327059028,0.4539701787622111,BIS-implied reporter USD allocation: global 5A USD liabilities to UAE allocated by reporter all-currency loans/deposits liability shares
2004-09-30,AU,AU: Australia,-0.10701200000000001,34.77782,60.36773,-0.0030770186285396846,-0.18575262977265397,BIS-implied reporter USD allocation: global 5A USD liabilities to UAE allocated by reporter all-currency loans/deposits liability shares
2004-09-30,FR,FR: France,1.0528540000000002,34.77782,60.36773,0.030273720434460822,1.8275557812830137,BIS-implied reporter USD allocation: global 5A USD liabilities to UAE allocated by reporter all-currency loans/deposits liability shares
2004-09-30,BE,BE: Belgium,1.206814,34.77782,60.36773,0.03470067991610745,2.094801275991997,BIS-implied reporter USD allocation: global 5A USD liabilities to UAE allocated by reporter all-currency loans/deposits liability shares
2004-09-30,JE,JE: Jersey,2.4521379999999997,34.77782,60.36773,0.07050867478180058,4.256448641885546,BIS-implied reporter USD allocation: global 5A USD liabilities to UAE allocated by reporter all-currency loans/deposits liability shares
2004-09-30,GB,GB: United Kingdom,12.727183,34.77782,60.36773,0.3659568943654318,22.091986990690906,BIS-implied reporter USD allocation: global 5A USD liabilities to UAE allocated by reporter all-currency loans/deposits liability shares
2004-09-30,CH,CH: Switzerland,16.605843,34.77782,60.36773,0.4774837238216772,28.824608519061577,BIS-implied reporter USD allocation: global 5A USD liabilities to UAE allocated by reporter all-currency loans/deposits liability shares
2004-09-30,LU,LU: Luxembourg,0.461906,34.77782,60.36773,0.01328162604786614,0.8017816152185502,BIS-implied reporter USD allocation: global 5A USD liabilities to UAE allocated by reporter all-currency loans/deposits liability shares
2004-12-31,CL,CL: Chile,0.003,47.037099,120.87898,6.377944354093777e-05,0.007709594080196146,BIS-implied reporter USD allocation: global 5A USD liabilities to UAE allocated by reporter all-currency loans/deposits liability shares
2004-12-31,TW,TW: Chinese Taipei,0.160058,47.037099,120.87898,0.003402803391425139,0.41132740309601157,BIS-implied reporter USD allocation: global 5A USD liabilities to UAE allocated by reporter all-currency loans/deposits liability shares
2004-12-31,SE,SE: Sweden,0.179454,47.037099,120.87898,0.003815158753731815,0.461172498689173,BIS-implied reporter USD allocation: global 5A USD liabilities to UAE allocated by reporter all-currency loans/deposits liability shares
2004-12-31,IE,IE: Ireland,0.34295200000000003,47.037099,120.87898,0.007291095907083897,0.8813402363304762,BIS-implied reporter USD allocation: global 5A USD liabilities to UAE allocated by reporter all-currency loans/deposits liability shares
2004-12-31,LU,LU: Luxembourg,0.620787,47.037099,120.87898,0.01319781647248271,1.5953385934209081,BIS-implied reporter USD allocation: global 5A USD liabilities to UAE allocated by reporter all-currency loans/deposits liability shares
2004-12-31,AU,AU: Australia,0.708234,47.037099,120.87898,0.015056923472257506,1.8200655512645456,BIS-implied reporter USD allocation: global 5A USD liabilities to UAE allocated by reporter all-currency loans/deposits liability shares
2004-12-31,BE,BE: Belgium,0.8078670000000001,47.037099,120.87898,0.01717510257169559,2.07610888026194,BIS-implied reporter USD allocation: global 5A USD liabilities to UAE allocated by reporter all-currency loans/deposits liability shares
2004-12-31,FR,FR: France,1.633044,47.037099,120.87898,0.03471821253262239,4.196702118366611,BIS-implied reporter USD allocation: global 5A USD liabilities to UAE allocated by reporter all-currency loans/deposits liability shares
2004-12-31,JE,JE: Jersey,2.143379,47.037099,120.87898,0.04556783997244388,5.5081940166722445,BIS-implied reporter USD allocation: global 5A USD liabilities to UAE allocated by reporter all-currency loans/deposits liability shares
2004-12-31,CH,CH: Switzerland,18.360746,47.037099,120.87898,0.3903460542921663,47.18463288986168,BIS-implied reporter USD allocation: global 5A USD liabilities to UAE allocated by reporter all-currency loans/deposits liability shares
2004-12-31,GB,GB: United Kingdom,20.905505,47.037099,120.87898,0.4444471586140974,53.7243191971703,BIS-implied reporter USD allocation: global 5A USD liabilities to UAE allocated by reporter all-currency loans/deposits liability shares
2004-12-31,DK,DK: Denmark,1.172073,47.037099,120.87898,0.024918054576452513,3.0120690207859115,BIS-implied reporter USD allocation: global 5A USD liabilities to UAE allocated by reporter all-currency loans/deposits liability shares
2005-03-31,IE,IE: Ireland,0.410333,41.072776,76.62467000000001,0.0099903887674892,0.7655102424805668,BIS-implied reporter USD allocation: global 5A USD liabilities to UAE allocated by reporter all-currency loans/deposits liability shares
2005-03-31,CL,CL: Chile,0.003,41.072776,76.62467000000001,7.304108200526793e-05,0.005596748805096594,BIS-implied reporter USD allocation: global 5A USD liabilities to UAE allocated by reporter all-currency loans/deposits liability shares
2005-03-31,AU,AU: Australia,0.02609999999999999,41.072776,76.62467000000001,0.0006354574134458307,0.048691714604340346,BIS-implied reporter USD allocation: global 5A USD liabilities to UAE allocated by reporter all-currency loans/deposits liability shares
2005-03-31,TW,TW: Chinese Taipei,0.045724,41.072776,76.62467000000001,0.0011132434778696235,0.08530191412141222,BIS-implied reporter USD allocation: global 5A USD liabilities to UAE allocated by reporter all-currency loans/deposits liability shares
2005-03-31,SE,SE: Sweden,0.247009,41.072776,76.62467000000001,0.0060139348750130744,0.4608157751993681,BIS-implied reporter USD allocation: global 5A USD liabilities to UAE allocated by reporter all-currency loans/deposits liability shares
2005-03-31,LU,LU: Luxembourg,0.64803,41.072776,76.62467000000001,0.015777604123957924,1.208953709388915,BIS-implied reporter USD allocation: global 5A USD liabilities to UAE allocated by reporter all-currency loans/deposits liability shares
2005-03-31,FI,FI: Finland,0.02,41.072776,76.62467000000001,0.00048694054670178616,0.03731165870064396,BIS-implied reporter USD allocation: global 5A USD liabilities to UAE allocated by reporter all-currency loans/deposits liability shares
2005-03-31,BE,BE: Belgium,0.754897,41.072776,76.62467000000001,0.018379497894176915,1.4083229609070012,BIS-implied reporter USD allocation: global 5A USD liabilities to UAE allocated by reporter all-currency loans/deposits liability shares
2005-03-31,DK,DK: Denmark,0.7108169999999999,41.072776,76.62467000000001,0.017306280929246173,1.3260880651307816,BIS-implied reporter USD allocation: global 5A USD liabilities to UAE allocated by reporter all-currency loans/deposits liability shares
2005-03-31,GB,GB: United Kingdom,17.404984,41.072776,76.62467000000001,0.423759621214792,32.47044113490844,BIS-implied reporter USD allocation: global 5A USD liabilities to UAE allocated by reporter all-currency loans/deposits liability shares
2005-03-31,CH,CH: Switzerland,15.934803,41.072776,76.62467000000001,0.3879650842202631,29.72769654989987,BIS-implied reporter USD allocation: global 5A USD liabilities to UAE allocated by reporter all-currency loans/deposits liability shares
2005-03-31,KR,KR: Korea,0.22,41.072776,76.62467000000001,0.0053563460137196475,0.4104282457070835,BIS-implied reporter USD allocation: global 5A USD liabilities to UAE allocated by reporter all-currency loans/deposits liability shares
2005-03-31,FR,FR: France,1.890369,41.072776,76.62467000000001,0.04602486571640544,3.5266401473138806,BIS-implied reporter USD allocation: global 5A USD liabilities to UAE allocated by reporter all-currency loans/deposits liability shares
2005-03-31,JE,JE: Jersey,2.75671,41.072776,76.62467000000001,0.06711769372491404,5.142871132832609,BIS-implied reporter USD allocation: global 5A USD liabilities to UAE allocated by reporter all-currency loans/deposits liability shares
2005-06-30,FI,FI: Finland,-0.005999999999999999,51.506702000000004,88.66426,-0.0001164896948750475,-0.010328472593721879,BIS-implied reporter USD allocation: global 5A USD liabilities to UAE allocated by reporter all-currency loans/deposits liability shares
2005-06-30,CL,CL: Chile,0.0,51.506702000000004,88.66426,0.0,0.0,BIS-implied reporter USD allocation: global 5A USD liabilities to UAE allocated by reporter all-currency loans/deposits liability shares
2005-06-30,TW,TW: Chinese Taipei,0.070526,51.506702000000004,88.66426,0.0013692587034596002,0.12140430969080489,BIS-implied reporter USD allocation: global 5A USD liabilities to UAE allocated by reporter all-currency loans/deposits liability shares
2005-06-30,KR,KR: Korea,0.18000000000000002,51.506702000000004,88.66426,0.0034946908462514257,0.3098541778116564,BIS-implied reporter USD allocation: global 5A USD liabilities to UAE allocated by reporter all-currency loans/deposits liability shares
2005-06-30,AU,AU: Australia,0.528603,51.506702000000004,88.66426,0.010262800363339125,0.9099435997431946,BIS-implied reporter USD allocation: global 5A USD liabilities to UAE allocated by reporter all-currency loans/deposits liability shares
2005-06-30,LU,LU: Luxembourg,0.6157130000000001,51.506702000000004,88.66426,0.011954036583433357,1.059895807683047,BIS-implied reporter USD allocation: global 5A USD liabilities to UAE allocated by reporter all-currency loans/deposits liability shares
2005-06-30,IE,IE: Ireland,0.482774,51.506702000000004,88.66426,0.009373032658934364,0.8310530046602477,BIS-implied reporter USD allocation: global 5A USD liabilities to UAE allocated by reporter all-currency loans/deposits liability shares
2005-06-30,FR,FR: France,1.4532140000000002,51.506702000000004,88.66426,0.028214075908024553,2.501580161968825,BIS-implied reporter USD allocation: global 5A USD liabilities to UAE allocated by reporter all-currency loans/deposits liability shares
2005-06-30,BE,BE: Belgium,2.055138,51.506702000000004,88.66426,0.039900399757685896,3.5377394182193993,BIS-implied reporter USD allocation: global 5A USD liabilities to UAE allocated by reporter all-currency loans/deposits liability shares
2005-06-30,DK,DK: Denmark,2.268726,51.506702000000004,88.66426,0.044047199915847844,3.9054123856107115,BIS-implied reporter USD allocation: global 5A USD liabilities to UAE allocated by reporter all-currency loans/deposits liability shares
2005-06-30,JE,JE: Jersey,2.528232,51.506702000000004,88.66426,0.049085495708888524,4.352129153761776,BIS-implied reporter USD allocation: global 5A USD liabilities to UAE allocated by reporter all-currency loans/deposits liability shares
2005-06-30,CH,CH: Switzerland,18.83906,51.506702000000004,88.66426,0.3657593918554521,32.429785816913686,BIS-implied reporter USD allocation: global 5A USD liabilities to UAE allocated by reporter all-currency loans/deposits liability shares
2005-06-30,GB,GB: United Kingdom,21.748992,51.506702000000004,88.66426,0.42225557365330824,37.43897796884607,BIS-implied reporter USD allocation: global 5A USD liabilities to UAE allocated by reporter all-currency loans/deposits liability shares
2005-06-30,SE,SE: Sweden,0.7417239999999999,51.506702000000004,88.66426,0.014400533740249955,1.2768126676842946,BIS-implied reporter USD allocation: global 5A USD liabilities to UAE allocated by reporter all-currency loans/deposits liability shares
2005-09-30,DK,DK: Denmark,0.335779,53.846073,123.22671,0.006235905077051766,0.7684300665173855,BIS-implied reporter USD allocation: global 5A USD liabilities to UAE allocated by reporter all-currency loans/deposits liability shares
2005-09-30,KR,KR: Korea,0.3,53.846073,123.22671,0.005571436936543172,0.6865498436626938,BIS-implied reporter USD allocation: global 5A USD liabilities to UAE allocated by reporter all-currency loans/deposits liability shares
2005-09-30,FI,FI: Finland,0.002,53.846073,123.22671,3.7142912910287815e-05,0.004576998957751293,BIS-implied reporter USD allocation: global 5A USD liabilities to UAE allocated by reporter all-currency loans/deposits liability shares
2005-09-30,CL,CL: Chile,-0.047,53.846073,123.22671,-0.0008728584533917636,-0.10755947550715536,BIS-implied reporter USD allocation: global 5A USD liabilities to UAE allocated by reporter all-currency loans/deposits liability shares
2005-09-30,IE,IE: Ireland,0.512874,53.846073,123.22671,0.009524817157975478,1.1737118817288683,BIS-implied reporter USD allocation: global 5A USD liabilities to UAE allocated by reporter all-currency loans/deposits liability shares
2005-09-30,BR,BR: Brazil,0.003892,53.846073,123.22671,7.228010852342009e-05,0.008906839971784016,BIS-implied reporter USD allocation: global 5A USD liabilities to UAE allocated by reporter all-currency loans/deposits liability shares
2005-09-30,AU,AU: Australia,0.549264,53.846073,123.22671,0.010200632458378163,1.256990377765153,BIS-implied reporter USD allocation: global 5A USD liabilities to UAE allocated by reporter all-currency loans/deposits liability shares
2005-09-30,FR,FR: France,2.942248,53.846073,123.22671,0.05464183061223425,6.733333014722913,BIS-implied reporter USD allocation: global 5A USD liabilities to UAE allocated by reporter all-currency loans/deposits liability shares
2005-09-30,LU,LU: Luxembourg,0.608957,53.846073,123.22671,0.011309218408555068,1.3935977771576769,BIS-implied reporter USD allocation: global 5A USD liabilities to UAE allocated by reporter all-currency loans/deposits liability shares
2005-09-30,SE,SE: Sweden,1.115929,53.846073,123.22671,0.020724426830532286,2.553802934962221,BIS-implied reporter USD allocation: global 5A USD liabilities to UAE allocated by reporter all-currency loans/deposits liability shares
2005-09-30,JE,JE: Jersey,2.302964,53.846073,123.22671,0.04276939564376403,5.270331913869374,BIS-implied reporter USD allocation: global 5A USD liabilities to UAE allocated by reporter all-currency loans/deposits liability shares
2005-09-30,BE,BE: Belgium,2.660758,53.846073,123.22671,0.04941415133467579,6.089143296414206,BIS-implied reporter USD allocation: global 5A USD liabilities to UAE allocated by reporter all-currency loans/deposits liability shares
2005-09-30,CH,CH: Switzerland,18.828291,53.846073,123.22671,0.3496687864312779,43.088534141619014,BIS-implied reporter USD allocation: global 5A USD liabilities to UAE allocated by reporter all-currency loans/deposits liability shares
2005-09-30,GB,GB: United Kingdom,23.156071,53.846073,123.22671,0.43004196424872065,52.99265641630747,BIS-implied reporter USD allocation: global 5A USD liabilities to UAE allocated by reporter all-currency loans/deposits liability shares
2005-09-30,TW,TW: Chinese Taipei,0.574046,53.846073,123.22671,0.010660870292249538,1.3137039718506491,BIS-implied reporter USD allocation: global 5A USD liabilities to UAE allocated by reporter all-currency loans/deposits liability shares
2005-12-31,TW,TW: Chinese Taipei,0.166796,57.063191999999994,91.72412,0.002923005078299861,0.26811006856258585,BIS-implied reporter USD allocation: global 5A USD liabilities to UAE allocated by reporter all-currency loans/deposits liability shares
2005-12-31,AU,AU: Australia,-0.289112,57.063191999999994,91.72412,-0.005066523442992814,-0.464722404267886,BIS-implied reporter USD allocation: global 5A USD liabilities to UAE allocated by reporter all-currency loans/deposits liability shares
2005-12-31,KR,KR: Korea,-0.04999999999999999,57.063191999999994,91.72412,-0.0008762215755473335,-0.08037065294209268,BIS-implied reporter USD allocation: global 5A USD liabilities to UAE allocated by reporter all-currency loans/deposits liability shares
2005-12-31,FI,FI: Finland,0.002,57.063191999999994,91.72412,3.504886302189335e-05,0.0032148261176837083,BIS-implied reporter USD allocation: global 5A USD liabilities to UAE allocated by reporter all-currency loans/deposits liability shares
2005-12-31,BR,BR: Brazil,0.002096,57.063191999999994,91.72412,3.673120844694423e-05,0.0033691377713325264,BIS-implied reporter USD allocation: global 5A USD liabilities to UAE allocated by reporter all-currency loans/deposits liability shares
2005-12-31,CL,CL: Chile,0.056804,57.063191999999994,91.72412,0.0009954578075478148,0.09130749139445267,BIS-implied reporter USD allocation: global 5A USD liabilities to UAE allocated by reporter all-currency loans/deposits liability shares
2005-12-31,IE,IE: Ireland,0.374349,57.063191999999994,91.72412,0.006560253411691376,0.6017334711643891,BIS-implied reporter USD allocation: global 5A USD liabilities to UAE allocated by reporter all-currency loans/deposits liability shares
2005-12-31,GB,GB: United Kingdom,24.540139999999997,57.063191999999994,91.72412,0.43005200269904287,39.44614150180733,BIS-implied reporter USD allocation: global 5A USD liabilities to UAE allocated by reporter all-currency loans/deposits liability shares
2005-12-31,DK,DK: Denmark,0.8545429999999998,57.063191999999994,91.72412,0.0149753802766589,1.3736035775418942,BIS-implied reporter USD allocation: global 5A USD liabilities to UAE allocated by reporter all-currency loans/deposits liability shares
2005-12-31,LU,LU: Luxembourg,0.985176,57.063191999999994,91.72412,0.0172646493382284,1.5835847676575823,BIS-implied reporter USD allocation: global 5A USD liabilities to UAE allocated by reporter all-currency loans/deposits liability shares
2005-12-31,FR,FR: France,1.195104,57.063191999999994,91.72412,0.020943518196458413,1.921025776274135,BIS-implied reporter USD allocation: global 5A USD liabilities to UAE allocated by reporter all-currency loans/deposits liability shares
2005-12-31,JE,JE: Jersey,2.606633,57.063191999999994,91.72412,0.045679761482673456,4.189935923808118,BIS-implied reporter USD allocation: global 5A USD liabilities to UAE allocated by reporter all-currency loans/deposits liability shares
2005-12-31,BE,BE: Belgium,4.868354,57.063191999999994,91.72412,0.08531513624404329,7.825455794664975,BIS-implied reporter USD allocation: global 5A USD liabilities to UAE allocated by reporter all-currency loans/deposits liability shares
2005-12-31,CH,CH: Switzerland,21.005574,57.063191999999994,91.72412,0.3681107429111221,33.76463395606891,BIS-implied reporter USD allocation: global 5A USD liabilities to UAE allocated by reporter all-currency loans/deposits liability shares
2005-12-31,SE,SE: Sweden,0.7447349999999999,57.063191999999994,91.72412,0.013051057501304869,1.197096764376588,BIS-implied reporter USD allocation: global 5A USD liabilities to UAE allocated by reporter all-currency loans/deposits liability shares
2006-03-31,DK,DK: Denmark,-0.274276,49.960941,95.68036000000001,-0.005489808528626393,-0.5252668563500437,BIS-implied reporter USD allocation: global 5A USD liabilities to UAE allocated by reporter all-currency loans/deposits liability shares
2006-03-31,FI,FI: Finland,-0.088,49.960941,95.68036000000001,-0.0017613759516659224,-0.16852908515073806,BIS-implied reporter USD allocation: global 5A USD liabilities to UAE allocated by reporter all-currency loans/deposits liability shares
2006-03-31,IE,IE: Ireland,-0.07210500000000003,49.960941,95.68036000000001,-0.0014432274203962658,-0.13808851914538606,BIS-implied reporter USD allocation: global 5A USD liabilities to UAE allocated by reporter all-currency loans/deposits liability shares
2006-03-31,CL,CL: Chile,0.0014160000000000002,49.960941,95.68036000000001,2.8342140313169846e-05,0.002711786188334604,BIS-implied reporter USD allocation: global 5A USD liabilities to UAE allocated by reporter all-currency loans/deposits liability shares
2006-03-31,BR,BR: Brazil,0.001866,49.960941,95.68036000000001,3.734917642964331e-05,0.0035735826464917872,BIS-implied reporter USD allocation: global 5A USD liabilities to UAE allocated by reporter all-currency loans/deposits liability shares
2006-03-31,AU,AU: Australia,0.011602999999999999,49.960941,95.68036000000001,0.00023224142235431472,0.02222094289777288,BIS-implied reporter USD allocation: global 5A USD liabilities to UAE allocated by reporter all-currency loans/deposits liability shares
2006-03-31,GG,GG: Guernsey,0.160558,49.960941,95.68036000000001,0.0032136704550861043,0.3074851460640023,BIS-implied reporter USD allocation: global 5A USD liabilities to UAE allocated by reporter all-currency loans/deposits liability shares
2006-03-31,TW,TW: Chinese Taipei,0.286172,49.960941,95.68036000000001,0.005727914532274322,0.5480489244972387,BIS-implied reporter USD allocation: global 5A USD liabilities to UAE allocated by reporter all-currency loans/deposits liability shares
2006-03-31,LU,LU: Luxembourg,0.897321,49.960941,95.68036000000001,0.017960450344600195,1.7184623547334708,BIS-implied reporter USD allocation: global 5A USD liabilities to UAE allocated by reporter all-currency loans/deposits liability shares
2006-03-31,BE,BE: Belgium,0.8465809999999999,49.960941,95.68036000000001,0.016944856983378276,1.6212900163181476,BIS-implied reporter USD allocation: global 5A USD liabilities to UAE allocated by reporter all-currency loans/deposits liability shares
2006-03-31,FR,FR: France,1.682439,49.960941,95.68036000000001,0.0336750863039189,3.2220443805900296,BIS-implied reporter USD allocation: global 5A USD liabilities to UAE allocated by reporter all-currency loans/deposits liability shares
2006-03-31,KR,KR: Korea,2.31836,49.960941,95.68036000000001,0.04640344944663873,4.439898748296195,BIS-implied reporter USD allocation: global 5A USD liabilities to UAE allocated by reporter all-currency loans/deposits liability shares
2006-03-31,JE,JE: Jersey,3.227749,49.960941,95.68036000000001,0.06460544848424693,6.181472568934201,BIS-implied reporter USD allocation: global 5A USD liabilities to UAE allocated by reporter all-currency loans/deposits liability shares
2006-03-31,CH,CH: Switzerland,19.392801,49.960941,95.68036000000001,0.38815924223685055,37.13921603454907,BIS-implied reporter USD allocation: global 5A USD liabilities to UAE allocated by reporter all-currency loans/deposits liability shares
2006-03-31,GB,GB: United Kingdom,21.199045,49.960941,95.68036000000001,0.42431236433276953,40.59835977181055,BIS-implied reporter USD allocation: global 5A USD liabilities to UAE allocated by reporter all-currency loans/deposits liability shares
2006-03-31,SE,SE: Sweden,0.369411,49.960941,95.68036000000001,0.007393996041827955,0.7074602031206738,BIS-implied reporter USD allocation: global 5A USD liabilities to UAE allocated by reporter all-currency loans/deposits liability shares
2006-06-30,GG,GG: Guernsey,0.08380800000000001,53.861915,102.76697,0.001555978839593802,0.15990323072917106,BIS-implied reporter USD allocation: global 5A USD liabilities to UAE allocated by reporter all-currency loans/deposits liability shares
2006-06-30,FI,FI: Finland,0.20377800000000001,53.861915,102.76697,0.003783341160447043,0.3888025075354265,BIS-implied reporter USD allocation: global 5A USD liabilities to UAE allocated by reporter all-currency loans/deposits liability shares
2006-06-30,CL,CL: Chile,0.005368,53.861915,102.76697,9.966225671701425e-05,0.010241988146169702,BIS-implied reporter USD allocation: global 5A USD liabilities to UAE allocated by reporter all-currency loans/deposits liability shares
2006-06-30,AU,AU: Australia,-0.033212000000000005,53.861915,102.76697,-0.0006166137984510949,-0.06336753172700971,BIS-implied reporter USD allocation: global 5A USD liabilities to UAE allocated by reporter all-currency loans/deposits liability shares
2006-06-30,SE,SE: Sweden,0.328114,53.861915,102.76697,0.006091762611856634,0.6260319855797923,BIS-implied reporter USD allocation: global 5A USD liabilities to UAE allocated by reporter all-currency loans/deposits liability shares
2006-06-30,BR,BR: Brazil,0.0020080000000000002,53.861915,102.76697,3.7280516298018744e-05,0.0038312056999830033,BIS-implied reporter USD allocation: global 5A USD liabilities to UAE allocated by reporter all-currency loans/deposits liability shares
2006-06-30,DK,DK: Denmark,0.3849380000000001,53.861915,102.76697,0.0071467566647045525,0.7344505277589928,BIS-implied reporter USD allocation: global 5A USD liabilities to UAE allocated by reporter all-currency loans/deposits liability shares
2006-06-30,BE,BE: Belgium,0.19415,53.861915,102.76697,0.003604587768555945,0.3704325630735557,BIS-implied reporter USD allocation: global 5A USD liabilities to UAE allocated by reporter all-currency loans/deposits liability shares
2006-06-30,IE,IE: Ireland,0.707674,53.861915,102.76697,0.013138671359902446,1.3502214454829538,BIS-implied reporter USD allocation: global 5A USD liabilities to UAE allocated by reporter all-currency loans/deposits liability shares
2006-06-30,LU,LU: Luxembourg,0.9402919999999999,53.861915,102.76697,0.017457455792279197,1.7940498356814825,BIS-implied reporter USD allocation: global 5A USD liabilities to UAE allocated by reporter all-currency loans/deposits liability shares
2006-06-30,KR,KR: Korea,1.223967,53.861915,102.76697,0.022724164189112103,2.3352934994975576,BIS-implied reporter USD allocation: global 5A USD liabilities to UAE allocated by reporter all-currency loans/deposits liability shares
2006-06-30,TW,TW: Chinese Taipei,0.412468,53.861915,102.76697,0.007657878484268522,0.7869769684564687,BIS-implied reporter USD allocation: global 5A USD liabilities to UAE allocated by reporter all-currency loans/deposits liability shares
2006-06-30,FR,FR: France,1.829119,53.861915,102.76697,0.03395941269447995,3.48990594559124,BIS-implied reporter USD allocation: global 5A USD liabilities to UAE allocated by reporter all-currency loans/deposits liability shares
2006-06-30,JE,JE: Jersey,2.473892,53.861915,102.76697,0.04593026445494929,4.72011410933384,BIS-implied reporter USD allocation: global 5A USD liabilities to UAE allocated by reporter all-currency loans/deposits liability shares
2006-06-30,GB,GB: United Kingdom,21.71738,53.861915,102.76697,0.4032047505180608,41.43613050034704,BIS-implied reporter USD allocation: global 5A USD liabilities to UAE allocated by reporter all-currency loans/deposits liability shares
2006-06-30,CH,CH: Switzerland,23.388171,53.861915,102.76697,0.4342246464872257,44.62395121881333,BIS-implied reporter USD allocation: global 5A USD liabilities to UAE allocated by reporter all-currency loans/deposits liability shares
2006-09-30,GG,GG: Guernsey,0.078706,72.36621099999999,131.71161,0.0010876070325141107,0.14325047329975588,BIS-implied reporter USD allocation: global 5A USD liabilities to UAE allocated by reporter all-currency loans/deposits liability shares
2006-09-30,TW,TW: Chinese Taipei,0.143226,72.36621099999999,131.71161,0.0019791833511913453,0.26068142567060754,BIS-implied reporter USD allocation: global 5A USD liabilities to UAE allocated by reporter all-currency loans/deposits liability shares
2006-09-30,FI,FI: Finland,0.202608,72.36621099999999,131.71161,0.002799759683424631,0.3687608555169485,BIS-implied reporter USD allocation: global 5A USD liabilities to UAE allocated by reporter all-currency loans/deposits liability shares
2006-09-30,AU,AU: Australia,0.31207399999999996,72.36621099999999,131.71161,0.004312426969542457,0.567996699165858,BIS-implied reporter USD allocation: global 5A USD liabilities to UAE allocated by reporter all-currency loans/deposits liability shares
2006-09-30,CL,CL: Chile,0.647402,72.36621099999999,131.71161,0.008946191752391183,1.1783173190761642,BIS-implied reporter USD allocation: global 5A USD liabilities to UAE allocated by reporter all-currency loans/deposits liability shares
2006-09-30,SE,SE: Sweden,0.6923710000000001,72.36621099999999,131.71161,0.00956760054771971,1.260164071977045,BIS-implied reporter USD allocation: global 5A USD liabilities to UAE allocated by reporter all-currency loans/deposits liability shares
2006-09-30,BE,BE: Belgium,0.856068,72.36621099999999,131.71161,0.01182966453777717,1.558104162030537,BIS-implied reporter USD allocation: global 5A USD liabilities to UAE allocated by reporter all-currency loans/deposits liability shares
2006-09-30,BR,BR: Brazil,-0.004246,72.36621099999999,131.71161,-5.8673791833594826e-05,-0.007728019587207627,BIS-implied reporter USD allocation: global 5A USD liabilities to UAE allocated by reporter all-currency loans/deposits liability shares
2006-09-30,LU,LU: Luxembourg,0.988734,72.36621099999999,131.71161,0.013662923432594808,1.7995656426137887,BIS-implied reporter USD allocation: global 5A USD liabilities to UAE allocated by reporter all-currency loans/deposits liability shares
2006-09-30,IE,IE: Ireland,1.0811730000000002,72.36621099999999,131.71161,0.014940301351413856,1.967811144879895,BIS-implied reporter USD allocation: global 5A USD liabilities to UAE allocated by reporter all-currency loans/deposits liability shares
2006-09-30,KR,KR: Korea,1.4439899999999999,72.36621099999999,131.71161,0.019953925734760385,2.6281636843457234,BIS-implied reporter USD allocation: global 5A USD liabilities to UAE allocated by reporter all-currency loans/deposits liability shares
2006-09-30,FR,FR: France,2.022907,72.36621099999999,131.71161,0.027953750404315077,3.68183347129049,BIS-implied reporter USD allocation: global 5A USD liabilities to UAE allocated by reporter all-currency loans/deposits liability shares
2006-09-30,JE,JE: Jersey,3.04092,72.36621099999999,131.71161,0.042021268738251336,5.534688959757752,BIS-implied reporter USD allocation: global 5A USD liabilities to UAE allocated by reporter all-currency loans/deposits liability shares
2006-09-30,GB,GB: United Kingdom,28.155735,72.36621099999999,131.71161,0.38907294731791336,51.24542429868755,BIS-implied reporter USD allocation: global 5A USD liabilities to UAE allocated by reporter all-currency loans/deposits liability shares
2006-09-30,CH,CH: Switzerland,31.803175,72.36621099999999,131.71161,0.439475475647053,57.88402245298915,BIS-implied reporter USD allocation: global 5A USD liabilities to UAE allocated by reporter all-currency loans/deposits liability shares
2006-09-30,DK,DK: Denmark,0.901368,72.36621099999999,131.71161,0.012455647290971197,1.6405533582859548,BIS-implied reporter USD allocation: global 5A USD liabilities to UAE allocated by reporter all-currency loans/deposits liability shares
2006-12-31,CL,CL: Chile,-0.11849,77.39991500000001,169.87406000000001,-0.0015308802341707996,-0.2600568407523445,BIS-implied reporter USD allocation: global 5A USD liabilities to UAE allocated by reporter all-currency loans/deposits liability shares
2006-12-31,GG,GG: Guernsey,0.094222,77.39991500000001,169.87406000000001,0.0012173398381639048,0.2067944607086455,BIS-implied reporter USD allocation: global 5A USD liabilities to UAE allocated by reporter all-currency loans/deposits liability shares
2006-12-31,BR,BR: Brazil,0.172464,77.39991500000001,169.87406000000001,0.002228219501274646,0.3785166932526993,BIS-implied reporter USD allocation: global 5A USD liabilities to UAE allocated by reporter all-currency loans/deposits liability shares
2006-12-31,TW,TW: Chinese Taipei,0.25980400000000003,77.39991500000001,169.87406000000001,0.0033566445131108995,0.5702068314188717,BIS-implied reporter USD allocation: global 5A USD liabilities to UAE allocated by reporter all-currency loans/deposits liability shares
2006-12-31,SE,SE: Sweden,0.69872,77.39991500000001,169.87406000000001,0.009027400094690026,1.5335211053293794,BIS-implied reporter USD allocation: global 5A USD liabilities to UAE allocated by reporter all-currency loans/deposits liability shares
2006-12-31,IE,IE: Ireland,0.8015549999999999,77.39991500000001,169.87406000000001,0.010356019124827202,1.7592190141720436,BIS-implied reporter USD allocation: global 5A USD liabilities to UAE allocated by reporter all-currency loans/deposits liability shares
2006-12-31,LU,LU: Luxembourg,0.9166810000000001,77.39991500000001,169.87406000000001,0.011843436778968038,2.0118926899966234,BIS-implied reporter USD allocation: global 5A USD liabilities to UAE allocated by reporter all-currency loans/deposits liability shares
2006-12-31,DK,DK: Denmark,0.9301,77.39991500000001,169.87406000000001,0.012016809062387213,2.0413441436725095,BIS-implied reporter USD allocation: global 5A USD liabilities to UAE allocated by reporter all-currency loans/deposits liability shares
2006-12-31,FI,FI: Finland,1.4874969999999998,77.39991500000001,169.87406000000001,0.019218328598939672,3.264695505515994,BIS-implied reporter USD allocation: global 5A USD liabilities to UAE allocated by reporter all-currency loans/deposits liability shares
2006-12-31,AU,AU: Australia,1.704318,77.39991500000001,169.87406000000001,0.022019636584872215,3.740565066396778,BIS-implied reporter USD allocation: global 5A USD liabilities to UAE allocated by reporter all-currency loans/deposits liability shares
2006-12-31,BE,BE: Belgium,1.718635,77.39991500000001,169.87406000000001,0.022204610948216155,3.771987412493928,BIS-implied reporter USD allocation: global 5A USD liabilities to UAE allocated by reporter all-currency loans/deposits liability shares
2006-12-31,JE,JE: Jersey,3.765515,77.39991500000001,169.87406000000001,0.0486501180266154,8.264393068660347,BIS-implied reporter USD allocation: global 5A USD liabilities to UAE allocated by reporter all-currency loans/deposits liability shares
2006-12-31,FR,FR: France,3.965598,77.39991500000001,169.87406000000001,0.051235172545086125,8.703526775034314,BIS-implied reporter USD allocation: global 5A USD liabilities to UAE allocated by reporter all-currency loans/deposits liability shares
2006-12-31,CH,CH: Switzerland,24.831626,77.39991500000001,169.87406000000001,0.32082239366800336,54.499402551302026,BIS-implied reporter USD allocation: global 5A USD liabilities to UAE allocated by reporter all-currency loans/deposits liability shares
2006-12-31,GB,GB: United Kingdom,34.576729,77.39991500000001,169.87406000000001,0.4467282554509265,75.88754247016603,BIS-implied reporter USD allocation: global 5A USD liabilities to UAE allocated by reporter all-currency loans/deposits liability shares
2006-12-31,KR,KR: Korea,1.594941,77.39991500000001,169.87406000000001,0.020606495498089367,3.500509052632163,BIS-implied reporter USD allocation: global 5A USD liabilities to UAE allocated by reporter all-currency loans/deposits liability shares
2007-03-31,IE,IE: Ireland,1.294738,76.6203,151.75703,0.016898106637536006,2.5644064759357508,BIS-implied reporter USD allocation: global 5A USD liabilities to UAE allocated by reporter all-currency loans/deposits liability shares
2007-03-31,CL,CL: Chile,-0.048019,76.6203,151.75703,-0.0006267138082205368,-0.09510822619553824,BIS-implied reporter USD allocation: global 5A USD liabilities to UAE allocated by reporter all-currency loans/deposits liability shares
2007-03-31,DK,DK: Denmark,-0.016823999999999922,76.6203,151.75703,-0.00021957627417277042,-0.03332224322692534,BIS-implied reporter USD allocation: global 5A USD liabilities to UAE allocated by reporter all-currency loans/deposits liability shares
2007-03-31,GG,GG: Guernsey,0.07483,76.6203,151.75703,0.0009766341295975086,0.148211094904353,BIS-implied reporter USD allocation: global 5A USD liabilities to UAE allocated by reporter all-currency loans/deposits liability shares
2007-03-31,TW,TW: Chinese Taipei,0.107122,76.6203,151.75703,0.0013980890181844758,0.21216983707529202,BIS-implied reporter USD allocation: global 5A USD liabilities to UAE allocated by reporter all-currency loans/deposits liability shares
2007-03-31,BR,BR: Brazil,0.372228,76.6203,151.75703,0.004858085911958058,0.7372486894835963,BIS-implied reporter USD allocation: global 5A USD liabilities to UAE allocated by reporter all-currency loans/deposits liability shares
2007-03-31,SE,SE: Sweden,0.9954230000000001,76.6203,151.75703,0.012991635376003488,1.9715719995052225,BIS-implied reporter USD allocation: global 5A USD liabilities to UAE allocated by reporter all-currency loans/deposits liability shares
2007-03-31,AU,AU: Australia,1.296226,76.6203,151.75703,0.01691752707833303,2.5673536643523978,BIS-implied reporter USD allocation: global 5A USD liabilities to UAE allocated by reporter all-currency loans/deposits liability shares
2007-03-31,GB,GB: United Kingdom,31.129464,76.6203,151.75703,0.40628219936492027,61.65617991748818,BIS-implied reporter USD allocation: global 5A USD liabilities to UAE allocated by reporter all-currency loans/deposits liability shares
2007-03-31,KR,KR: Korea,1.7670460000000001,76.6203,151.75703,0.023062373809551777,3.499877354087363,BIS-implied reporter USD allocation: global 5A USD liabilities to UAE allocated by reporter all-currency loans/deposits liability shares
2007-03-31,FI,FI: Finland,1.877083,76.6203,151.75703,0.02449850757566859,3.717820749115965,BIS-implied reporter USD allocation: global 5A USD liabilities to UAE allocated by reporter all-currency loans/deposits liability shares
2007-03-31,BE,BE: Belgium,2.1185,76.6203,151.75703,0.027649330529898736,4.195980282705758,BIS-implied reporter USD allocation: global 5A USD liabilities to UAE allocated by reporter all-currency loans/deposits liability shares
2007-03-31,FR,FR: France,3.484674,76.6203,151.75703,0.045479774942149796,6.901875570289074,BIS-implied reporter USD allocation: global 5A USD liabilities to UAE allocated by reporter all-currency loans/deposits liability shares
2007-03-31,JE,JE: Jersey,4.2112,76.6203,151.75703,0.054961935675010405,8.340860121090623,BIS-implied reporter USD allocation: global 5A USD liabilities to UAE allocated by reporter all-currency loans/deposits liability shares
2007-03-31,CH,CH: Switzerland,26.576523,76.6203,151.75703,0.3468600749409752,52.63845479861982,BIS-implied reporter USD allocation: global 5A USD liabilities to UAE allocated by reporter all-currency loans/deposits liability shares
2007-03-31,LU,LU: Luxembourg,1.380086,76.6203,151.75703,0.018012015092606005,2.733449914769062,BIS-implied reporter USD allocation: global 5A USD liabilities to UAE allocated by reporter all-currency loans/deposits liability shares
2007-06-30,FI,FI: Finland,-0.018378000000000002,88.654519,169.14156,-0.00020729907744465912,-0.035062889345550456,BIS-implied reporter USD allocation: global 5A USD liabilities to UAE allocated by reporter all-currency loans/deposits liability shares
2007-06-30,CL,CL: Chile,-0.0009,88.654519,169.14156,-1.015176677006166e-05,-0.0017170856682443903,BIS-implied reporter USD allocation: global 5A USD liabilities to UAE allocated by reporter all-currency loans/deposits liability shares
2007-06-30,GG,GG: Guernsey,0.06508000000000001,88.654519,169.14156,0.0007340855348840145,0.12416437254371662,BIS-implied reporter USD allocation: global 5A USD liabilities to UAE allocated by reporter all-currency loans/deposits liability shares
2007-06-30,TW,TW: Chinese Taipei,0.18714,88.654519,169.14156,0.002110890703721488,0.3570393466169503,BIS-implied reporter USD allocation: global 5A USD liabilities to UAE allocated by reporter all-currency loans/deposits liability shares
2007-06-30,SE,SE: Sweden,0.20786900000000003,88.654519,169.14156,0.0023447084519177194,0.39658764530254803,BIS-implied reporter USD allocation: global 5A USD liabilities to UAE allocated by reporter all-currency loans/deposits liability shares
2007-06-30,KR,KR: Korea,0.24214999999999998,88.654519,169.14156,0.0027313892481893674,0.4619914384059768,BIS-implied reporter USD allocation: global 5A USD liabilities to UAE allocated by reporter all-currency loans/deposits liability shares
2007-06-30,BR,BR: Brazil,0.520608,88.654519,169.14156,0.005872323327364734,0.9932539284148618,BIS-implied reporter USD allocation: global 5A USD liabilities to UAE allocated by reporter all-currency loans/deposits liability shares
2007-06-30,LU,LU: Luxembourg,1.278205,88.654519,169.14156,0.01441782116036296,2.4386527628648014,BIS-implied reporter USD allocation: global 5A USD liabilities to UAE allocated by reporter all-currency loans/deposits liability shares
2007-06-30,BE,BE: Belgium,2.0319960000000004,88.654519,169.14156,0.022920388299664685,3.8767902328110324,BIS-implied reporter USD allocation: global 5A USD liabilities to UAE allocated by reporter all-currency loans/deposits liability shares
2007-06-30,DK,DK: Denmark,2.539691,88.654519,169.14156,0.02864705633336074,4.845407797632515,BIS-implied reporter USD allocation: global 5A USD liabilities to UAE allocated by reporter all-currency loans/deposits liability shares
2007-06-30,FR,FR: France,2.9380699999999997,88.654519,169.14156,0.0331406682156834,5.605464321443106,BIS-implied reporter USD allocation: global 5A USD liabilities to UAE allocated by reporter all-currency loans/deposits liability shares
2007-06-30,IE,IE: Ireland,3.0045029999999997,88.654519,169.14156,0.03389001523994507,5.732210046108084,BIS-implied reporter USD allocation: global 5A USD liabilities to UAE allocated by reporter all-currency loans/deposits liability shares
2007-06-30,JE,JE: Jersey,3.978185,88.654519,169.14156,0.044872895875730824,7.589871610138678,BIS-implied reporter USD allocation: global 5A USD liabilities to UAE allocated by reporter all-currency loans/deposits liability shares
2007-06-30,CH,CH: Switzerland,26.147102999999998,88.654519,169.14156,0.2949325459653106,49.88535091934434,BIS-implied reporter USD allocation: global 5A USD liabilities to UAE allocated by reporter all-currency loans/deposits liability shares
2007-06-30,GB,GB: United Kingdom,43.853561,88.654519,169.14156,0.4946568036763022,83.66702343842348,BIS-implied reporter USD allocation: global 5A USD liabilities to UAE allocated by reporter all-currency loans/deposits liability shares
2007-06-30,AU,AU: Australia,1.6796360000000001,88.654519,169.14156,0.018945858811776985,3.2045321149637056,BIS-implied reporter USD allocation: global 5A USD liabilities to UAE allocated by reporter all-currency loans/deposits liability shares
2007-09-30,BR,BR: Brazil,0.498714,75.751312,132.32731,0.006583569140030208,0.8711859944992109,BIS-implied reporter USD allocation: global 5A USD liabilities to UAE allocated by reporter all-currency loans/deposits liability shares
2007-09-30,TW,TW: Chinese Taipei,0.289604,75.751312,132.32731,0.00382308889910712,0.5058990699097067,BIS-implied reporter USD allocation: global 5A USD liabilities to UAE allocated by reporter all-currency loans/deposits liability shares
2007-09-30,CA,CA: Canada,0.175462,75.751312,132.32731,0.0023162899145561995,0.30650841357335173,BIS-implied reporter USD allocation: global 5A USD liabilities to UAE allocated by reporter all-currency loans/deposits liability shares
2007-09-30,DK,DK: Denmark,-0.7190909999999999,75.751312,132.32731,-0.009492786078741447,-1.256154846205304,BIS-implied reporter USD allocation: global 5A USD liabilities to UAE allocated by reporter all-currency loans/deposits liability shares
2007-09-30,FI,FI: Finland,-0.006506,75.751312,132.32731,-8.588630121680268e-05,-0.011365103205869226,BIS-implied reporter USD allocation: global 5A USD liabilities to UAE allocated by reporter all-currency loans/deposits liability shares
2007-09-30,CL,CL: Chile,-0.07436,75.751312,132.32731,-0.00098163316300053,-0.12989687586665166,BIS-implied reporter USD allocation: global 5A USD liabilities to UAE allocated by reporter all-currency loans/deposits liability shares
2007-09-30,AT,AT: Austria,0.505928,75.751312,132.32731,0.0066788018140200665,0.8837878780723958,BIS-implied reporter USD allocation: global 5A USD liabilities to UAE allocated by reporter all-currency loans/deposits liability shares
2007-09-30,GG,GG: Guernsey,0.038329999999999996,75.751312,132.32731,0.0005059978367107357,0.06695733259775091,BIS-implied reporter USD allocation: global 5A USD liabilities to UAE allocated by reporter all-currency loans/deposits liability shares
2007-09-30,SE,SE: Sweden,0.529009,75.751312,132.32731,0.006983496206639958,0.9241072674198699,BIS-implied reporter USD allocation: global 5A USD liabilities to UAE allocated by reporter all-currency loans/deposits liability shares
2007-09-30,GB,GB: United Kingdom,34.710135,75.751312,132.32731,0.458211667673822,60.633917393890826,BIS-implied reporter USD allocation: global 5A USD liabilities to UAE allocated by reporter all-currency loans/deposits liability shares
2007-09-30,AU,AU: Australia,1.47736,75.751312,132.32731,0.01950276451977492,2.580748366465257,BIS-implied reporter USD allocation: global 5A USD liabilities to UAE allocated by reporter all-currency loans/deposits liability shares
2007-09-30,KR,KR: Korea,1.5428950000000001,75.751312,132.32731,0.020367898050399447,2.6952291593636035,BIS-implied reporter USD allocation: global 5A USD liabilities to UAE allocated by reporter all-currency loans/deposits liability shares
2007-09-30,FR,FR: France,2.006662,75.751312,132.32731,0.026490128646220676,3.505367465308324,BIS-implied reporter USD allocation: global 5A USD liabilities to UAE allocated by reporter all-currency loans/deposits liability shares
2007-09-30,BE,BE: Belgium,2.698586,75.751312,132.32731,0.035624280672524856,4.7140652320802054,BIS-implied reporter USD allocation: global 5A USD liabilities to UAE allocated by reporter all-currency loans/deposits liability shares
2007-09-30,IE,IE: Ireland,2.7898199999999997,75.751312,132.32731,0.03682866905328319,4.8734387067012115,BIS-implied reporter USD allocation: global 5A USD liabilities to UAE allocated by reporter all-currency loans/deposits liability shares
2007-09-30,JE,JE: Jersey,3.6900630000000003,75.751312,132.32731,0.04871285925714396,6.446041627906459,BIS-implied reporter USD allocation: global 5A USD liabilities to UAE allocated by reporter all-currency loans/deposits liability shares
2007-09-30,CH,CH: Switzerland,24.31477,75.751312,132.32731,0.3209815032642603,42.47461888671579,BIS-implied reporter USD allocation: global 5A USD liabilities to UAE allocated by reporter all-currency loans/deposits liability shares
2007-09-30,LU,LU: Luxembourg,1.283931,75.751312,132.32731,0.016949290594465215,2.242854030773883,BIS-implied reporter USD allocation: global 5A USD liabilities to UAE allocated by reporter all-currency loans/deposits liability shares
2007-12-31,KR,KR: Korea,-0.835528,102.928193,229.84622000000002,-0.008117581545417786,-1.8657954337560365,BIS-implied reporter USD allocation: global 5A USD liabilities to UAE allocated by reporter all-currency loans/deposits liability shares
2007-12-31,FI,FI: Finland,-0.088816,102.928193,229.84622000000002,-0.0008628928324817673,-0.19833265581102744,BIS-implied reporter USD allocation: global 5A USD liabilities to UAE allocated by reporter all-currency loans/deposits liability shares
2007-12-31,GG,GG: Guernsey,0.025143999999999993,102.928193,229.84622000000002,0.00024428681070889875,0.056148400037295904,BIS-implied reporter USD allocation: global 5A USD liabilities to UAE allocated by reporter all-currency loans/deposits liability shares
2007-12-31,SE,SE: Sweden,0.05419400000000002,102.928193,229.84622000000002,0.0005265224077138906,0.12101918515833661,BIS-implied reporter USD allocation: global 5A USD liabilities to UAE allocated by reporter all-currency loans/deposits liability shares
2007-12-31,AT,AT: Austria,0.16859400000000002,102.928193,229.84622000000002,0.0016379768757817407,0.37648279334584267,BIS-implied reporter USD allocation: global 5A USD liabilities to UAE allocated by reporter all-currency loans/deposits liability shares
2007-12-31,CA,CA: Canada,0.189751,102.928193,229.84622000000002,0.0018435279437967011,0.42372792934604425,BIS-implied reporter USD allocation: global 5A USD liabilities to UAE allocated by reporter all-currency loans/deposits liability shares
2007-12-31,BR,BR: Brazil,0.229816,102.928193,229.84622000000002,0.0022327798953975615,0.5131960190491249,BIS-implied reporter USD allocation: global 5A USD liabilities to UAE allocated by reporter all-currency loans/deposits liability shares
2007-12-31,TW,TW: Chinese Taipei,0.234558,102.928193,229.84622000000002,0.0022788508489603038,0.5237852535773168,BIS-implied reporter USD allocation: global 5A USD liabilities to UAE allocated by reporter all-currency loans/deposits liability shares
2007-12-31,BE,BE: Belgium,1.027032,102.928193,229.84622000000002,0.00997814078014563,2.293437940944324,BIS-implied reporter USD allocation: global 5A USD liabilities to UAE allocated by reporter all-currency loans/deposits liability shares
2007-12-31,DK,DK: Denmark,1.048494,102.928193,229.84622000000002,0.010186655079041367,2.3413641643614596,BIS-implied reporter USD allocation: global 5A USD liabilities to UAE allocated by reporter all-currency loans/deposits liability shares
2007-12-31,IE,IE: Ireland,1.585686,102.928193,229.84622000000002,0.015405749909551021,3.5409533829756445,BIS-implied reporter USD allocation: global 5A USD liabilities to UAE allocated by reporter all-currency loans/deposits liability shares
2007-12-31,LU,LU: Luxembourg,1.7465229999999998,102.928193,229.84622000000002,0.016968363565850225,3.9001142251963956,BIS-implied reporter USD allocation: global 5A USD liabilities to UAE allocated by reporter all-currency loans/deposits liability shares
2007-12-31,AU,AU: Australia,1.876613,102.928193,229.84622000000002,0.018232254402834023,4.190614756569758,BIS-implied reporter USD allocation: global 5A USD liabilities to UAE allocated by reporter all-currency loans/deposits liability shares
2007-12-31,JE,JE: Jersey,3.253645,102.928193,229.84622000000002,0.03161082406255787,7.265628421863971,BIS-implied reporter USD allocation: global 5A USD liabilities to UAE allocated by reporter all-currency loans/deposits liability shares
2007-12-31,FR,FR: France,4.7002939999999995,102.928193,229.84622000000002,0.04566575845745198,10.496101964878369,BIS-implied reporter USD allocation: global 5A USD liabilities to UAE allocated by reporter all-currency loans/deposits liability shares
2007-12-31,CH,CH: Switzerland,30.17685,102.928193,229.84622000000002,0.29318352067057085,67.38712399242257,BIS-implied reporter USD allocation: global 5A USD liabilities to UAE allocated by reporter all-currency loans/deposits liability shares
2007-12-31,GB,GB: United Kingdom,57.53534299999999,102.928193,229.84622000000002,0.5589852626675375,128.48064965984062,BIS-implied reporter USD allocation: global 5A USD liabilities to UAE allocated by reporter all-currency loans/deposits liability shares
2008-03-31,FR,FR: France,-0.5622699999999999,84.898121,160.88572,-0.006622879203651632,-1.0655266891525195,BIS-implied reporter USD allocation: global 5A USD liabilities to UAE allocated by reporter all-currency loans/deposits liability shares
2008-03-31,SE,SE: Sweden,0.102687,84.898121,160.88572,0.001209532069620245,0.19459643788394324,BIS-implied reporter USD allocation: global 5A USD liabilities to UAE allocated by reporter all-currency loans/deposits liability shares
2008-03-31,GG,GG: Guernsey,0.096232,84.898121,160.88572,0.0011334997626154765,0.18236392542822,BIS-implied reporter USD allocation: global 5A USD liabilities to UAE allocated by reporter all-currency loans/deposits liability shares
2008-03-31,KR,KR: Korea,-0.188228,84.898121,160.88572,-0.002217104428023796,-0.35670044221779657,BIS-implied reporter USD allocation: global 5A USD liabilities to UAE allocated by reporter all-currency loans/deposits liability shares
2008-03-31,CL,CL: Chile,0.002,84.898121,160.88572,2.3557647406589833e-05,0.003790089064515338,BIS-implied reporter USD allocation: global 5A USD liabilities to UAE allocated by reporter all-currency loans/deposits liability shares
2008-03-31,FI,FI: Finland,-0.04113800000000001,84.898121,160.88572,-0.00048455724950614636,-0.077958341968016,BIS-implied reporter USD allocation: global 5A USD liabilities to UAE allocated by reporter all-currency loans/deposits liability shares
2008-03-31,CA,CA: Canada,0.203796,84.898121,160.88572,0.002400477155436691,0.38620249549598396,BIS-implied reporter USD allocation: global 5A USD liabilities to UAE allocated by reporter all-currency loans/deposits liability shares
2008-03-31,TW,TW: Chinese Taipei,0.0035540000000000016,84.898121,160.88572,4.186193944151016e-05,0.0067349882676437595,BIS-implied reporter USD allocation: global 5A USD liabilities to UAE allocated by reporter all-currency loans/deposits liability shares
2008-03-31,BR,BR: Brazil,0.347502,84.898121,160.88572,0.00409316479454239,0.6585317650486044,BIS-implied reporter USD allocation: global 5A USD liabilities to UAE allocated by reporter all-currency loans/deposits liability shares
2008-03-31,LU,LU: Luxembourg,0.824573,84.898121,160.88572,0.009712499997497,1.5626025550973028,BIS-implied reporter USD allocation: global 5A USD liabilities to UAE allocated by reporter all-currency loans/deposits liability shares
2008-03-31,AT,AT: Austria,0.806487,84.898121,160.88572,0.009499468191999207,1.5283287796868905,BIS-implied reporter USD allocation: global 5A USD liabilities to UAE allocated by reporter all-currency loans/deposits liability shares
2008-03-31,IE,IE: Ireland,1.430831,84.898121,160.88572,0.016853506098209167,2.7114884631347724,BIS-implied reporter USD allocation: global 5A USD liabilities to UAE allocated by reporter all-currency loans/deposits liability shares
2008-03-31,JE,JE: Jersey,3.53765,84.898121,160.88572,0.04166935567396127,6.704004289541343,BIS-implied reporter USD allocation: global 5A USD liabilities to UAE allocated by reporter all-currency loans/deposits liability shares
2008-03-31,BE,BE: Belgium,3.811353,84.898121,160.88572,0.04489325505802419,7.222683663153863,BIS-implied reporter USD allocation: global 5A USD liabilities to UAE allocated by reporter all-currency loans/deposits liability shares
2008-03-31,AU,AU: Australia,4.993143,84.898121,160.88572,0.05881335112234109,9.462228340930654,BIS-implied reporter USD allocation: global 5A USD liabilities to UAE allocated by reporter all-currency loans/deposits liability shares
2008-03-31,CH,CH: Switzerland,29.297931,84.898121,160.88572,0.34509516412029895,55.52088394801246,BIS-implied reporter USD allocation: global 5A USD liabilities to UAE allocated by reporter all-currency loans/deposits liability shares
2008-03-31,GB,GB: United Kingdom,39.645816,84.898121,160.88572,0.4669810772372689,75.13058683769361,BIS-implied reporter USD allocation: global 5A USD liabilities to UAE allocated by reporter all-currency loans/deposits liability shares
2008-03-31,DK,DK: Denmark,0.586202,84.898121,160.88572,0.006904770012518887,1.1108788948985102,BIS-implied reporter USD allocation: global 5A USD liabilities to UAE allocated by reporter all-currency loans/deposits liability shares
2008-06-30,AU,AU: Australia,-1.9337419999999998,51.428437,108.79929,-0.037600637172776605,-4.090922627945702,BIS-implied reporter USD allocation: global 5A USD liabilities to UAE allocated by reporter all-currency loans/deposits liability shares
2008-06-30,BR,BR: Brazil,-0.16742,51.428437,108.79929,-0.003255397398135977,-0.3541849255850416,BIS-implied reporter USD allocation: global 5A USD liabilities to UAE allocated by reporter all-currency loans/deposits liability shares
2008-06-30,FI,FI: Finland,-0.013867999999999998,51.428437,108.79929,-0.0002696562604070584,-0.029338409676343064,BIS-implied reporter USD allocation: global 5A USD liabilities to UAE allocated by reporter all-currency loans/deposits liability shares
2008-06-30,GG,GG: Guernsey,0.03826399999999999,51.428437,108.79929,0.0007440241670187253,0.08094930111447872,BIS-implied reporter USD allocation: global 5A USD liabilities to UAE allocated by reporter all-currency loans/deposits liability shares
2008-06-30,SE,SE: Sweden,0.136774,51.428437,108.79929,0.0026595013960855935,0.2893518636481213,BIS-implied reporter USD allocation: global 5A USD liabilities to UAE allocated by reporter all-currency loans/deposits liability shares
2008-06-30,CA,CA: Canada,0.188183,51.428437,108.79929,0.0036591234534310265,0.39811003375564374,BIS-implied reporter USD allocation: global 5A USD liabilities to UAE allocated by reporter all-currency loans/deposits liability shares
2008-06-30,DK,DK: Denmark,0.85632,51.428437,108.79929,0.016650710189773023,1.81158544664307,BIS-implied reporter USD allocation: global 5A USD liabilities to UAE allocated by reporter all-currency loans/deposits liability shares
2008-06-30,LU,LU: Luxembourg,0.898975,51.428437,108.79929,0.017480115135523173,1.901824115863175,BIS-implied reporter USD allocation: global 5A USD liabilities to UAE allocated by reporter all-currency loans/deposits liability shares
2008-06-30,AT,AT: Austria,2.146499,51.428437,108.79929,0.04173758965297739,4.541020120555287,BIS-implied reporter USD allocation: global 5A USD liabilities to UAE allocated by reporter all-currency loans/deposits liability shares
2008-06-30,IE,IE: Ireland,1.317236,51.428437,108.79929,0.02561298917173003,2.786675036661915,BIS-implied reporter USD allocation: global 5A USD liabilities to UAE allocated by reporter all-currency loans/deposits liability shares
2008-06-30,BE,BE: Belgium,1.7492799999999997,51.428437,108.79929,0.034013866686245973,3.7006845456182145,BIS-implied reporter USD allocation: global 5A USD liabilities to UAE allocated by reporter all-currency loans/deposits liability shares
2008-06-30,KR,KR: Korea,2.380008,51.428437,108.79929,0.04627805429902526,5.035019450315396,BIS-implied reporter USD allocation: global 5A USD liabilities to UAE allocated by reporter all-currency loans/deposits liability shares
2008-06-30,JE,JE: Jersey,3.637898,51.428437,108.79929,0.07073709045445033,7.696145218109973,BIS-implied reporter USD allocation: global 5A USD liabilities to UAE allocated by reporter all-currency loans/deposits liability shares
2008-06-30,FR,FR: France,5.577653,51.428437,108.79929,0.1084546473772866,11.799788631849145,BIS-implied reporter USD allocation: global 5A USD liabilities to UAE allocated by reporter all-currency loans/deposits liability shares
2008-06-30,GB,GB: United Kingdom,11.002528999999997,51.428437,108.79929,0.21393862310067865,23.276370296931436,BIS-implied reporter USD allocation: global 5A USD liabilities to UAE allocated by reporter all-currency loans/deposits liability shares
2008-06-30,CH,CH: Switzerland,22.555388,51.428437,108.79929,0.4385781352834036,47.716989728358264,BIS-implied reporter USD allocation: global 5A USD liabilities to UAE allocated by reporter all-currency loans/deposits liability shares
2008-06-30,TW,TW: Chinese Taipei,1.0584600000000002,51.428437,108.79929,0.02058122046369016,2.2392221737829603,BIS-implied reporter USD allocation: global 5A USD liabilities to UAE allocated by reporter all-currency loans/deposits liability shares
2008-09-30,AU,AU: Australia,-0.0013360000000000039,63.653276,102.26910000000001,-2.0988707635409118e-05,-0.0021464962400364186,BIS-implied reporter USD allocation: global 5A USD liabilities to UAE allocated by reporter all-currency loans/deposits liability shares
2008-09-30,GG,GG: Guernsey,-0.0008420000000000007,63.653276,102.26910000000001,-1.3227913045669492e-05,-0.001352806762058878,BIS-implied reporter USD allocation: global 5A USD liabilities to UAE allocated by reporter all-currency loans/deposits liability shares
2008-09-30,AT,AT: Austria,-0.15893699999999988,63.653276,102.26910000000001,-0.002496917833419915,-0.25535753959780466,BIS-implied reporter USD allocation: global 5A USD liabilities to UAE allocated by reporter all-currency loans/deposits liability shares
2008-09-30,FI,FI: Finland,0.011430000000000001,63.653276,102.26910000000001,0.00017956656307838736,0.018364110796119906,BIS-implied reporter USD allocation: global 5A USD liabilities to UAE allocated by reporter all-currency loans/deposits liability shares
2008-09-30,TW,TW: Chinese Taipei,-0.417254,63.653276,102.26910000000001,-0.006555106448880966,-0.6703848369312525,BIS-implied reporter USD allocation: global 5A USD liabilities to UAE allocated by reporter all-currency loans/deposits liability shares
2008-09-30,KR,KR: Korea,-1.188747,63.653276,102.26910000000001,-0.018675346733135936,-1.9099109025857526,BIS-implied reporter USD allocation: global 5A USD liabilities to UAE allocated by reporter all-currency loans/deposits liability shares
2008-09-30,BR,BR: Brazil,-0.163012,63.653276,102.26910000000001,-0.0025609365337300157,-0.26190467446168836,BIS-implied reporter USD allocation: global 5A USD liabilities to UAE allocated by reporter all-currency loans/deposits liability shares
2008-09-30,CA,CA: Canada,0.133592,63.653276,102.26910000000001,0.002098745082656861,0.2146367707327428,BIS-implied reporter USD allocation: global 5A USD liabilities to UAE allocated by reporter all-currency loans/deposits liability shares
2008-09-30,LU,LU: Luxembourg,2.270175,63.653276,102.26910000000001,0.03566470011692721,3.647396782728041,BIS-implied reporter USD allocation: global 5A USD liabilities to UAE allocated by reporter all-currency loans/deposits liability shares
2008-09-30,DK,DK: Denmark,0.673285,63.653276,102.26910000000001,0.010577381751726338,1.0817393121054761,BIS-implied reporter USD allocation: global 5A USD liabilities to UAE allocated by reporter all-currency loans/deposits liability shares
2008-09-30,IE,IE: Ireland,0.9845700000000001,63.653276,102.26910000000001,0.01546770350044513,1.5818681160573733,BIS-implied reporter USD allocation: global 5A USD liabilities to UAE allocated by reporter all-currency loans/deposits liability shares
2008-09-30,BE,BE: Belgium,1.1366770000000002,63.653276,102.26910000000001,0.017857321279112173,1.826252175625651,BIS-implied reporter USD allocation: global 5A USD liabilities to UAE allocated by reporter all-currency loans/deposits liability shares
2008-09-30,SE,SE: Sweden,0.172377,63.653276,102.26910000000001,0.0027080617186144513,0.2769510347071532,BIS-implied reporter USD allocation: global 5A USD liabilities to UAE allocated by reporter all-currency loans/deposits liability shares
2008-09-30,FR,FR: France,2.390618,63.653276,102.26910000000001,0.03755687295654665,3.8409075960803656,BIS-implied reporter USD allocation: global 5A USD liabilities to UAE allocated by reporter all-currency loans/deposits liability shares
2008-09-30,JE,JE: Jersey,3.598493,63.653276,102.26910000000001,0.056532722683432665,5.781550669384244,BIS-implied reporter USD allocation: global 5A USD liabilities to UAE allocated by reporter all-currency loans/deposits liability shares
2008-09-30,CH,CH: Switzerland,21.689915,63.653276,102.26910000000001,0.3407509615058933,34.84829415734235,BIS-implied reporter USD allocation: global 5A USD liabilities to UAE allocated by reporter all-currency loans/deposits liability shares
2008-09-30,GB,GB: United Kingdom,32.522272,63.653276,102.26910000000001,0.5109284870114148,52.25219653101909,BIS-implied reporter USD allocation: global 5A USD liabilities to UAE allocated by reporter all-currency loans/deposits liability shares
2008-12-31,TW,TW: Chinese Taipei,-0.166198,66.90787600000002,119.84675999999999,-0.002483982603184115,-0.29769726688798187,BIS-implied reporter USD allocation: global 5A USD liabilities to UAE allocated by reporter all-currency loans/deposits liability shares
2008-12-31,BR,BR: Brazil,-0.16270400000000002,66.90787600000002,119.84675999999999,-0.002431761546278946,-0.2914387424141217,BIS-implied reporter USD allocation: global 5A USD liabilities to UAE allocated by reporter all-currency loans/deposits liability shares
2008-12-31,AU,AU: Australia,-0.100832,66.90787600000002,119.84675999999999,-0.0015070273640131692,-0.18061234680831892,BIS-implied reporter USD allocation: global 5A USD liabilities to UAE allocated by reporter all-currency loans/deposits liability shares
2008-12-31,GG,GG: Guernsey,-0.045212,66.90787600000002,119.84675999999999,-0.0006757350958204083,-0.08098466185236547,BIS-implied reporter USD allocation: global 5A USD liabilities to UAE allocated by reporter all-currency loans/deposits liability shares
2008-12-31,IE,IE: Ireland,0.002428999999999959,66.90787600000002,119.84675999999999,3.630364831787454e-05,0.004350874627076713,BIS-implied reporter USD allocation: global 5A USD liabilities to UAE allocated by reporter all-currency loans/deposits liability shares
2008-12-31,FI,FI: Finland,0.020541999999999998,66.90787600000002,119.84675999999999,0.0003070191616903217,0.03679525178650117,BIS-implied reporter USD allocation: global 5A USD liabilities to UAE allocated by reporter all-currency loans/deposits liability shares
2008-12-31,SE,SE: Sweden,0.10458100000000001,66.90787600000002,119.84675999999999,0.001563059631425155,0.187327632513099,BIS-implied reporter USD allocation: global 5A USD liabilities to UAE allocated by reporter all-currency loans/deposits liability shares
2008-12-31,KR,KR: Korea,0.187249,66.90787600000002,119.84675999999999,0.002798609239964514,0.33540424991580947,BIS-implied reporter USD allocation: global 5A USD liabilities to UAE allocated by reporter all-currency loans/deposits liability shares
2008-12-31,LU,LU: Luxembourg,0.314177,66.90787600000002,119.84675999999999,0.004695665425098832,0.5627602872421177,BIS-implied reporter USD allocation: global 5A USD liabilities to UAE allocated by reporter all-currency loans/deposits liability shares
2008-12-31,DK,DK: Denmark,0.718497,66.90787600000002,119.84675999999999,0.010738601237319205,1.2869865652246977,BIS-implied reporter USD allocation: global 5A USD liabilities to UAE allocated by reporter all-currency loans/deposits liability shares
2008-12-31,AT,AT: Austria,1.0946310000000001,66.90787600000002,119.84675999999999,0.016360271248186085,1.960725501816258,BIS-implied reporter USD allocation: global 5A USD liabilities to UAE allocated by reporter all-currency loans/deposits liability shares
2008-12-31,FR,FR: France,1.7230750000000001,66.90787600000002,119.84675999999999,0.025752947231503804,3.0864072861467005,BIS-implied reporter USD allocation: global 5A USD liabilities to UAE allocated by reporter all-currency loans/deposits liability shares
2008-12-31,JE,JE: Jersey,2.352884,66.90787600000002,119.84675999999999,0.03516602440047566,4.21453408647795,BIS-implied reporter USD allocation: global 5A USD liabilities to UAE allocated by reporter all-currency loans/deposits liability shares
2008-12-31,BE,BE: Belgium,3.515764,66.90787600000002,119.84675999999999,0.05254633998544505,6.297508597114036,BIS-implied reporter USD allocation: global 5A USD liabilities to UAE allocated by reporter all-currency loans/deposits liability shares
2008-12-31,CH,CH: Switzerland,16.683381,66.90787600000002,119.84675999999999,0.24934853708403473,29.88361428026141,BIS-implied reporter USD allocation: global 5A USD liabilities to UAE allocated by reporter all-currency loans/deposits liability shares
2008-12-31,GB,GB: United Kingdom,40.665612,66.90787600000002,119.84675999999999,0.6077851283158352,72.8410784048371,BIS-implied reporter USD allocation: global 5A USD liabilities to UAE allocated by reporter all-currency loans/deposits liability shares
2009-03-31,DK,DK: Denmark,-0.259866,54.449627,108.3116,-0.004772594677278506,-0.5169273656475186,BIS-implied reporter USD allocation: global 5A USD liabilities to UAE allocated by reporter all-currency loans/deposits liability shares
2009-03-31,GG,GG: Guernsey,-0.22084600000000001,54.449627,108.3116,-0.00405596901517801,-0.4393084935843546,BIS-implied reporter USD allocation: global 5A USD liabilities to UAE allocated by reporter all-currency loans/deposits liability shares
2009-03-31,BR,BR: Brazil,-0.178666,54.449627,108.3116,-0.003281308061118582,-0.3554037261926514,BIS-implied reporter USD allocation: global 5A USD liabilities to UAE allocated by reporter all-currency loans/deposits liability shares
2009-03-31,FI,FI: Finland,-0.038848,54.449627,108.3116,-0.000713466779120452,-0.07727672839338275,BIS-implied reporter USD allocation: global 5A USD liabilities to UAE allocated by reporter all-currency loans/deposits liability shares
2009-03-31,TW,TW: Chinese Taipei,-0.0157,54.449627,108.3116,-0.0002883398999225467,-0.03123055590445091,BIS-implied reporter USD allocation: global 5A USD liabilities to UAE allocated by reporter all-currency loans/deposits liability shares
2009-03-31,AU,AU: Australia,0.071102,54.449627,108.3116,0.0013058308002734343,0.1414366233068961,BIS-implied reporter USD allocation: global 5A USD liabilities to UAE allocated by reporter all-currency loans/deposits liability shares
2009-03-31,CA,CA: Canada,0.11083799999999999,54.449627,108.3116,0.0020356062310582955,0.22047976785589368,BIS-implied reporter USD allocation: global 5A USD liabilities to UAE allocated by reporter all-currency loans/deposits liability shares
2009-03-31,SE,SE: Sweden,0.187575,54.449627,108.3116,0.0034449271801255863,0.37312557476289043,BIS-implied reporter USD allocation: global 5A USD liabilities to UAE allocated by reporter all-currency loans/deposits liability shares
2009-03-31,BE,BE: Belgium,0.22004800000000008,54.449627,108.3116,0.004041313267398509,0.43772110609316034,BIS-implied reporter USD allocation: global 5A USD liabilities to UAE allocated by reporter all-currency loans/deposits liability shares
2009-03-31,AT,AT: Austria,0.564038,54.449627,108.3116,0.010358895571497672,1.1219885535818273,BIS-implied reporter USD allocation: global 5A USD liabilities to UAE allocated by reporter all-currency loans/deposits liability shares
2009-03-31,KR,KR: Korea,0.67076,54.449627,108.3116,0.012318908998219585,1.3342807438515605,BIS-implied reporter USD allocation: global 5A USD liabilities to UAE allocated by reporter all-currency loans/deposits liability shares
2009-03-31,IE,IE: Ireland,0.772259,54.449627,108.3116,0.014182998902820768,1.536183303962762,BIS-implied reporter USD allocation: global 5A USD liabilities to UAE allocated by reporter all-currency loans/deposits liability shares
2009-03-31,LU,LU: Luxembourg,1.588163,54.449627,108.3116,0.02916756436182749,3.1591855641325144,BIS-implied reporter USD allocation: global 5A USD liabilities to UAE allocated by reporter all-currency loans/deposits liability shares
2009-03-31,FR,FR: France,2.016919,54.449627,108.3116,0.03704192500712632,4.012070164601862,BIS-implied reporter USD allocation: global 5A USD liabilities to UAE allocated by reporter all-currency loans/deposits liability shares
2009-03-31,JE,JE: Jersey,2.680364,54.449627,108.3116,0.04922648965070046,5.331799856450807,BIS-implied reporter USD allocation: global 5A USD liabilities to UAE allocated by reporter all-currency loans/deposits liability shares
2009-03-31,CH,CH: Switzerland,19.781963,54.449627,108.3116,0.3633075943752563,39.35042683893501,BIS-implied reporter USD allocation: global 5A USD liabilities to UAE allocated by reporter all-currency loans/deposits liability shares
2009-03-31,GB,GB: United Kingdom,26.499523999999997,54.449627,108.3116,0.4866796240863137,52.71304877218718,BIS-implied reporter USD allocation: global 5A USD liabilities to UAE allocated by reporter all-currency loans/deposits liability shares
2009-06-30,GG,GG: Guernsey,-0.18988,63.162664,121.3682,-0.0030062063246730692,-0.364857850454186,BIS-implied reporter USD allocation: global 5A USD liabilities to UAE allocated by reporter all-currency loans/deposits liability shares
2009-06-30,BR,BR: Brazil,-0.025596000000000004,63.162664,121.3682,-0.0004052393990221819,-0.049183176428403974,BIS-implied reporter USD allocation: global 5A USD liabilities to UAE allocated by reporter all-currency loans/deposits liability shares
2009-06-30,TW,TW: Chinese Taipei,-0.015040000000000005,63.162664,121.3682,-0.00023811535244935213,-0.02889963171914346,BIS-implied reporter USD allocation: global 5A USD liabilities to UAE allocated by reporter all-currency loans/deposits liability shares
2009-06-30,FI,FI: Finland,0.02444,63.162664,121.3682,0.00038693744773019706,0.0469619015436081,BIS-implied reporter USD allocation: global 5A USD liabilities to UAE allocated by reporter all-currency loans/deposits liability shares
2009-06-30,DK,DK: Denmark,0.10810900000000001,63.162664,121.3682,0.0017115965849698804,0.20773339664394144,BIS-implied reporter USD allocation: global 5A USD liabilities to UAE allocated by reporter all-currency loans/deposits liability shares
2009-06-30,IE,IE: Ireland,0.17465799999999998,63.162664,121.3682,0.0027652095231448753,0.33560850244695184,BIS-implied reporter USD allocation: global 5A USD liabilities to UAE allocated by reporter all-currency loans/deposits liability shares
2009-06-30,CA,CA: Canada,0.3651759999999999,63.162664,121.3682,0.005781516751731686,0.7016922814275216,BIS-implied reporter USD allocation: global 5A USD liabilities to UAE allocated by reporter all-currency loans/deposits liability shares
2009-06-30,SE,SE: Sweden,0.587534,63.162664,121.3682,0.009301919247737872,1.1289571956432995,BIS-implied reporter USD allocation: global 5A USD liabilities to UAE allocated by reporter all-currency loans/deposits liability shares
2009-06-30,KR,KR: Korea,0.624327,63.162664,121.3682,0.009884431093660013,1.1996556098615472,BIS-implied reporter USD allocation: global 5A USD liabilities to UAE allocated by reporter all-currency loans/deposits liability shares
2009-06-30,AU,AU: Australia,0.8793880000000001,63.162664,121.3682,0.013922591992003379,1.6897599294038645,BIS-implied reporter USD allocation: global 5A USD liabilities to UAE allocated by reporter all-currency loans/deposits liability shares
2009-06-30,AT,AT: Austria,1.62625,63.162664,121.3682,0.02574701409047598,3.1248687555357066,BIS-implied reporter USD allocation: global 5A USD liabilities to UAE allocated by reporter all-currency loans/deposits liability shares
2009-06-30,LU,LU: Luxembourg,1.7796979999999998,63.162664,121.3682,0.028176423970971202,3.419721859793627,BIS-implied reporter USD allocation: global 5A USD liabilities to UAE allocated by reporter all-currency loans/deposits liability shares
2009-06-30,BE,BE: Belgium,2.817239,63.162664,121.3682,0.0446029160517992,5.413375635957976,BIS-implied reporter USD allocation: global 5A USD liabilities to UAE allocated by reporter all-currency loans/deposits liability shares
2009-06-30,JE,JE: Jersey,3.1286430000000003,63.162664,121.3682,0.049533107089973286,6.011744047917296,BIS-implied reporter USD allocation: global 5A USD liabilities to UAE allocated by reporter all-currency loans/deposits liability shares
2009-06-30,FR,FR: France,3.2267069999999998,63.162664,121.3682,0.051085669850784,6.200175795583923,BIS-implied reporter USD allocation: global 5A USD liabilities to UAE allocated by reporter all-currency loans/deposits liability shares
2009-06-30,CH,CH: Switzerland,17.369255000000003,63.162664,121.3682,0.27499243857098876,33.37533728297148,BIS-implied reporter USD allocation: global 5A USD liabilities to UAE allocated by reporter all-currency loans/deposits liability shares
2009-06-30,GB,GB: United Kingdom,30.681756,63.162664,121.3682,0.48575778881017434,58.955548463871004,BIS-implied reporter USD allocation: global 5A USD liabilities to UAE allocated by reporter all-currency loans/deposits liability shares
2009-09-30,TW,TW: Chinese Taipei,-0.011144999999999999,56.234708999999995,117.29842,-0.00019818720854410395,-0.023247046426433892,BIS-implied reporter USD allocation: global 5A USD liabilities to UAE allocated by reporter all-currency loans/deposits liability shares
2009-09-30,FI,FI: Finland,-0.0021,56.234708999999995,117.29842,-3.734348478623763e-05,-0.0043803317627197115,BIS-implied reporter USD allocation: global 5A USD liabilities to UAE allocated by reporter all-currency loans/deposits liability shares
2009-09-30,ZA,ZA: South Africa,0.01,56.234708999999995,117.29842,0.000177826118029703,0.020858722679617674,BIS-implied reporter USD allocation: global 5A USD liabilities to UAE allocated by reporter all-currency loans/deposits liability shares
2009-09-30,SE,SE: Sweden,0.136667,56.234708999999995,117.29842,0.002430296207276542,0.2850699052455309,BIS-implied reporter USD allocation: global 5A USD liabilities to UAE allocated by reporter all-currency loans/deposits liability shares
2009-09-30,BR,BR: Brazil,0.16403,56.234708999999995,117.29842,0.002916881814041218,0.3421456281137687,BIS-implied reporter USD allocation: global 5A USD liabilities to UAE allocated by reporter all-currency loans/deposits liability shares
2009-09-30,IE,IE: Ireland,0.32013,56.234708999999995,117.29842,0.005692747516484882,0.6677502891426006,BIS-implied reporter USD allocation: global 5A USD liabilities to UAE allocated by reporter all-currency loans/deposits liability shares
2009-09-30,KR,KR: Korea,0.39207699999999995,56.234708999999995,117.29842,0.006972153087873185,0.8178225412056458,BIS-implied reporter USD allocation: global 5A USD liabilities to UAE allocated by reporter all-currency loans/deposits liability shares
2009-09-30,LU,LU: Luxembourg,0.751032,56.234708999999995,117.29842,0.01335531050760839,1.566556821151862,BIS-implied reporter USD allocation: global 5A USD liabilities to UAE allocated by reporter all-currency loans/deposits liability shares
2009-09-30,CA,CA: Canada,0.360147,56.234708999999995,117.29842,0.006404354293004344,0.7512206396896266,BIS-implied reporter USD allocation: global 5A USD liabilities to UAE allocated by reporter all-currency loans/deposits liability shares
2009-09-30,DK,DK: Denmark,1.004088,56.234708999999995,117.29842,0.01785530712002084,2.094399313793195,BIS-implied reporter USD allocation: global 5A USD liabilities to UAE allocated by reporter all-currency loans/deposits liability shares
2009-09-30,GB,GB: United Kingdom,30.981284,56.234708999999995,117.29842,0.5509281465295749,64.62300112144761,BIS-implied reporter USD allocation: global 5A USD liabilities to UAE allocated by reporter all-currency loans/deposits liability shares
2009-09-30,CH,CH: Switzerland,12.661249,56.234708999999995,117.29842,0.22515007590774588,26.409748166858655,BIS-implied reporter USD allocation: global 5A USD liabilities to UAE allocated by reporter all-currency loans/deposits liability shares
2009-09-30,FR,FR: France,2.8658799999999998,56.234708999999995,117.29842,0.050962831513896516,5.977859615306269,BIS-implied reporter USD allocation: global 5A USD liabilities to UAE allocated by reporter all-currency loans/deposits liability shares
2009-09-30,AT,AT: Austria,0.793593,56.234708999999995,117.29842,0.014112156248554608,1.6553336307485826,BIS-implied reporter USD allocation: global 5A USD liabilities to UAE allocated by reporter all-currency loans/deposits liability shares
2009-09-30,AU,AU: Australia,1.698773,56.234708999999995,117.29842,0.030208620800367264,3.5434234902622155,BIS-implied reporter USD allocation: global 5A USD liabilities to UAE allocated by reporter all-currency loans/deposits liability shares
2009-09-30,BE,BE: Belgium,1.553867,56.234708999999995,117.29842,0.02763181365444605,3.2411680834009475,BIS-implied reporter USD allocation: global 5A USD liabilities to UAE allocated by reporter all-currency loans/deposits liability shares
2009-09-30,JE,JE: Jersey,2.5551369999999998,56.234708999999995,117.29842,0.04543700937440612,5.329689409143025,BIS-implied reporter USD allocation: global 5A USD liabilities to UAE allocated by reporter all-currency loans/deposits liability shares
2009-12-31,BR,BR: Brazil,-0.0545459999999998,67.865393,126.47669,-0.0008037380701530721,-0.10165413073994835,BIS-implied reporter USD allocation: global 5A USD liabilities to UAE allocated by reporter all-currency loans/deposits liability shares
2009-12-31,TW,TW: Chinese Taipei,-0.035042000000000004,67.865393,126.47669,-0.000516345643205809,-0.06530568784859171,BIS-implied reporter USD allocation: global 5A USD liabilities to UAE allocated by reporter all-currency loans/deposits liability shares
2009-12-31,FI,FI: Finland,-0.003594,67.865393,126.47669,-5.295777186466746e-05,-0.006697923695218268,BIS-implied reporter USD allocation: global 5A USD liabilities to UAE allocated by reporter all-currency loans/deposits liability shares
2009-12-31,ZA,ZA: South Africa,0.011935999999999999,67.865393,126.47669,0.00017587756398905696,0.022244412138599123,BIS-implied reporter USD allocation: global 5A USD liabilities to UAE allocated by reporter all-currency loans/deposits liability shares
2009-12-31,GG,GG: Guernsey,0.10420399999999999,67.865393,126.47669,0.0015354512129621056,0.19419878707193222,BIS-implied reporter USD allocation: global 5A USD liabilities to UAE allocated by reporter all-currency loans/deposits liability shares
2009-12-31,DK,DK: Denmark,0.177164,67.865393,126.47669,0.0026105205049059394,0.33016999263763197,BIS-implied reporter USD allocation: global 5A USD liabilities to UAE allocated by reporter all-currency loans/deposits liability shares
2009-12-31,IE,IE: Ireland,0.48263399999999995,67.865393,126.47669,0.007111636412390627,0.8994562339226415,BIS-implied reporter USD allocation: global 5A USD liabilities to UAE allocated by reporter all-currency loans/deposits liability shares
2009-12-31,SE,SE: Sweden,0.6609780000000001,67.865393,126.47669,0.009739544277007283,1.2318253222643243,BIS-implied reporter USD allocation: global 5A USD liabilities to UAE allocated by reporter all-currency loans/deposits liability shares
2009-12-31,CA,CA: Canada,0.211395,67.865393,126.47669,0.0031149160220732826,0.39396426809979573,BIS-implied reporter USD allocation: global 5A USD liabilities to UAE allocated by reporter all-currency loans/deposits liability shares
2009-12-31,AU,AU: Australia,1.3728259999999999,67.865393,126.47669,0.02022866057815358,2.558454033058351,BIS-implied reporter USD allocation: global 5A USD liabilities to UAE allocated by reporter all-currency loans/deposits liability shares
2009-12-31,GB,GB: United Kingdom,36.76914,67.865393,126.47669,0.5417951385030659,68.52445577595934,BIS-implied reporter USD allocation: global 5A USD liabilities to UAE allocated by reporter all-currency loans/deposits liability shares
2009-12-31,CH,CH: Switzerland,18.007563,67.865393,126.47669,0.26534235202911155,33.559622401456814,BIS-implied reporter USD allocation: global 5A USD liabilities to UAE allocated by reporter all-currency loans/deposits liability shares
2009-12-31,JE,JE: Jersey,2.722887,67.865393,126.47669,0.0401218777293458,5.074482291792373,BIS-implied reporter USD allocation: global 5A USD liabilities to UAE allocated by reporter all-currency loans/deposits liability shares
2009-12-31,LU,LU: Luxembourg,1.126502,67.865393,126.47669,0.016599063973592548,2.099394668478233,BIS-implied reporter USD allocation: global 5A USD liabilities to UAE allocated by reporter all-currency loans/deposits liability shares
2009-12-31,KR,KR: Korea,1.69186,67.865393,126.47669,0.02492964271200787,3.153018693097379,BIS-implied reporter USD allocation: global 5A USD liabilities to UAE allocated by reporter all-currency loans/deposits liability shares
2009-12-31,AT,AT: Austria,1.4914209999999999,67.865393,126.47669,0.02197616390433339,2.7794724695175637,BIS-implied reporter USD allocation: global 5A USD liabilities to UAE allocated by reporter all-currency loans/deposits liability shares
2009-12-31,BE,BE: Belgium,1.38915,67.865393,126.47669,0.020469195544185536,2.5888760993913356,BIS-implied reporter USD allocation: global 5A USD liabilities to UAE allocated by reporter all-currency loans/deposits liability shares
2009-12-31,FR,FR: France,1.738915,67.865393,126.47669,0.025623000518099116,3.2407122933974613,BIS-implied reporter USD allocation: global 5A USD liabilities to UAE allocated by reporter all-currency loans/deposits liability shares
2010-03-31,DK,DK: Denmark,0.354149,58.915124,100.86417,0.006011172954503159,0.606311970782409,BIS-implied reporter USD allocation: global 5A USD liabilities to UAE allocated by reporter all-currency loans/deposits liability shares
2010-03-31,IE,IE: Ireland,-0.107705,58.915124,100.86417,-0.0018281383910861326,-0.18439366146203817,BIS-implied reporter USD allocation: global 5A USD liabilities to UAE allocated by reporter all-currency loans/deposits liability shares
2010-03-31,BR,BR: Brazil,-0.048016,58.915124,100.86417,-0.0008150029523828212,-0.08220459633964278,BIS-implied reporter USD allocation: global 5A USD liabilities to UAE allocated by reporter all-currency loans/deposits liability shares
2010-03-31,ZA,ZA: South Africa,0.010905,58.915124,100.86417,0.0001850967843163667,0.018669633519739343,BIS-implied reporter USD allocation: global 5A USD liabilities to UAE allocated by reporter all-currency loans/deposits liability shares
2010-03-31,GG,GG: Guernsey,0.025984,58.915124,100.86417,0.00044104125113952067,0.044485259731949306,BIS-implied reporter USD allocation: global 5A USD liabilities to UAE allocated by reporter all-currency loans/deposits liability shares
2010-03-31,KR,KR: Korea,0.034692999999999974,58.915124,100.86417,0.0005888640750378455,0.05939528617151001,BIS-implied reporter USD allocation: global 5A USD liabilities to UAE allocated by reporter all-currency loans/deposits liability shares
2010-03-31,SE,SE: Sweden,0.304401,58.915124,100.86417,0.005166771778329788,0.5211421470006581,BIS-implied reporter USD allocation: global 5A USD liabilities to UAE allocated by reporter all-currency loans/deposits liability shares
2010-03-31,TW,TW: Chinese Taipei,-0.11934199999999999,58.915124,100.86417,-0.00202565982887518,-0.20431649734183704,BIS-implied reporter USD allocation: global 5A USD liabilities to UAE allocated by reporter all-currency loans/deposits liability shares
2010-03-31,CA,CA: Canada,0.356983,58.915124,100.86417,0.006059276052784002,0.6111638498649345,BIS-implied reporter USD allocation: global 5A USD liabilities to UAE allocated by reporter all-currency loans/deposits liability shares
2010-03-31,AT,AT: Austria,0.9137660000000001,58.915124,100.86417,0.015509871455078327,1.5643903111231678,BIS-implied reporter USD allocation: global 5A USD liabilities to UAE allocated by reporter all-currency loans/deposits liability shares
2010-03-31,GB,GB: United Kingdom,26.824367,58.915124,100.86417,0.45530527950683763,45.92398911407519,BIS-implied reporter USD allocation: global 5A USD liabilities to UAE allocated by reporter all-currency loans/deposits liability shares
2010-03-31,CH,CH: Switzerland,17.230152,58.915124,100.86417,0.2924571965595795,29.498452391508845,BIS-implied reporter USD allocation: global 5A USD liabilities to UAE allocated by reporter all-currency loans/deposits liability shares
2010-03-31,FR,FR: France,3.211333,58.915124,100.86417,0.05450778648959476,5.49788264281019,BIS-implied reporter USD allocation: global 5A USD liabilities to UAE allocated by reporter all-currency loans/deposits liability shares
2010-03-31,LU,LU: Luxembourg,0.7410320000000001,58.915124,100.86417,0.01257795875979146,1.268665370600595,BIS-implied reporter USD allocation: global 5A USD liabilities to UAE allocated by reporter all-currency loans/deposits liability shares
2010-03-31,FI,FI: Finland,3.0008589999999997,58.915124,100.86417,0.050935291250511494,5.137545875691104,BIS-implied reporter USD allocation: global 5A USD liabilities to UAE allocated by reporter all-currency loans/deposits liability shares
2010-03-31,AU,AU: Australia,2.024274,58.915124,100.86417,0.03435915708163493,3.4656078609387295,BIS-implied reporter USD allocation: global 5A USD liabilities to UAE allocated by reporter all-currency loans/deposits liability shares
2010-03-31,BE,BE: Belgium,1.096414,58.915124,100.86417,0.01861006012649655,1.8770882683091696,BIS-implied reporter USD allocation: global 5A USD liabilities to UAE allocated by reporter all-currency loans/deposits liability shares
2010-03-31,JE,JE: Jersey,3.0608750000000002,58.915124,100.86417,0.05195397704670876,5.24029477301533,BIS-implied reporter USD allocation: global 5A USD liabilities to UAE allocated by reporter all-currency loans/deposits liability shares
2010-06-30,CA,CA: Canada,0.222368,46.859325,84.63667000000001,0.004745437540980371,0.40163803116156716,BIS-implied reporter USD allocation: global 5A USD liabilities to UAE allocated by reporter all-currency loans/deposits liability shares
2010-06-30,SE,SE: Sweden,-0.276019,46.859325,84.63667000000001,-0.005890375074758333,-0.4985417313785464,BIS-implied reporter USD allocation: global 5A USD liabilities to UAE allocated by reporter all-currency loans/deposits liability shares
2010-06-30,TW,TW: Chinese Taipei,-0.0032839999999999987,46.859325,84.63667000000001,-7.00821021216161e-05,-0.005931515750173523,BIS-implied reporter USD allocation: global 5A USD liabilities to UAE allocated by reporter all-currency loans/deposits liability shares
2010-06-30,ZA,ZA: South Africa,0.005411000000000001,46.859325,84.63667000000001,0.00011547328093181028,0.00977327397204292,BIS-implied reporter USD allocation: global 5A USD liabilities to UAE allocated by reporter all-currency loans/deposits liability shares
2010-06-30,FI,FI: Finland,0.016425,46.859325,84.63667000000001,0.0003505172129560125,0.029666609682277755,BIS-implied reporter USD allocation: global 5A USD liabilities to UAE allocated by reporter all-currency loans/deposits liability shares
2010-06-30,GG,GG: Guernsey,0.034376,46.859325,84.63667000000001,0.0007335999825008149,0.062089459630927255,BIS-implied reporter USD allocation: global 5A USD liabilities to UAE allocated by reporter all-currency loans/deposits liability shares
2010-06-30,BR,BR: Brazil,0.07926799999999999,46.859325,84.63667000000001,0.0016916163431718232,0.14317277420364036,BIS-implied reporter USD allocation: global 5A USD liabilities to UAE allocated by reporter all-currency loans/deposits liability shares
2010-06-30,DK,DK: Denmark,0.132793,46.859325,84.63667000000001,0.002833864977781904,0.23984889494908435,BIS-implied reporter USD allocation: global 5A USD liabilities to UAE allocated by reporter all-currency loans/deposits liability shares
2010-06-30,AU,AU: Australia,-0.5004730000000001,46.859325,84.63667000000001,-0.010680328835295858,-0.90394746712442,BIS-implied reporter USD allocation: global 5A USD liabilities to UAE allocated by reporter all-currency loans/deposits liability shares
2010-06-30,KR,KR: Korea,0.306955,46.859325,84.63667000000001,0.0065505638418820586,0.554417910199304,BIS-implied reporter USD allocation: global 5A USD liabilities to UAE allocated by reporter all-currency loans/deposits liability shares
2010-06-30,LU,LU: Luxembourg,1.037457,46.859325,84.63667000000001,0.022139819555659416,1.873840601591893,BIS-implied reporter USD allocation: global 5A USD liabilities to UAE allocated by reporter all-currency loans/deposits liability shares
2010-06-30,AT,AT: Austria,1.282994,46.859325,84.63667000000001,0.02737969443648623,2.317326162721721,BIS-implied reporter USD allocation: global 5A USD liabilities to UAE allocated by reporter all-currency loans/deposits liability shares
2010-06-30,IM,IM: Isle of Man,1.557416,46.859325,84.63667000000001,0.03323598878131514,2.812983414607872,BIS-implied reporter USD allocation: global 5A USD liabilities to UAE allocated by reporter all-currency loans/deposits liability shares
2010-06-30,BE,BE: Belgium,1.562964,46.859325,84.63667000000001,0.03335438570658028,2.8230041361005522,BIS-implied reporter USD allocation: global 5A USD liabilities to UAE allocated by reporter all-currency loans/deposits liability shares
2010-06-30,FR,FR: France,2.21541,46.859325,84.63667000000001,0.04727788972632448,4.001443151063316,BIS-implied reporter USD allocation: global 5A USD liabilities to UAE allocated by reporter all-currency loans/deposits liability shares
2010-06-30,JE,JE: Jersey,2.74247,46.859325,84.63667000000001,0.05852559762651297,4.953411692867962,BIS-implied reporter USD allocation: global 5A USD liabilities to UAE allocated by reporter all-currency loans/deposits liability shares
2010-06-30,CH,CH: Switzerland,14.72838,46.859325,84.63667000000001,0.3143105454463973,26.602197912466735,BIS-implied reporter USD allocation: global 5A USD liabilities to UAE allocated by reporter all-currency loans/deposits liability shares
2010-06-30,GB,GB: United Kingdom,21.477001999999995,46.859325,84.63667000000001,0.4583293079872575,38.79146639144588,BIS-implied reporter USD allocation: global 5A USD liabilities to UAE allocated by reporter all-currency loans/deposits liability shares
2010-06-30,IE,IE: Ireland,0.237412,46.859325,84.63667000000001,0.005066483565437616,0.428810297588367,BIS-implied reporter USD allocation: global 5A USD liabilities to UAE allocated by reporter all-currency loans/deposits liability shares
2010-09-30,SE,SE: Sweden,0.287547,57.074043999999994,115.23353,0.005038139578825009,0.580562608300719,BIS-implied reporter USD allocation: global 5A USD liabilities to UAE allocated by reporter all-currency loans/deposits liability shares
2010-09-30,TW,TW: Chinese Taipei,0.150218,57.074043999999994,115.23353,0.0026319845147121518,0.3032928665356182,BIS-implied reporter USD allocation: global 5A USD liabilities to UAE allocated by reporter all-currency loans/deposits liability shares
2010-09-30,AU,AU: Australia,0.093045,57.074043999999994,115.23353,0.0016302506967966037,0.18785954257683235,BIS-implied reporter USD allocation: global 5A USD liabilities to UAE allocated by reporter all-currency loans/deposits liability shares
2010-09-30,CA,CA: Canada,0.33634000000000003,57.074043999999994,115.23353,0.005893046583487234,0.6790765602696737,BIS-implied reporter USD allocation: global 5A USD liabilities to UAE allocated by reporter all-currency loans/deposits liability shares
2010-09-30,FI,FI: Finland,0.065503,57.074043999999994,115.23353,0.001147684576197194,0.13225174504175666,BIS-implied reporter USD allocation: global 5A USD liabilities to UAE allocated by reporter all-currency loans/deposits liability shares
2010-09-30,BR,BR: Brazil,-0.055133999999999996,57.074043999999994,115.23353,-0.0009660082961704974,-0.11131654597701189,BIS-implied reporter USD allocation: global 5A USD liabilities to UAE allocated by reporter all-currency loans/deposits liability shares
2010-09-30,IE,IE: Ireland,0.08764300000000001,57.074043999999994,115.23353,0.0015356017176564537,0.17695280659961649,BIS-implied reporter USD allocation: global 5A USD liabilities to UAE allocated by reporter all-currency loans/deposits liability shares
2010-09-30,DK,DK: Denmark,0.664606,57.074043999999994,115.23353,0.011644627810147816,1.3418515680995027,BIS-implied reporter USD allocation: global 5A USD liabilities to UAE allocated by reporter all-currency loans/deposits liability shares
2010-09-30,ZA,ZA: South Africa,0.097024,57.074043999999994,115.23353,0.001699967151442782,0.19589321574479637,BIS-implied reporter USD allocation: global 5A USD liabilities to UAE allocated by reporter all-currency loans/deposits liability shares
2010-09-30,IM,IM: Isle of Man,0.9658180000000001,57.074043999999994,115.23353,0.016922193212732573,1.9500040592452155,BIS-implied reporter USD allocation: global 5A USD liabilities to UAE allocated by reporter all-currency loans/deposits liability shares
2010-09-30,GB,GB: United Kingdom,23.683007999999997,57.074043999999994,115.23353,0.41495233805405485,47.816422695722075,BIS-implied reporter USD allocation: global 5A USD liabilities to UAE allocated by reporter all-currency loans/deposits liability shares
2010-09-30,CH,CH: Switzerland,19.280753,57.074043999999994,115.23353,0.33781999046712025,38.92819000609261,BIS-implied reporter USD allocation: global 5A USD liabilities to UAE allocated by reporter all-currency loans/deposits liability shares
2010-09-30,FR,FR: France,2.7775309999999998,57.074043999999994,115.23353,0.04866539683082559,5.607885465666845,BIS-implied reporter USD allocation: global 5A USD liabilities to UAE allocated by reporter all-currency loans/deposits liability shares
2010-09-30,JE,JE: Jersey,2.5326500000000003,57.074043999999994,115.23353,0.044374812480433325,5.113466285208388,BIS-implied reporter USD allocation: global 5A USD liabilities to UAE allocated by reporter all-currency loans/deposits liability shares
2010-09-30,LU,LU: Luxembourg,0.764824,57.074043999999994,115.23353,0.013400557353181422,1.544193527774552,BIS-implied reporter USD allocation: global 5A USD liabilities to UAE allocated by reporter all-currency loans/deposits liability shares
2010-09-30,KR,KR: Korea,2.338288,57.074043999999994,115.23353,0.04096937655232561,4.72104588202371,BIS-implied reporter USD allocation: global 5A USD liabilities to UAE allocated by reporter all-currency loans/deposits liability shares
2010-09-30,BE,BE: Belgium,1.617216,57.074043999999994,115.23353,0.02833540234156178,3.26518843578843,BIS-implied reporter USD allocation: global 5A USD liabilities to UAE allocated by reporter all-currency loans/deposits liability shares
2010-09-30,AT,AT: Austria,1.387164,57.074043999999994,115.23353,0.024304638374669934,2.800709275286679,BIS-implied reporter USD allocation: global 5A USD liabilities to UAE allocated by reporter all-currency loans/deposits liability shares
2010-12-31,IE,IE: Ireland,-0.183745,53.628645,100.42716,-0.0034262472975030416,-0.34408828554590554,BIS-implied reporter USD allocation: global 5A USD liabilities to UAE allocated by reporter all-currency loans/deposits liability shares
2010-12-31,SE,SE: Sweden,-0.18269400000000013,53.628645,100.42716,-0.003406649562001802,-0.3421201406270849,BIS-implied reporter USD allocation: global 5A USD liabilities to UAE allocated by reporter all-currency loans/deposits liability shares
2010-12-31,BR,BR: Brazil,-0.006798,53.628645,100.42716,-0.00012676061459318988,-0.012730208523448616,BIS-implied reporter USD allocation: global 5A USD liabilities to UAE allocated by reporter all-currency loans/deposits liability shares
2010-12-31,ZA,ZA: South Africa,0.003947,53.628645,100.42716,7.359872694900273e-05,0.007391311127103809,BIS-implied reporter USD allocation: global 5A USD liabilities to UAE allocated by reporter all-currency loans/deposits liability shares
2010-12-31,FI,FI: Finland,0.009688,53.628645,100.42716,0.00018064972553380755,0.018142138890139776,BIS-implied reporter USD allocation: global 5A USD liabilities to UAE allocated by reporter all-currency loans/deposits liability shares
2010-12-31,GG,GG: Guernsey,0.012106,53.628645,100.42716,0.00022573756991249735,0.022670183051613557,BIS-implied reporter USD allocation: global 5A USD liabilities to UAE allocated by reporter all-currency loans/deposits liability shares
2010-12-31,DK,DK: Denmark,0.264827,53.628645,100.42716,0.004938163177533201,0.49592570353623516,BIS-implied reporter USD allocation: global 5A USD liabilities to UAE allocated by reporter all-currency loans/deposits liability shares
2010-12-31,CA,CA: Canada,0.350543,53.628645,100.42716,0.006536488102580253,0.6564409365159235,BIS-implied reporter USD allocation: global 5A USD liabilities to UAE allocated by reporter all-currency loans/deposits liability shares
2010-12-31,TW,TW: Chinese Taipei,0.68937,53.628645,100.42716,0.012854510868212316,1.2909420196836972,BIS-implied reporter USD allocation: global 5A USD liabilities to UAE allocated by reporter all-currency loans/deposits liability shares
2010-12-31,AU,AU: Australia,0.26201399999999997,53.628645,100.42716,0.004885709866434253,0.49065796646997134,BIS-implied reporter USD allocation: global 5A USD liabilities to UAE allocated by reporter all-currency loans/deposits liability shares
2010-12-31,AT,AT: Austria,0.859582,53.628645,100.42716,0.01602841168185398,1.6096878645194186,BIS-implied reporter USD allocation: global 5A USD liabilities to UAE allocated by reporter all-currency loans/deposits liability shares
2010-12-31,BE,BE: Belgium,0.693694,53.628645,100.42716,0.012935139420360146,1.2990393161908156,BIS-implied reporter USD allocation: global 5A USD liabilities to UAE allocated by reporter all-currency loans/deposits liability shares
2010-12-31,CH,CH: Switzerland,15.716576,53.628645,100.42716,0.2930630822389788,29.431493050107083,BIS-implied reporter USD allocation: global 5A USD liabilities to UAE allocated by reporter all-currency loans/deposits liability shares
2010-12-31,JE,JE: Jersey,2.823091,53.628645,100.42716,0.0526414754652108,5.286633879180799,BIS-implied reporter USD allocation: global 5A USD liabilities to UAE allocated by reporter all-currency loans/deposits liability shares
2010-12-31,KR,KR: Korea,2.3540669999999997,53.628645,100.42716,0.04389570163482594,4.408320651392926,BIS-implied reporter USD allocation: global 5A USD liabilities to UAE allocated by reporter all-currency loans/deposits liability shares
2010-12-31,GB,GB: United Kingdom,25.799457,53.628645,100.42716,0.4810760555296521,48.313102000845255,BIS-implied reporter USD allocation: global 5A USD liabilities to UAE allocated by reporter all-currency loans/deposits liability shares
2010-12-31,LU,LU: Luxembourg,1.12717,53.628645,100.42716,0.02101805853942422,2.1107839278281224,BIS-implied reporter USD allocation: global 5A USD liabilities to UAE allocated by reporter all-currency loans/deposits liability shares
2010-12-31,IM,IM: Isle of Man,0.987347,53.628645,100.42716,0.018410813847711423,1.8489457480143308,BIS-implied reporter USD allocation: global 5A USD liabilities to UAE allocated by reporter all-currency loans/deposits liability shares
2010-12-31,FR,FR: France,2.048403,53.628645,100.42716,0.038196061078925266,3.8359219373430005,BIS-implied reporter USD allocation: global 5A USD liabilities to UAE allocated by reporter all-currency loans/deposits liability shares
2011-03-31,SE,SE: Sweden,0.718573,80.165585,157.060338,0.008963609508993168,1.407827539182481,BIS-implied reporter USD allocation: global 5A USD liabilities to UAE allocated by reporter all-currency loans/deposits liability shares
2011-03-31,IE,IE: Ireland,-0.147831,80.165585,157.060338,-0.0018440706195807092,-0.2896303548072156,BIS-implied reporter USD allocation: global 5A USD liabilities to UAE allocated by reporter all-currency loans/deposits liability shares
2011-03-31,FI,FI: Finland,-0.061264,80.165585,157.060338,-0.0007642182115929174,-0.12002837061853913,BIS-implied reporter USD allocation: global 5A USD liabilities to UAE allocated by reporter all-currency loans/deposits liability shares
2011-03-31,GG,GG: Guernsey,0.00978,80.165585,157.060338,0.0001219974880742154,0.01916096671208724,BIS-implied reporter USD allocation: global 5A USD liabilities to UAE allocated by reporter all-currency loans/deposits liability shares
2011-03-31,ZA,ZA: South Africa,0.01903,80.165585,157.060338,0.00023738366033254795,0.03728355792750717,BIS-implied reporter USD allocation: global 5A USD liabilities to UAE allocated by reporter all-currency loans/deposits liability shares
2011-03-31,CA,CA: Canada,0.019412999999999986,80.165585,157.060338,0.000242161271573082,0.03803393116377805,BIS-implied reporter USD allocation: global 5A USD liabilities to UAE allocated by reporter all-currency loans/deposits liability shares
2011-03-31,BR,BR: Brazil,0.08316599999999999,80.165585,157.060338,0.0010374277191390795,0.1629387482185529,BIS-implied reporter USD allocation: global 5A USD liabilities to UAE allocated by reporter all-currency loans/deposits liability shares
2011-03-31,AU,AU: Australia,0.14215699999999998,80.165585,157.060338,0.0017732921178084085,0.2785138593957245,BIS-implied reporter USD allocation: global 5A USD liabilities to UAE allocated by reporter all-currency loans/deposits liability shares
2011-03-31,LU,LU: Luxembourg,1.103575,80.165585,157.060338,0.013766194059458309,2.162123091952114,BIS-implied reporter USD allocation: global 5A USD liabilities to UAE allocated by reporter all-currency loans/deposits liability shares
2011-03-31,TW,TW: Chinese Taipei,0.26012,80.165585,157.060338,0.0032447839057121587,0.5096268569681118,BIS-implied reporter USD allocation: global 5A USD liabilities to UAE allocated by reporter all-currency loans/deposits liability shares
2011-03-31,IM,IM: Isle of Man,1.207029,80.165585,157.060338,0.015056697958357068,2.364810070503471,BIS-implied reporter USD allocation: global 5A USD liabilities to UAE allocated by reporter all-currency loans/deposits liability shares
2011-03-31,GB,GB: United Kingdom,41.676187,80.165585,157.060338,0.5198762910543222,81.65194599117822,BIS-implied reporter USD allocation: global 5A USD liabilities to UAE allocated by reporter all-currency loans/deposits liability shares
2011-03-31,CH,CH: Switzerland,18.719973,80.165585,157.060338,0.23351632748641454,36.67615332353496,BIS-implied reporter USD allocation: global 5A USD liabilities to UAE allocated by reporter all-currency loans/deposits liability shares
2011-03-31,KR,KR: Korea,4.406852,80.165585,157.060338,0.0549718685393489,8.633900253281704,BIS-implied reporter USD allocation: global 5A USD liabilities to UAE allocated by reporter all-currency loans/deposits liability shares
2011-03-31,FR,FR: France,3.7740410000000004,80.165585,157.060338,0.04707806972281186,7.394097543052397,BIS-implied reporter USD allocation: global 5A USD liabilities to UAE allocated by reporter all-currency loans/deposits liability shares
2011-03-31,DK,DK: Denmark,1.130463,80.165585,157.060338,0.014101599832396908,2.2148020360170015,BIS-implied reporter USD allocation: global 5A USD liabilities to UAE allocated by reporter all-currency loans/deposits liability shares
2011-03-31,BE,BE: Belgium,2.7094400000000003,80.165585,157.060338,0.03379804438525585,5.308332274887285,BIS-implied reporter USD allocation: global 5A USD liabilities to UAE allocated by reporter all-currency loans/deposits liability shares
2011-03-31,AT,AT: Austria,1.293035,80.165585,157.060338,0.016129552350924652,2.5333129440249205,BIS-implied reporter USD allocation: global 5A USD liabilities to UAE allocated by reporter all-currency loans/deposits liability shares
2011-03-31,JE,JE: Jersey,3.101846,80.165585,157.060338,0.03869298777025079,6.077133737425456,BIS-implied reporter USD allocation: global 5A USD liabilities to UAE allocated by reporter all-currency loans/deposits liability shares
2011-06-30,IE,IE: Ireland,-0.042968000000000006,70.27081299999999,137.47697599999998,-0.0006114629696969638,-0.0840620800099182,BIS-implied reporter USD allocation: global 5A USD liabilities to UAE allocated by reporter all-currency loans/deposits liability shares
2011-06-30,GG,GG: Guernsey,0.008032000000000001,70.27081299999999,137.47697599999998,0.00011430065566482064,0.015713708495616808,BIS-implied reporter USD allocation: global 5A USD liabilities to UAE allocated by reporter all-currency loans/deposits liability shares
2011-06-30,FI,FI: Finland,0.033651,70.27081299999999,137.47697599999998,0.00047887591680489033,0.06583441292156389,BIS-implied reporter USD allocation: global 5A USD liabilities to UAE allocated by reporter all-currency loans/deposits liability shares
2011-06-30,CA,CA: Canada,0.120806,70.27081299999999,137.47697599999998,0.0017191490299108966,0.23634340992548358,BIS-implied reporter USD allocation: global 5A USD liabilities to UAE allocated by reporter all-currency loans/deposits liability shares
2011-06-30,ZA,ZA: South Africa,0.146632,70.27081299999999,137.47697599999998,0.002086670037530376,0.2868690866694826,BIS-implied reporter USD allocation: global 5A USD liabilities to UAE allocated by reporter all-currency loans/deposits liability shares
2011-06-30,DK,DK: Denmark,0.241788,70.27081299999999,137.47697599999998,0.0034408026558622575,0.47303114414071173,BIS-implied reporter USD allocation: global 5A USD liabilities to UAE allocated by reporter all-currency loans/deposits liability shares
2011-06-30,TW,TW: Chinese Taipei,0.599368,70.27081299999999,137.47697599999998,0.008529401815800823,1.1725963687252061,BIS-implied reporter USD allocation: global 5A USD liabilities to UAE allocated by reporter all-currency loans/deposits liability shares
2011-06-30,KR,KR: Korea,0.6102699999999999,70.27081299999999,137.47697599999998,0.008684544463716394,1.1939249108092713,BIS-implied reporter USD allocation: global 5A USD liabilities to UAE allocated by reporter all-currency loans/deposits liability shares
2011-06-30,FR,FR: France,0.3864969999999999,70.27081299999999,137.47697599999998,0.005500107135518697,0.7561380966671325,BIS-implied reporter USD allocation: global 5A USD liabilities to UAE allocated by reporter all-currency loans/deposits liability shares
2011-06-30,IM,IM: Isle of Man,1.299938,70.27081299999999,137.47697599999998,0.018498974816187203,2.543183116829572,BIS-implied reporter USD allocation: global 5A USD liabilities to UAE allocated by reporter all-currency loans/deposits liability shares
2011-06-30,GB,GB: United Kingdom,33.175107,70.27081299999999,137.47697599999998,0.4721036456487276,64.90338156236261,BIS-implied reporter USD allocation: global 5A USD liabilities to UAE allocated by reporter all-currency loans/deposits liability shares
2011-06-30,CH,CH: Switzerland,19.30831,70.27081299999999,137.47697599999998,0.2747699816707685,37.774546175672675,BIS-implied reporter USD allocation: global 5A USD liabilities to UAE allocated by reporter all-currency loans/deposits liability shares
2011-06-30,JE,JE: Jersey,3.896505,70.27081299999999,137.47697599999998,0.05544983519686901,7.623075662563915,BIS-implied reporter USD allocation: global 5A USD liabilities to UAE allocated by reporter all-currency loans/deposits liability shares
2011-06-30,SE,SE: Sweden,1.09923,70.27081299999999,137.47697599999998,0.0156427676452242,2.1505203921360634,BIS-implied reporter USD allocation: global 5A USD liabilities to UAE allocated by reporter all-currency loans/deposits liability shares
2011-06-30,LU,LU: Luxembourg,2.566198,70.27081299999999,137.47697599999998,0.03651868948776785,5.020478998261312,BIS-implied reporter USD allocation: global 5A USD liabilities to UAE allocated by reporter all-currency loans/deposits liability shares
2011-06-30,BE,BE: Belgium,1.7419380000000002,70.27081299999999,137.47697599999998,0.024788926235989335,3.407906617210876,BIS-implied reporter USD allocation: global 5A USD liabilities to UAE allocated by reporter all-currency loans/deposits liability shares
2011-06-30,AT,AT: Austria,1.3879549999999998,70.27081299999999,137.47697599999998,0.01975151475762775,2.7153785202980356,BIS-implied reporter USD allocation: global 5A USD liabilities to UAE allocated by reporter all-currency loans/deposits liability shares
2011-06-30,AU,AU: Australia,3.6915560000000003,70.27081299999999,137.47697599999998,0.05253327579972642,7.222115896320369,BIS-implied reporter USD allocation: global 5A USD liabilities to UAE allocated by reporter all-currency loans/deposits liability shares
2011-09-30,ZA,ZA: South Africa,0.362987,51.242799,71.14516,0.0070836684779845855,0.5039687272531699,BIS-implied reporter USD allocation: global 5A USD liabilities to UAE allocated by reporter all-currency loans/deposits liability shares
2011-09-30,FI,FI: Finland,-0.202163,51.242799,71.14516,-0.0039451982316578765,-0.2806817594230167,BIS-implied reporter USD allocation: global 5A USD liabilities to UAE allocated by reporter all-currency loans/deposits liability shares
2011-09-30,IE,IE: Ireland,-0.03733500000000001,51.242799,71.14516,-0.0007285901771290832,-0.051835664726276966,BIS-implied reporter USD allocation: global 5A USD liabilities to UAE allocated by reporter all-currency loans/deposits liability shares
2011-09-30,BR,BR: Brazil,0.004272,51.242799,71.14516,8.336781134847845e-05,0.005931216277237315,BIS-implied reporter USD allocation: global 5A USD liabilities to UAE allocated by reporter all-currency loans/deposits liability shares
2011-09-30,KR,KR: Korea,0.140235,51.242799,71.14516,0.0027366772060987534,0.19470133769624878,BIS-implied reporter USD allocation: global 5A USD liabilities to UAE allocated by reporter all-currency loans/deposits liability shares
2011-09-30,TW,TW: Chinese Taipei,0.198824,51.242799,71.14516,0.0038800378566362075,0.2760459141164401,BIS-implied reporter USD allocation: global 5A USD liabilities to UAE allocated by reporter all-currency loans/deposits liability shares
2011-09-30,AT,AT: Austria,0.21832799999999997,51.242799,71.14516,0.004260657190096114,0.3031251374945385,BIS-implied reporter USD allocation: global 5A USD liabilities to UAE allocated by reporter all-currency loans/deposits liability shares
2011-09-30,AU,AU: Australia,-0.9790840000000001,51.242799,71.14516,-0.01910676268874384,-1.3593536885727107,BIS-implied reporter USD allocation: global 5A USD liabilities to UAE allocated by reporter all-currency loans/deposits liability shares
2011-09-30,CA,CA: Canada,0.37784,51.242799,71.14516,0.007373523838930032,0.5245905332844913,BIS-implied reporter USD allocation: global 5A USD liabilities to UAE allocated by reporter all-currency loans/deposits liability shares
2011-09-30,BE,BE: Belgium,0.9843179999999998,51.242799,71.14516,0.019208903869595412,1.3666205392269848,BIS-implied reporter USD allocation: global 5A USD liabilities to UAE allocated by reporter all-currency loans/deposits liability shares
2011-09-30,CH,CH: Switzerland,23.355545,51.242799,71.14516,0.45578199192436775,32.42668274057785,BIS-implied reporter USD allocation: global 5A USD liabilities to UAE allocated by reporter all-currency loans/deposits liability shares
2011-09-30,GB,GB: United Kingdom,16.380525,51.242799,71.14516,0.31966491525960555,22.74261154253108,BIS-implied reporter USD allocation: global 5A USD liabilities to UAE allocated by reporter all-currency loans/deposits liability shares
2011-09-30,JE,JE: Jersey,3.428369,51.242799,71.14516,0.06690440543655705,4.759924629488721,BIS-implied reporter USD allocation: global 5A USD liabilities to UAE allocated by reporter all-currency loans/deposits liability shares
2011-09-30,DK,DK: Denmark,0.5093030000000001,51.242799,71.14516,0.009939016016669973,0.7071128847485479,BIS-implied reporter USD allocation: global 5A USD liabilities to UAE allocated by reporter all-currency loans/deposits liability shares
2011-09-30,FR,FR: France,1.9451209999999999,51.242799,71.14516,0.03795891399296904,2.7005930094560213,BIS-implied reporter USD allocation: global 5A USD liabilities to UAE allocated by reporter all-currency loans/deposits liability shares
2011-09-30,LU,LU: Luxembourg,1.2131450000000001,51.242799,71.14516,0.023674448384445202,1.6843224182230956,BIS-implied reporter USD allocation: global 5A USD liabilities to UAE allocated by reporter all-currency loans/deposits liability shares
2011-09-30,SE,SE: Sweden,1.035698,51.242799,71.14516,0.02021158133848231,1.4379561881793383,BIS-implied reporter USD allocation: global 5A USD liabilities to UAE allocated by reporter all-currency loans/deposits liability shares
2011-09-30,IM,IM: Isle of Man,2.306871,51.242799,71.14516,0.04501844249374434,3.2028442941682402,BIS-implied reporter USD allocation: global 5A USD liabilities to UAE allocated by reporter all-currency loans/deposits liability shares
2011-12-31,AT,AT: Austria,0.361149,62.988979,98.45193,0.00573352681268258,0.5644767804153485,BIS-implied reporter USD allocation: global 5A USD liabilities to UAE allocated by reporter all-currency loans/deposits liability shares
2011-12-31,LU,LU: Luxembourg,-0.07512699999999994,62.988979,98.45193,-0.0011927007103893514,-0.1174236868502027,BIS-implied reporter USD allocation: global 5A USD liabilities to UAE allocated by reporter all-currency loans/deposits liability shares
2011-12-31,FI,FI: Finland,0.06126,62.988979,98.45193,0.0009725510870719147,0.09574953154582805,BIS-implied reporter USD allocation: global 5A USD liabilities to UAE allocated by reporter all-currency loans/deposits liability shares
2011-12-31,IE,IE: Ireland,0.063417,62.988979,98.45193,0.0010067951728507936,0.09912092788184423,BIS-implied reporter USD allocation: global 5A USD liabilities to UAE allocated by reporter all-currency loans/deposits liability shares
2011-12-31,TW,TW: Chinese Taipei,0.11099,62.988979,98.45193,0.001762054279368459,0.17347764456858397,BIS-implied reporter USD allocation: global 5A USD liabilities to UAE allocated by reporter all-currency loans/deposits liability shares
2011-12-31,CA,CA: Canada,0.12065599999999999,62.988979,98.45193,0.0019155096957516962,0.1885856264804673,BIS-implied reporter USD allocation: global 5A USD liabilities to UAE allocated by reporter all-currency loans/deposits liability shares
2011-12-31,AU,AU: Australia,0.156742,62.988979,98.45193,0.0024884035665985313,0.24498813375050896,BIS-implied reporter USD allocation: global 5A USD liabilities to UAE allocated by reporter all-currency loans/deposits liability shares
2011-12-31,KR,KR: Korea,0.43794299999999997,62.988979,98.45193,0.006952692470217686,0.6845059923893987,BIS-implied reporter USD allocation: global 5A USD liabilities to UAE allocated by reporter all-currency loans/deposits liability shares
2011-12-31,BE,BE: Belgium,1.301138,62.988979,98.45193,0.020656597720055122,2.0336819127730266,BIS-implied reporter USD allocation: global 5A USD liabilities to UAE allocated by reporter all-currency loans/deposits liability shares
2011-12-31,IM,IM: Isle of Man,1.62649,62.988979,98.45193,0.0258218187661051,2.542207893633266,BIS-implied reporter USD allocation: global 5A USD liabilities to UAE allocated by reporter all-currency loans/deposits liability shares
2011-12-31,SE,SE: Sweden,1.6280499999999998,62.988979,98.45193,0.025846585003386064,2.5446461774924147,BIS-implied reporter USD allocation: global 5A USD liabilities to UAE allocated by reporter all-currency loans/deposits liability shares
2011-12-31,ZA,ZA: South Africa,1.8087309999999999,62.988979,98.45193,0.028715039181695576,2.82705102746355,BIS-implied reporter USD allocation: global 5A USD liabilities to UAE allocated by reporter all-currency loans/deposits liability shares
2011-12-31,JE,JE: Jersey,2.8637439999999996,62.988979,98.45193,0.04546420731791826,4.476038956369177,BIS-implied reporter USD allocation: global 5A USD liabilities to UAE allocated by reporter all-currency loans/deposits liability shares
2011-12-31,FR,FR: France,2.884185,62.988979,98.45193,0.04578872440526461,4.507988289936403,BIS-implied reporter USD allocation: global 5A USD liabilities to UAE allocated by reporter all-currency loans/deposits liability shares
2011-12-31,CH,CH: Switzerland,20.8732,62.988979,98.45193,0.3313786051366224,32.62486323640839,BIS-implied reporter USD allocation: global 5A USD liabilities to UAE allocated by reporter all-currency loans/deposits liability shares
2011-12-31,GB,GB: United Kingdom,28.147413,62.988979,98.45193,0.44686250589964316,43.99447615045626,BIS-implied reporter USD allocation: global 5A USD liabilities to UAE allocated by reporter all-currency loans/deposits liability shares
2011-12-31,DK,DK: Denmark,0.6189979999999999,62.988979,98.45193,0.009827084195157378,0.9674954052857405,BIS-implied reporter USD allocation: global 5A USD liabilities to UAE allocated by reporter all-currency loans/deposits liability shares
2012-03-31,TW,TW: Chinese Taipei,0.566248,77.352992,128.292013,0.007320311540114699,0.9391375032684449,BIS-implied reporter USD allocation: global 5A USD liabilities to UAE allocated by reporter all-currency loans/deposits liability shares
2012-03-31,BR,BR: Brazil,0.02,77.352992,128.292013,0.0002585549632003892,0.03317053670011885,BIS-implied reporter USD allocation: global 5A USD liabilities to UAE allocated by reporter all-currency loans/deposits liability shares
2012-03-31,IE,IE: Ireland,0.161821,77.352992,128.292013,0.002091981135002509,0.2683844709674966,BIS-implied reporter USD allocation: global 5A USD liabilities to UAE allocated by reporter all-currency loans/deposits liability shares
2012-03-31,SE,SE: Sweden,0.17980400000000002,77.352992,128.292013,0.0023244608301641392,0.29820975904140856,BIS-implied reporter USD allocation: global 5A USD liabilities to UAE allocated by reporter all-currency loans/deposits liability shares
2012-03-31,DK,DK: Denmark,0.261469,77.352992,128.292013,0.003380205383652128,0.4336533530221688,BIS-implied reporter USD allocation: global 5A USD liabilities to UAE allocated by reporter all-currency loans/deposits liability shares
2012-03-31,CA,CA: Canada,0.283831,77.352992,128.292013,0.0036692956880064833,0.4707413301065717,BIS-implied reporter USD allocation: global 5A USD liabilities to UAE allocated by reporter all-currency loans/deposits liability shares
2012-03-31,FI,FI: Finland,0.007718000000000001,77.352992,128.292013,9.97763602990302e-05,0.012800510112575866,BIS-implied reporter USD allocation: global 5A USD liabilities to UAE allocated by reporter all-currency loans/deposits liability shares
2012-03-31,KR,KR: Korea,0.648033,77.352992,128.292013,0.00837760742338189,1.074780120469406,BIS-implied reporter USD allocation: global 5A USD liabilities to UAE allocated by reporter all-currency loans/deposits liability shares
2012-03-31,AU,AU: Australia,0.417127,77.352992,128.292013,0.005392512806744437,0.6918163231055238,BIS-implied reporter USD allocation: global 5A USD liabilities to UAE allocated by reporter all-currency loans/deposits liability shares
2012-03-31,LU,LU: Luxembourg,1.190837,77.352992,128.292013,0.015394840835633092,1.9750351206179715,BIS-implied reporter USD allocation: global 5A USD liabilities to UAE allocated by reporter all-currency loans/deposits liability shares
2012-03-31,GB,GB: United Kingdom,40.719081,77.352992,128.292013,0.5264060244754334,67.53368853528062,BIS-implied reporter USD allocation: global 5A USD liabilities to UAE allocated by reporter all-currency loans/deposits liability shares
2012-03-31,CH,CH: Switzerland,19.316433,77.352992,128.292013,0.2497179811738892,32.03682248709435,BIS-implied reporter USD allocation: global 5A USD liabilities to UAE allocated by reporter all-currency loans/deposits liability shares
2012-03-31,JE,JE: Jersey,4.32211,77.352992,128.292013,0.05587514959990171,7.168335418847535,BIS-implied reporter USD allocation: global 5A USD liabilities to UAE allocated by reporter all-currency loans/deposits liability shares
2012-03-31,AT,AT: Austria,0.793976,77.352992,128.292013,0.01026432177309961,1.3168305023506781,BIS-implied reporter USD allocation: global 5A USD liabilities to UAE allocated by reporter all-currency loans/deposits liability shares
2012-03-31,ZA,ZA: South Africa,1.831639,77.352992,128.292013,0.023678967712069884,3.03782243354345,BIS-implied reporter USD allocation: global 5A USD liabilities to UAE allocated by reporter all-currency loans/deposits liability shares
2012-03-31,IM,IM: Isle of Man,1.827716,77.352992,128.292013,0.023628252156038126,3.031316032769721,BIS-implied reporter USD allocation: global 5A USD liabilities to UAE allocated by reporter all-currency loans/deposits liability shares
2012-03-31,BE,BE: Belgium,1.731833,77.352992,128.292013,0.02238870087921098,2.8722915042488464,BIS-implied reporter USD allocation: global 5A USD liabilities to UAE allocated by reporter all-currency loans/deposits liability shares
2012-03-31,FR,FR: France,3.073316,77.352992,128.292013,0.03973105526415837,5.0971770584531235,BIS-implied reporter USD allocation: global 5A USD liabilities to UAE allocated by reporter all-currency loans/deposits liability shares
2012-06-30,LU,LU: Luxembourg,0.691561,66.716021,114.252205,0.010365741086387631,1.1843087755788824,BIS-implied reporter USD allocation: global 5A USD liabilities to UAE allocated by reporter all-currency loans/deposits liability shares
2012-06-30,MX,MX: Mexico,2.2e-05,66.716021,114.252205,3.29755876778083e-07,3.7675336033604284e-05,BIS-implied reporter USD allocation: global 5A USD liabilities to UAE allocated by reporter all-currency loans/deposits liability shares
2012-06-30,FI,FI: Finland,0.021192,66.716021,114.252205,0.00031764484275823343,0.036291623692006454,BIS-implied reporter USD allocation: global 5A USD liabilities to UAE allocated by reporter all-currency loans/deposits liability shares
2012-06-30,TW,TW: Chinese Taipei,0.05564400000000001,66.716021,114.252205,0.0008340425457927117,0.09529119992063079,BIS-implied reporter USD allocation: global 5A USD liabilities to UAE allocated by reporter all-currency loans/deposits liability shares
2012-06-30,IE,IE: Ireland,0.057259,66.716021,114.252205,0.0008582496249289207,0.09805691208855216,BIS-implied reporter USD allocation: global 5A USD liabilities to UAE allocated by reporter all-currency loans/deposits liability shares
2012-06-30,ES,ES: Spain,0.076405,66.716021,114.252205,0.0011452271711467924,0.1308447295294334,BIS-implied reporter USD allocation: global 5A USD liabilities to UAE allocated by reporter all-currency loans/deposits liability shares
2012-06-30,CA,CA: Canada,0.270925,66.716021,114.252205,0.004060868678004643,0.4639632006774655,BIS-implied reporter USD allocation: global 5A USD liabilities to UAE allocated by reporter all-currency loans/deposits liability shares
2012-06-30,DK,DK: Denmark,0.394533,66.716021,114.252205,0.005913617060585793,0.6756437886975455,BIS-implied reporter USD allocation: global 5A USD liabilities to UAE allocated by reporter all-currency loans/deposits liability shares
2012-06-30,BR,BR: Brazil,-0.002,66.716021,114.252205,-2.997780697982573e-05,-0.0034250305485094804,BIS-implied reporter USD allocation: global 5A USD liabilities to UAE allocated by reporter all-currency loans/deposits liability shares
2012-06-30,AT,AT: Austria,0.718654,66.716021,114.252205,0.010771835448639841,1.230705951904266,BIS-implied reporter USD allocation: global 5A USD liabilities to UAE allocated by reporter all-currency loans/deposits liability shares
2012-06-30,KR,KR: Korea,1.002824,66.716021,114.252205,0.015031232153368379,1.7173514173892355,BIS-implied reporter USD allocation: global 5A USD liabilities to UAE allocated by reporter all-currency loans/deposits liability shares
2012-06-30,BE,BE: Belgium,1.012431,66.716021,114.252205,0.015175230549195973,1.733803551629001,BIS-implied reporter USD allocation: global 5A USD liabilities to UAE allocated by reporter all-currency loans/deposits liability shares
2012-06-30,SE,SE: Sweden,1.126246,66.716021,114.252205,0.016881192599900407,1.9287134775683044,BIS-implied reporter USD allocation: global 5A USD liabilities to UAE allocated by reporter all-currency loans/deposits liability shares
2012-06-30,IM,IM: Isle of Man,1.4743840000000001,66.716021,114.252205,0.022099399483071692,2.524905120116801,BIS-implied reporter USD allocation: global 5A USD liabilities to UAE allocated by reporter all-currency loans/deposits liability shares
2012-06-30,JE,JE: Jersey,4.527443999999999,66.716021,114.252205,0.06786142117198506,7.7533170033329775,BIS-implied reporter USD allocation: global 5A USD liabilities to UAE allocated by reporter all-currency loans/deposits liability shares
2012-06-30,US,US: United States,4.676,66.716021,114.252205,0.07008811271883256,8.007721422415164,BIS-implied reporter USD allocation: global 5A USD liabilities to UAE allocated by reporter all-currency loans/deposits liability shares
2012-06-30,FR,FR: France,5.085244,66.716021,114.252205,0.07622223153865847,8.708558023312273,BIS-implied reporter USD allocation: global 5A USD liabilities to UAE allocated by reporter all-currency loans/deposits liability shares
2012-06-30,GB,GB: United Kingdom,22.447817999999998,66.716021,114.252205,0.3364681775611288,38.442231198690486,BIS-implied reporter USD allocation: global 5A USD liabilities to UAE allocated by reporter all-currency loans/deposits liability shares
2012-06-30,CH,CH: Switzerland,22.465107,66.716021,114.252205,0.3367273207135659,38.47183887526708,BIS-implied reporter USD allocation: global 5A USD liabilities to UAE allocated by reporter all-currency loans/deposits liability shares
2012-06-30,AU,AU: Australia,0.7508569999999999,66.716021,114.252205,0.011254523107725503,1.2858540812810912,BIS-implied reporter USD allocation: global 5A USD liabilities to UAE allocated by reporter all-currency loans/deposits liability shares
2012-09-30,IE,IE: Ireland,0.058351,87.533195,151.535156,0.0006666156764870743,0.10101571052851434,BIS-implied reporter USD allocation: global 5A USD liabilities to UAE allocated by reporter all-currency loans/deposits liability shares
2012-09-30,AU,AU: Australia,-0.162029,87.533195,151.535156,-0.001851057761572624,-0.28050032666491836,BIS-implied reporter USD allocation: global 5A USD liabilities to UAE allocated by reporter all-currency loans/deposits liability shares
2012-09-30,MX,MX: Mexico,2.3e-05,87.533195,151.535156,2.62757460184105e-07,3.9816992719162136e-05,BIS-implied reporter USD allocation: global 5A USD liabilities to UAE allocated by reporter all-currency loans/deposits liability shares
2012-09-30,ES,ES: Spain,0.25023,87.533195,151.535156,0.0028586869244290694,0.43319156904851924,BIS-implied reporter USD allocation: global 5A USD liabilities to UAE allocated by reporter all-currency loans/deposits liability shares
2012-09-30,ZA,ZA: South Africa,-0.00596,87.533195,151.535156,-6.808845489988113e-05,-0.010317794635052452,BIS-implied reporter USD allocation: global 5A USD liabilities to UAE allocated by reporter all-currency loans/deposits liability shares
2012-09-30,TW,TW: Chinese Taipei,-0.045688000000000006,87.533195,151.535156,-0.0005219505582996257,-0.07909385927622087,BIS-implied reporter USD allocation: global 5A USD liabilities to UAE allocated by reporter all-currency loans/deposits liability shares
2012-09-30,FI,FI: Finland,-0.08743200000000001,87.533195,151.535156,-0.000998843924296377,-0.15135996988790368,BIS-implied reporter USD allocation: global 5A USD liabilities to UAE allocated by reporter all-currency loans/deposits liability shares
2012-09-30,BR,BR: Brazil,-0.002,87.533195,151.535156,-2.2848474798617827e-05,-0.003462347192970621,BIS-implied reporter USD allocation: global 5A USD liabilities to UAE allocated by reporter all-currency loans/deposits liability shares
2012-09-30,CA,CA: Canada,0.275932,87.533195,151.535156,0.003152312674066107,0.4776861928253847,BIS-implied reporter USD allocation: global 5A USD liabilities to UAE allocated by reporter all-currency loans/deposits liability shares
2012-09-30,IM,IM: Isle of Man,1.603118,87.533195,151.535156,0.018314400611105307,2.775275553650338,BIS-implied reporter USD allocation: global 5A USD liabilities to UAE allocated by reporter all-currency loans/deposits liability shares
2012-09-30,DK,DK: Denmark,0.772069,87.533195,151.535156,0.008820299544647033,1.336585467464817,BIS-implied reporter USD allocation: global 5A USD liabilities to UAE allocated by reporter all-currency loans/deposits liability shares
2012-09-30,GB,GB: United Kingdom,36.232787,87.533195,151.535156,0.4139319603265938,62.7252441814762,BIS-implied reporter USD allocation: global 5A USD liabilities to UAE allocated by reporter all-currency loans/deposits liability shares
2012-09-30,CH,CH: Switzerland,23.003384,87.533195,151.535156,0.26279611980346423,39.822851010612645,BIS-implied reporter USD allocation: global 5A USD liabilities to UAE allocated by reporter all-currency loans/deposits liability shares
2012-09-30,US,US: United States,10.807827,87.533195,151.535156,0.12347118141866065,18.710224737781044,BIS-implied reporter USD allocation: global 5A USD liabilities to UAE allocated by reporter all-currency loans/deposits liability shares
2012-09-30,FR,FR: France,5.866493,87.533195,151.535156,0.06702020873338395,10.155917785565899,BIS-implied reporter USD allocation: global 5A USD liabilities to UAE allocated by reporter all-currency loans/deposits liability shares
2012-09-30,KR,KR: Korea,0.42552799999999996,87.533195,151.535156,0.004861332892053123,0.7366628381652011,BIS-implied reporter USD allocation: global 5A USD liabilities to UAE allocated by reporter all-currency loans/deposits liability shares
2012-09-30,BE,BE: Belgium,1.465578,87.533195,151.535156,0.016743110999204357,2.537169937189748,BIS-implied reporter USD allocation: global 5A USD liabilities to UAE allocated by reporter all-currency loans/deposits liability shares
2012-09-30,LU,LU: Luxembourg,1.194533,87.533195,151.535156,0.013646628573308674,2.0679439897303875,BIS-implied reporter USD allocation: global 5A USD liabilities to UAE allocated by reporter all-currency loans/deposits liability shares
2012-09-30,AT,AT: Austria,0.877763,87.533195,151.535156,0.01002777289232959,1.5195601295717356,BIS-implied reporter USD allocation: global 5A USD liabilities to UAE allocated by reporter all-currency loans/deposits liability shares
2012-09-30,JE,JE: Jersey,4.820794,87.533195,151.535156,0.055073895109164016,8.345631286894806,BIS-implied reporter USD allocation: global 5A USD liabilities to UAE allocated by reporter all-currency loans/deposits liability shares
2012-12-31,TW,TW: Chinese Taipei,-0.09284500000000001,74.98077599999999,129.866508,-0.0012382507217583347,-0.16080729726323456,BIS-implied reporter USD allocation: global 5A USD liabilities to UAE allocated by reporter all-currency loans/deposits liability shares
2012-12-31,FI,FI: Finland,-0.081122,74.98077599999999,129.866508,-0.001081903980294896,-0.14050309191219895,BIS-implied reporter USD allocation: global 5A USD liabilities to UAE allocated by reporter all-currency loans/deposits liability shares
2012-12-31,ZA,ZA: South Africa,-0.073016,74.98077599999999,129.866508,-0.0009737962701266256,-0.1264635211047696,BIS-implied reporter USD allocation: global 5A USD liabilities to UAE allocated by reporter all-currency loans/deposits liability shares
2012-12-31,MX,MX: Mexico,-2.3e-05,74.98077599999999,129.866508,-3.067452916198147e-07,-3.9835939868107e-05,BIS-implied reporter USD allocation: global 5A USD liabilities to UAE allocated by reporter all-currency loans/deposits liability shares
2012-12-31,BR,BR: Brazil,0.001,74.98077599999999,129.866508,1.333675180955716e-05,0.0017319973855698695,BIS-implied reporter USD allocation: global 5A USD liabilities to UAE allocated by reporter all-currency loans/deposits liability shares
2012-12-31,IE,IE: Ireland,0.038228,74.98077599999999,129.866508,0.0005098373481757511,0.06621079605556497,BIS-implied reporter USD allocation: global 5A USD liabilities to UAE allocated by reporter all-currency loans/deposits liability shares
2012-12-31,DK,DK: Denmark,0.197832,74.98077599999999,129.866508,0.002638436283988312,0.34264450678205843,BIS-implied reporter USD allocation: global 5A USD liabilities to UAE allocated by reporter all-currency loans/deposits liability shares
2012-12-31,CA,CA: Canada,0.286274,74.98077599999999,129.866508,0.0038179652875291663,0.4958258195566288,BIS-implied reporter USD allocation: global 5A USD liabilities to UAE allocated by reporter all-currency loans/deposits liability shares
2012-12-31,ES,ES: Spain,0.624159,74.98077599999999,129.866508,0.008324253672701388,1.0810417561799042,BIS-implied reporter USD allocation: global 5A USD liabilities to UAE allocated by reporter all-currency loans/deposits liability shares
2012-12-31,KR,KR: Korea,0.9084780000000001,74.98077599999999,129.866508,0.012116145610442872,1.5734815208477442,BIS-implied reporter USD allocation: global 5A USD liabilities to UAE allocated by reporter all-currency loans/deposits liability shares
2012-12-31,LU,LU: Luxembourg,1.269711,74.98077599999999,129.866508,0.016933820476864633,2.199136132429305,BIS-implied reporter USD allocation: global 5A USD liabilities to UAE allocated by reporter all-currency loans/deposits liability shares
2012-12-31,CH,CH: Switzerland,20.789807999999997,74.98077599999999,129.866508,0.2772685094643459,36.00789310249955,BIS-implied reporter USD allocation: global 5A USD liabilities to UAE allocated by reporter all-currency loans/deposits liability shares
2012-12-31,US,US: United States,7.438064,74.98077599999999,129.866508,0.09919961351160198,12.882707401701367,BIS-implied reporter USD allocation: global 5A USD liabilities to UAE allocated by reporter all-currency loans/deposits liability shares
2012-12-31,JE,JE: Jersey,4.687885,74.98077599999999,129.866508,0.06252115875674587,8.119404563852209,BIS-implied reporter USD allocation: global 5A USD liabilities to UAE allocated by reporter all-currency loans/deposits liability shares
2012-12-31,FR,FR: France,4.34384,74.98077599999999,129.866508,0.05793271598042678,7.523519523333823,BIS-implied reporter USD allocation: global 5A USD liabilities to UAE allocated by reporter all-currency loans/deposits liability shares
2012-12-31,GB,GB: United Kingdom,27.706012,74.98077599999999,129.866508,0.3695082056766124,47.98674034856744,BIS-implied reporter USD allocation: global 5A USD liabilities to UAE allocated by reporter all-currency loans/deposits liability shares
2012-12-31,BE,BE: Belgium,1.615265,74.98077599999999,129.866508,0.021542388411664348,2.7976347570025153,BIS-implied reporter USD allocation: global 5A USD liabilities to UAE allocated by reporter all-currency loans/deposits liability shares
2012-12-31,AT,AT: Austria,1.389284,74.98077599999999,129.866508,0.01852853590098881,2.4062362558140507,BIS-implied reporter USD allocation: global 5A USD liabilities to UAE allocated by reporter all-currency loans/deposits liability shares
2012-12-31,AU,AU: Australia,1.372318,74.98077599999999,129.866508,0.01830226456978786,2.376851188170472,BIS-implied reporter USD allocation: global 5A USD liabilities to UAE allocated by reporter all-currency loans/deposits liability shares
2012-12-31,IM,IM: Isle of Man,1.952696,74.98077599999999,129.866508,0.02604262191151503,3.382064366812742,BIS-implied reporter USD allocation: global 5A USD liabilities to UAE allocated by reporter all-currency loans/deposits liability shares
2013-03-31,TW,TW: Chinese Taipei,-0.140782,107.731395,200.760119,-0.0013067871255171251,-0.26235073882648596,BIS-implied reporter USD allocation: global 5A USD liabilities to UAE allocated by reporter all-currency loans/deposits liability shares
2013-03-31,BR,BR: Brazil,-0.0869400000000001,107.731395,200.760119,-0.0008070070938931042,-0.16201484020382378,BIS-implied reporter USD allocation: global 5A USD liabilities to UAE allocated by reporter all-currency loans/deposits liability shares
2013-03-31,IE,IE: Ireland,-0.062436000000000005,107.731395,200.760119,-0.0005795525064907959,-0.11635103016984046,BIS-implied reporter USD allocation: global 5A USD liabilities to UAE allocated by reporter all-currency loans/deposits liability shares
2013-03-31,MX,MX: Mexico,4.4999999999999996e-05,107.731395,200.760119,4.177055351413578e-07,8.385861294193767e-05,BIS-implied reporter USD allocation: global 5A USD liabilities to UAE allocated by reporter all-currency loans/deposits liability shares
2013-03-31,FI,FI: Finland,0.061537999999999995,107.731395,200.760119,0.0005712169604784194,0.11467758496046578,BIS-implied reporter USD allocation: global 5A USD liabilities to UAE allocated by reporter all-currency loans/deposits liability shares
2013-03-31,ES,ES: Spain,0.06639600000000001,107.731395,200.760119,0.0006163105935832355,0.123730588108731,BIS-implied reporter USD allocation: global 5A USD liabilities to UAE allocated by reporter all-currency loans/deposits liability shares
2013-03-31,ZA,ZA: South Africa,0.162489,107.731395,200.760119,0.0015082789933240908,0.30280227018494466,BIS-implied reporter USD allocation: global 5A USD liabilities to UAE allocated by reporter all-currency loans/deposits liability shares
2013-03-31,AU,AU: Australia,0.235856,107.731395,200.760119,0.0021892968154733354,0.43952348920074785,BIS-implied reporter USD allocation: global 5A USD liabilities to UAE allocated by reporter all-currency loans/deposits liability shares
2013-03-31,AT,AT: Austria,0.48580500000000004,107.731395,200.760119,0.004509409722207719,0.9053096324501786,BIS-implied reporter USD allocation: global 5A USD liabilities to UAE allocated by reporter all-currency loans/deposits liability shares
2013-03-31,SE,SE: Sweden,1.144132,107.731395,200.760119,0.010620228207385599,2.1321182787218897,BIS-implied reporter USD allocation: global 5A USD liabilities to UAE allocated by reporter all-currency loans/deposits liability shares
2013-03-31,KR,KR: Korea,1.184886,107.731395,200.760119,0.010998520904700064,2.208064365651573,BIS-implied reporter USD allocation: global 5A USD liabilities to UAE allocated by reporter all-currency loans/deposits liability shares
2013-03-31,CH,CH: Switzerland,22.969865,107.731395,200.760119,0.2132142167099943,42.80491151919024,BIS-implied reporter USD allocation: global 5A USD liabilities to UAE allocated by reporter all-currency loans/deposits liability shares
2013-03-31,US,US: United States,10.718204,107.731395,200.760119,0.09949006972387203,19.973638237082845,BIS-implied reporter USD allocation: global 5A USD liabilities to UAE allocated by reporter all-currency loans/deposits liability shares
2013-03-31,FR,FR: France,5.575897,107.731395,200.760119,0.0517574008950687,10.390821962824699,BIS-implied reporter USD allocation: global 5A USD liabilities to UAE allocated by reporter all-currency loans/deposits liability shares
2013-03-31,JE,JE: Jersey,4.844231000000001,107.731395,200.760119,0.04496582449340789,9.027344276229684,BIS-implied reporter USD allocation: global 5A USD liabilities to UAE allocated by reporter all-currency loans/deposits liability shares
2013-03-31,GB,GB: United Kingdom,51.574167,107.731395,200.760119,0.47872922280455016,96.109735739019,BIS-implied reporter USD allocation: global 5A USD liabilities to UAE allocated by reporter all-currency loans/deposits liability shares
2013-03-31,IM,IM: Isle of Man,2.168356,107.731395,200.760119,0.020127428963488313,4.04078503387396,BIS-implied reporter USD allocation: global 5A USD liabilities to UAE allocated by reporter all-currency loans/deposits liability shares
2013-03-31,DK,DK: Denmark,2.052457,107.731395,200.760119,0.019051614434213906,3.8248043809549013,BIS-implied reporter USD allocation: global 5A USD liabilities to UAE allocated by reporter all-currency loans/deposits liability shares
2013-03-31,LU,LU: Luxembourg,1.955707,107.731395,200.760119,0.018153547533659987,3.6445083631297357,BIS-implied reporter USD allocation: global 5A USD liabilities to UAE allocated by reporter all-currency loans/deposits liability shares
2013-03-31,BE,BE: Belgium,2.537883,107.731395,200.760119,0.02355750614758121,4.729407737531635,BIS-implied reporter USD allocation: global 5A USD liabilities to UAE allocated by reporter all-currency loans/deposits liability shares
2013-06-30,BR,BR: Brazil,-0.070214,118.222675,165.030273,-0.0005939131389134952,-0.09801364745318104,BIS-implied reporter USD allocation: global 5A USD liabilities to UAE allocated by reporter all-currency loans/deposits liability shares
2013-06-30,FI,FI: Finland,-0.050778000000000004,118.222675,165.030273,-0.0004295115129140836,-0.07088240223285423,BIS-implied reporter USD allocation: global 5A USD liabilities to UAE allocated by reporter all-currency loans/deposits liability shares
2013-06-30,MX,MX: Mexico,-6e-06,118.222675,165.030273,-5.07516853260172e-08,-8.375564484562712e-06,BIS-implied reporter USD allocation: global 5A USD liabilities to UAE allocated by reporter all-currency loans/deposits liability shares
2013-06-30,IE,IE: Ireland,0.135747,118.222675,165.030273,0.0011482315046584762,0.1894929586809891,BIS-implied reporter USD allocation: global 5A USD liabilities to UAE allocated by reporter all-currency loans/deposits liability shares
2013-06-30,ES,ES: Spain,0.199404,118.222675,165.030273,0.0016866815101248555,0.2783535100799572,BIS-implied reporter USD allocation: global 5A USD liabilities to UAE allocated by reporter all-currency loans/deposits liability shares
2013-06-30,CA,CA: Canada,0.300941,118.222675,165.030273,0.002545543822282824,0.4200917919247979,BIS-implied reporter USD allocation: global 5A USD liabilities to UAE allocated by reporter all-currency loans/deposits liability shares
2013-06-30,AT,AT: Austria,0.313766,118.222675,165.030273,0.0026540255496671854,0.4379945610105507,BIS-implied reporter USD allocation: global 5A USD liabilities to UAE allocated by reporter all-currency loans/deposits liability shares
2013-06-30,DK,DK: Denmark,0.49269299999999994,118.222675,165.030273,0.004167500016388564,0.6877636654321092,BIS-implied reporter USD allocation: global 5A USD liabilities to UAE allocated by reporter all-currency loans/deposits liability shares
2013-06-30,SE,SE: Sweden,1.246582,118.222675,165.030273,0.010544356232846195,1.7401379877158591,BIS-implied reporter USD allocation: global 5A USD liabilities to UAE allocated by reporter all-currency loans/deposits liability shares
2013-06-30,BE,BE: Belgium,1.327959,118.222675,165.030273,0.011232692882308744,1.8537343728925688,BIS-implied reporter USD allocation: global 5A USD liabilities to UAE allocated by reporter all-currency loans/deposits liability shares
2013-06-30,IM,IM: Isle of Man,1.9691049999999999,118.222675,165.030273,0.01665589955564785,2.748727650729143,BIS-implied reporter USD allocation: global 5A USD liabilities to UAE allocated by reporter all-currency loans/deposits liability shares
2013-06-30,CH,CH: Switzerland,23.668907,118.222675,165.030273,0.2002061533457943,33.0400761429363,BIS-implied reporter USD allocation: global 5A USD liabilities to UAE allocated by reporter all-currency loans/deposits liability shares
2013-06-30,FR,FR: France,19.792918,118.222675,165.030273,0.1674206576699436,27.629476841110336,BIS-implied reporter USD allocation: global 5A USD liabilities to UAE allocated by reporter all-currency loans/deposits liability shares
2013-06-30,ZA,ZA: South Africa,10.411029,118.222675,165.030273,0.08806287795467324,14.533040790025407,BIS-implied reporter USD allocation: global 5A USD liabilities to UAE allocated by reporter all-currency loans/deposits liability shares
2013-06-30,US,US: United States,7.505095,118.222675,165.030273,0.0634827032969775,10.476567855878196,BIS-implied reporter USD allocation: global 5A USD liabilities to UAE allocated by reporter all-currency loans/deposits liability shares
2013-06-30,GB,GB: United Kingdom,36.83211099999999,118.222675,165.030273,0.311548617894156,51.41495346384525,BIS-implied reporter USD allocation: global 5A USD liabilities to UAE allocated by reporter all-currency loans/deposits liability shares
2013-06-30,AU,AU: Australia,3.7624060000000004,118.222675,165.030273,0.03182474089678651,5.252045678350942,BIS-implied reporter USD allocation: global 5A USD liabilities to UAE allocated by reporter all-currency loans/deposits liability shares
2013-06-30,TW,TW: Chinese Taipei,2.43995,118.222675,165.030273,0.020638595768535946,3.405993094018132,BIS-implied reporter USD allocation: global 5A USD liabilities to UAE allocated by reporter all-currency loans/deposits liability shares
2013-06-30,LU,LU: Luxembourg,2.148679,118.222675,165.030273,0.018174846745770218,2.9993999201876207,BIS-implied reporter USD allocation: global 5A USD liabilities to UAE allocated by reporter all-currency loans/deposits liability shares
2013-06-30,JE,JE: Jersey,4.727762,118.222675,165.030273,0.039990314886716956,6.599612583110863,BIS-implied reporter USD allocation: global 5A USD liabilities to UAE allocated by reporter all-currency loans/deposits liability shares
2013-09-30,FR,FR: France,-5.274377999999999,71.20575500000001,180.05109099999999,-0.07407235552800469,-13.336808425757123,BIS-implied reporter USD allocation: global 5A USD liabilities to UAE allocated by reporter all-currency loans/deposits liability shares
2013-09-30,TW,TW: Chinese Taipei,-0.8088380000000001,71.20575500000001,180.05109099999999,-0.01135916612358088,-2.045230253400978,BIS-implied reporter USD allocation: global 5A USD liabilities to UAE allocated by reporter all-currency loans/deposits liability shares
2013-09-30,AU,AU: Australia,-0.673711,71.20575500000001,180.05109099999999,-0.00946146838833462,-1.70354770578166,BIS-implied reporter USD allocation: global 5A USD liabilities to UAE allocated by reporter all-currency loans/deposits liability shares
2013-09-30,SE,SE: Sweden,-0.20235000000000003,71.20575500000001,180.05109099999999,-0.002841764686014494,-0.511662832082182,BIS-implied reporter USD allocation: global 5A USD liabilities to UAE allocated by reporter all-currency loans/deposits liability shares
2013-09-30,IE,IE: Ireland,-0.018487999999999997,71.20575500000001,180.05109099999999,-0.0002596419348408004,-0.04674881363743701,BIS-implied reporter USD allocation: global 5A USD liabilities to UAE allocated by reporter all-currency loans/deposits liability shares
2013-09-30,MX,MX: Mexico,0.004953000000000001,71.20575500000001,180.05109099999999,6.955898438265278e-05,0.012524171026948595,BIS-implied reporter USD allocation: global 5A USD liabilities to UAE allocated by reporter all-currency loans/deposits liability shares
2013-09-30,FI,FI: Finland,0.018575,71.20575500000001,180.05109099999999,0.00026086374619579554,0.046968802104900086,BIS-implied reporter USD allocation: global 5A USD liabilities to UAE allocated by reporter all-currency loans/deposits liability shares
2013-09-30,CL,CL: Chile,0.06,71.20575500000001,180.05109099999999,0.0008426285206862842,0.15171618445728152,BIS-implied reporter USD allocation: global 5A USD liabilities to UAE allocated by reporter all-currency loans/deposits liability shares
2013-09-30,ZA,ZA: South Africa,0.2564890000000001,71.20575500000001,180.05109099999999,0.003602082444038407,0.6485588739210616,BIS-implied reporter USD allocation: global 5A USD liabilities to UAE allocated by reporter all-currency loans/deposits liability shares
2013-09-30,CH,CH: Switzerland,13.924608000000001,71.20575500000001,180.05109099999999,0.19555453066960668,35.20980659705564,BIS-implied reporter USD allocation: global 5A USD liabilities to UAE allocated by reporter all-currency loans/deposits liability shares
2013-09-30,CA,CA: Canada,0.352811,71.20575500000001,180.05109099999999,0.004954810183530811,0.8921189792426326,BIS-implied reporter USD allocation: global 5A USD liabilities to UAE allocated by reporter all-currency loans/deposits liability shares
2013-09-30,DK,DK: Denmark,0.3466100000000001,71.20575500000001,180.05109099999999,0.004867724525917884,0.8764391115789728,BIS-implied reporter USD allocation: global 5A USD liabilities to UAE allocated by reporter all-currency loans/deposits liability shares
2013-09-30,US,US: United States,6.049049999999999,71.20575500000001,180.05109099999999,0.08495170088428945,15.29564642652198,BIS-implied reporter USD allocation: global 5A USD liabilities to UAE allocated by reporter all-currency loans/deposits liability shares
2013-09-30,JE,JE: Jersey,5.104845000000001,71.20575500000001,180.05109099999999,0.0716914665113796,12.90812676076386,BIS-implied reporter USD allocation: global 5A USD liabilities to UAE allocated by reporter all-currency loans/deposits liability shares
2013-09-30,IM,IM: Isle of Man,2.3601979999999996,71.20575500000001,180.05109099999999,0.03314616915444544,5.968003918728448,BIS-implied reporter USD allocation: global 5A USD liabilities to UAE allocated by reporter all-currency loans/deposits liability shares
2013-09-30,GB,GB: United Kingdom,44.133215,71.20575500000001,180.05109099999999,0.6197984278096622,111.59538312721442,BIS-implied reporter USD allocation: global 5A USD liabilities to UAE allocated by reporter all-currency loans/deposits liability shares
2013-09-30,LU,LU: Luxembourg,1.320137,71.20575500000001,180.05109099999999,0.018539751456887153,3.338102476681371,BIS-implied reporter USD allocation: global 5A USD liabilities to UAE allocated by reporter all-currency loans/deposits liability shares
2013-09-30,AT,AT: Austria,1.248488,71.20575500000001,180.05109099999999,0.017533526608909628,3.156930595011709,BIS-implied reporter USD allocation: global 5A USD liabilities to UAE allocated by reporter all-currency loans/deposits liability shares
2013-09-30,KR,KR: Korea,0.97864,71.20575500000001,180.05109099999999,0.01374383292474042,2.4745921126212336,BIS-implied reporter USD allocation: global 5A USD liabilities to UAE allocated by reporter all-currency loans/deposits liability shares
2013-09-30,BE,BE: Belgium,1.7894140000000003,71.20575500000001,180.05109099999999,0.025130187861922115,4.524717741574034,BIS-implied reporter USD allocation: global 5A USD liabilities to UAE allocated by reporter all-currency loans/deposits liability shares
2013-12-31,FI,FI: Finland,-0.24824600000000002,85.423305,234.408749,-0.002906068782986095,-0.6812079479277231,BIS-implied reporter USD allocation: global 5A USD liabilities to UAE allocated by reporter all-currency loans/deposits liability shares
2013-12-31,MX,MX: Mexico,-0.002435,85.423305,234.408749,-2.8505101740093058e-05,-0.006681845239012937,BIS-implied reporter USD allocation: global 5A USD liabilities to UAE allocated by reporter all-currency loans/deposits liability shares
2013-12-31,IE,IE: Ireland,-0.002120000000000004,85.423305,234.408749,-2.4817583445173467e-05,-0.005817458688586223,BIS-implied reporter USD allocation: global 5A USD liabilities to UAE allocated by reporter all-currency loans/deposits liability shares
2013-12-31,MO,MO: Macao SAR,0.110892,85.423305,234.408749,0.0012981469166991374,0.304296994761652,BIS-implied reporter USD allocation: global 5A USD liabilities to UAE allocated by reporter all-currency loans/deposits liability shares
2013-12-31,AT,AT: Austria,0.334009,85.423305,234.408749,0.003910045391008929,0.9165488486396189,BIS-implied reporter USD allocation: global 5A USD liabilities to UAE allocated by reporter all-currency loans/deposits liability shares
2013-12-31,TW,TW: Chinese Taipei,0.373457,85.423305,234.408749,0.004371839745605722,1.0247974855959154,BIS-implied reporter USD allocation: global 5A USD liabilities to UAE allocated by reporter all-currency loans/deposits liability shares
2013-12-31,CA,CA: Canada,0.41420300000000004,85.423305,234.408749,0.004848829016859042,1.136607943956828,BIS-implied reporter USD allocation: global 5A USD liabilities to UAE allocated by reporter all-currency loans/deposits liability shares
2013-12-31,KR,KR: Korea,0.592821,85.423305,234.408749,0.006939804073373186,1.6267507911445127,BIS-implied reporter USD allocation: global 5A USD liabilities to UAE allocated by reporter all-currency loans/deposits liability shares
2013-12-31,DK,DK: Denmark,1.16715,85.423305,234.408749,0.013663133263223659,3.2027579756525455,BIS-implied reporter USD allocation: global 5A USD liabilities to UAE allocated by reporter all-currency loans/deposits liability shares
2013-12-31,SE,SE: Sweden,1.438176,85.423305,234.408749,0.016835874004172514,3.9464761636396997,BIS-implied reporter USD allocation: global 5A USD liabilities to UAE allocated by reporter all-currency loans/deposits liability shares
2013-12-31,LU,LU: Luxembourg,1.561782,85.423305,234.408749,0.01828285618309898,4.285661446027147,BIS-implied reporter USD allocation: global 5A USD liabilities to UAE allocated by reporter all-currency loans/deposits liability shares
2013-12-31,ZA,ZA: South Africa,1.7491189999999999,85.423305,234.408749,0.020475899404735043,4.799729964113786,BIS-implied reporter USD allocation: global 5A USD liabilities to UAE allocated by reporter all-currency loans/deposits liability shares
2013-12-31,IM,IM: Isle of Man,2.159868,85.423305,234.408749,0.025284294490830108,5.926859840943077,BIS-implied reporter USD allocation: global 5A USD liabilities to UAE allocated by reporter all-currency loans/deposits liability shares
2013-12-31,ES,ES: Spain,2.174862,85.423305,234.408749,0.025459820361668283,5.9680046407433895,BIS-implied reporter USD allocation: global 5A USD liabilities to UAE allocated by reporter all-currency loans/deposits liability shares
2013-12-31,BE,BE: Belgium,3.507582,85.423305,234.408749,0.04106118347914542,9.625100651805946,BIS-implied reporter USD allocation: global 5A USD liabilities to UAE allocated by reporter all-currency loans/deposits liability shares
2013-12-31,FR,FR: France,4.037299,85.423305,234.408749,0.047262266427176985,11.078688748099257,BIS-implied reporter USD allocation: global 5A USD liabilities to UAE allocated by reporter all-currency loans/deposits liability shares
2013-12-31,JE,JE: Jersey,4.989487,85.423305,234.408749,0.05840896696750377,13.691572877234883,BIS-implied reporter USD allocation: global 5A USD liabilities to UAE allocated by reporter all-currency loans/deposits liability shares
2013-12-31,US,US: United States,13.950651,85.423305,234.408749,0.16331200250329814,38.281762203482984,BIS-implied reporter USD allocation: global 5A USD liabilities to UAE allocated by reporter all-currency loans/deposits liability shares
2013-12-31,CH,CH: Switzerland,14.469479999999999,85.423305,234.408749,0.1693856260888056,39.705472710058686,BIS-implied reporter USD allocation: global 5A USD liabilities to UAE allocated by reporter all-currency loans/deposits liability shares
2013-12-31,GB,GB: United Kingdom,31.907840000000004,85.423305,234.408749,0.3735261706392653,87.55780237831071,BIS-implied reporter USD allocation: global 5A USD liabilities to UAE allocated by reporter all-currency loans/deposits liability shares
2014-03-31,IE,IE: Ireland,0.040791,103.176198,266.32181,0.00039535281189562735,0.10529107645263303,BIS-implied reporter USD allocation: global 5A USD liabilities to UAE allocated by reporter all-currency loans/deposits liability shares
2014-03-31,TW,TW: Chinese Taipei,-0.177192,103.176198,266.32181,-0.0017173728382586842,-0.45737384272989007,BIS-implied reporter USD allocation: global 5A USD liabilities to UAE allocated by reporter all-currency loans/deposits liability shares
2014-03-31,FI,FI: Finland,-0.037624,103.176198,266.32181,-0.0003646577479042211,-0.09711631145237587,BIS-implied reporter USD allocation: global 5A USD liabilities to UAE allocated by reporter all-currency loans/deposits liability shares
2014-03-31,MX,MX: Mexico,-0.143286,103.176198,266.32181,-0.0013887505333352174,-0.3698545556763005,BIS-implied reporter USD allocation: global 5A USD liabilities to UAE allocated by reporter all-currency loans/deposits liability shares
2014-03-31,ES,ES: Spain,-0.760693,103.176198,266.32181,-0.007372756650715119,-1.9635258959079886,BIS-implied reporter USD allocation: global 5A USD liabilities to UAE allocated by reporter all-currency loans/deposits liability shares
2014-03-31,CA,CA: Canada,0.264054,103.176198,266.32181,0.0025592530556320754,0.681584906023965,BIS-implied reporter USD allocation: global 5A USD liabilities to UAE allocated by reporter all-currency loans/deposits liability shares
2014-03-31,CL,CL: Chile,0.030002,103.176198,266.32181,0.00029078412057788756,0.07744215331156126,BIS-implied reporter USD allocation: global 5A USD liabilities to UAE allocated by reporter all-currency loans/deposits liability shares
2014-03-31,ZA,ZA: South Africa,0.5131159999999999,103.176198,266.32181,0.004973201280396084,1.3244719664894027,BIS-implied reporter USD allocation: global 5A USD liabilities to UAE allocated by reporter all-currency loans/deposits liability shares
2014-03-31,US,US: United States,18.227004,103.176198,266.32181,0.1766590003636304,47.04814472963271,BIS-implied reporter USD allocation: global 5A USD liabilities to UAE allocated by reporter all-currency loans/deposits liability shares
2014-03-31,SE,SE: Sweden,0.8538519999999999,103.176198,266.32181,0.008275668386229932,2.203990983580535,BIS-implied reporter USD allocation: global 5A USD liabilities to UAE allocated by reporter all-currency loans/deposits liability shares
2014-03-31,KR,KR: Korea,1.267291,103.176198,266.32181,0.012282784446079317,3.2711733855196914,BIS-implied reporter USD allocation: global 5A USD liabilities to UAE allocated by reporter all-currency loans/deposits liability shares
2014-03-31,DK,DK: Denmark,1.2784550000000001,103.176198,266.32181,0.012390987696600336,3.2999902710463327,BIS-implied reporter USD allocation: global 5A USD liabilities to UAE allocated by reporter all-currency loans/deposits liability shares
2014-03-31,IM,IM: Isle of Man,2.007066,103.176198,266.32181,0.019452800538356723,5.180705048944137,BIS-implied reporter USD allocation: global 5A USD liabilities to UAE allocated by reporter all-currency loans/deposits liability shares
2014-03-31,LU,LU: Luxembourg,2.235922,103.176198,266.32181,0.02167090902109031,5.7714357148421,BIS-implied reporter USD allocation: global 5A USD liabilities to UAE allocated by reporter all-currency loans/deposits liability shares
2014-03-31,AU,AU: Australia,2.768447,103.176198,266.32181,0.026832225393690123,7.146006833175517,BIS-implied reporter USD allocation: global 5A USD liabilities to UAE allocated by reporter all-currency loans/deposits liability shares
2014-03-31,JE,JE: Jersey,4.972595999999999,103.176198,266.32181,0.0481951854826052,12.835429031013142,BIS-implied reporter USD allocation: global 5A USD liabilities to UAE allocated by reporter all-currency loans/deposits liability shares
2014-03-31,FR,FR: France,5.309690000000001,103.176198,266.32181,0.05146235374945683,13.705547197415632,BIS-implied reporter USD allocation: global 5A USD liabilities to UAE allocated by reporter all-currency loans/deposits liability shares
2014-03-31,CH,CH: Switzerland,13.06591,103.176198,266.32181,0.12663686250582717,33.726158435273035,BIS-implied reporter USD allocation: global 5A USD liabilities to UAE allocated by reporter all-currency loans/deposits liability shares
2014-03-31,GB,GB: United Kingdom,50.470003,103.176198,266.32181,0.48916323704814163,130.27483867612014,BIS-implied reporter USD allocation: global 5A USD liabilities to UAE allocated by reporter all-currency loans/deposits liability shares
2014-03-31,BE,BE: Belgium,0.599531,103.176198,266.32181,0.00581074910319917,1.54752921861988,BIS-implied reporter USD allocation: global 5A USD liabilities to UAE allocated by reporter all-currency loans/deposits liability shares
2014-06-30,CL,CL: Chile,0.03031,95.856151,253.93830100000002,0.0003162029737663888,0.08029604592938434,BIS-implied reporter USD allocation: global 5A USD liabilities to UAE allocated by reporter all-currency loans/deposits liability shares
2014-06-30,TW,TW: Chinese Taipei,-0.046319999999999986,95.856151,253.93830100000002,-0.0004832240760428612,-0.12270910087261899,BIS-implied reporter USD allocation: global 5A USD liabilities to UAE allocated by reporter all-currency loans/deposits liability shares
2014-06-30,BR,BR: Brazil,0.004,95.856151,253.93830100000002,4.172919482235418e-05,0.010596640835286619,BIS-implied reporter USD allocation: global 5A USD liabilities to UAE allocated by reporter all-currency loans/deposits liability shares
2014-06-30,FI,FI: Finland,-0.004912,95.856151,253.93830100000002,-5.124345124185092e-05,-0.013012674945731965,BIS-implied reporter USD allocation: global 5A USD liabilities to UAE allocated by reporter all-currency loans/deposits liability shares
2014-06-30,MX,MX: Mexico,-0.339007,95.856151,253.93830100000002,-0.0035366222872854555,-0.8980838549120026,BIS-implied reporter USD allocation: global 5A USD liabilities to UAE allocated by reporter all-currency loans/deposits liability shares
2014-06-30,SE,SE: Sweden,0.41497500000000004,95.856151,253.93830100000002,0.004329143155351606,1.099335257655766,BIS-implied reporter USD allocation: global 5A USD liabilities to UAE allocated by reporter all-currency loans/deposits liability shares
2014-06-30,IE,IE: Ireland,0.0064139999999999996,95.856151,253.93830100000002,6.691276389764491e-05,0.01699171357938209,BIS-implied reporter USD allocation: global 5A USD liabilities to UAE allocated by reporter all-currency loans/deposits liability shares
2014-06-30,AT,AT: Austria,0.503559,95.856151,253.93830100000002,0.005253277903887461,1.3340084655940234,BIS-implied reporter USD allocation: global 5A USD liabilities to UAE allocated by reporter all-currency loans/deposits liability shares
2014-06-30,CH,CH: Switzerland,14.339474999999998,95.856151,253.93830100000002,0.14959368648131927,37.987566585392884,BIS-implied reporter USD allocation: global 5A USD liabilities to UAE allocated by reporter all-currency loans/deposits liability shares
2014-06-30,DK,DK: Denmark,0.691489,95.856151,253.93830100000002,0.007213819799628717,1.831865143637877,BIS-implied reporter USD allocation: global 5A USD liabilities to UAE allocated by reporter all-currency loans/deposits liability shares
2014-06-30,GB,GB: United Kingdom,50.655834999999996,95.856151,253.93830100000002,0.5284568019010069,134.19542242663528,BIS-implied reporter USD allocation: global 5A USD liabilities to UAE allocated by reporter all-currency loans/deposits liability shares
2014-06-30,US,US: United States,6.192958000000001,95.856151,253.93830100000002,0.06460678772716423,16.406137908503737,BIS-implied reporter USD allocation: global 5A USD liabilities to UAE allocated by reporter all-currency loans/deposits liability shares
2014-06-30,JE,JE: Jersey,5.180909,95.856151,253.93830100000002,0.05404879025447203,13.725057968325988,BIS-implied reporter USD allocation: global 5A USD liabilities to UAE allocated by reporter all-currency loans/deposits liability shares
2014-06-30,BE,BE: Belgium,4.548452999999999,95.856151,253.93830100000002,0.047450820344330326,12.049580699295479,BIS-implied reporter USD allocation: global 5A USD liabilities to UAE allocated by reporter all-currency loans/deposits liability shares
2014-06-30,AU,AU: Australia,0.6316219999999999,95.856151,253.93830100000002,0.006589269373021247,1.6732678694163508,BIS-implied reporter USD allocation: global 5A USD liabilities to UAE allocated by reporter all-currency loans/deposits liability shares
2014-06-30,ZA,ZA: South Africa,2.375139,95.856151,253.93830100000002,0.02477815951529287,6.292123729220455,BIS-implied reporter USD allocation: global 5A USD liabilities to UAE allocated by reporter all-currency loans/deposits liability shares
2014-06-30,IM,IM: Isle of Man,2.150411,95.856151,253.93830100000002,0.02243372989178337,5.6967832538123835,BIS-implied reporter USD allocation: global 5A USD liabilities to UAE allocated by reporter all-currency loans/deposits liability shares
2014-06-30,LU,LU: Luxembourg,2.09777,95.856151,253.93830100000002,0.02188456325562248,5.557328811259802,BIS-implied reporter USD allocation: global 5A USD liabilities to UAE allocated by reporter all-currency loans/deposits liability shares
2014-06-30,GG,GG: Guernsey,1.5525220000000002,95.856151,253.93830100000002,0.01619637325099774,4.112879505720213,BIS-implied reporter USD allocation: global 5A USD liabilities to UAE allocated by reporter all-currency loans/deposits liability shares
2014-06-30,FR,FR: France,3.7904109999999998,95.856151,253.93830100000002,0.03954269976894858,10.041405996279895,BIS-implied reporter USD allocation: global 5A USD liabilities to UAE allocated by reporter all-currency loans/deposits liability shares
2014-09-30,FI,FI: Finland,0.0063679999999999995,124.400962,316.201754,5.11893147578714e-05,0.01618615111249702,BIS-implied reporter USD allocation: global 5A USD liabilities to UAE allocated by reporter all-currency loans/deposits liability shares
2014-09-30,CL,CL: Chile,0.029641999999999998,124.400962,316.201754,0.00023827790013392338,0.0753438899617834,BIS-implied reporter USD allocation: global 5A USD liabilities to UAE allocated by reporter all-currency loans/deposits liability shares
2014-09-30,TW,TW: Chinese Taipei,0.032343999999999984,124.400962,316.201754,0.00025999798940461557,0.08221182028621285,BIS-implied reporter USD allocation: global 5A USD liabilities to UAE allocated by reporter all-currency loans/deposits liability shares
2014-09-30,MO,MO: Macao SAR,0.06533800000000001,124.400962,316.201754,0.0005252210187892277,0.16607580737882077,BIS-implied reporter USD allocation: global 5A USD liabilities to UAE allocated by reporter all-currency loans/deposits liability shares
2014-09-30,AU,AU: Australia,0.07975200000000005,124.400962,316.201754,0.0006410882899764074,0.20271324175940064,BIS-implied reporter USD allocation: global 5A USD liabilities to UAE allocated by reporter all-currency loans/deposits liability shares
2014-09-30,CA,CA: Canada,0.275799,124.400962,316.201754,0.002217016617604613,0.7010245431337259,BIS-implied reporter USD allocation: global 5A USD liabilities to UAE allocated by reporter all-currency loans/deposits liability shares
2014-09-30,KR,KR: Korea,0.590676,124.400962,316.201754,0.004748162638806603,1.5013773546679163,BIS-implied reporter USD allocation: global 5A USD liabilities to UAE allocated by reporter all-currency loans/deposits liability shares
2014-09-30,SE,SE: Sweden,0.654216,124.400962,316.201754,0.005258930393158856,1.66288301448074,BIS-implied reporter USD allocation: global 5A USD liabilities to UAE allocated by reporter all-currency loans/deposits liability shares
2014-09-30,FR,FR: France,7.87849,124.400962,316.201754,0.06333142343384772,20.025507173099353,BIS-implied reporter USD allocation: global 5A USD liabilities to UAE allocated by reporter all-currency loans/deposits liability shares
2014-09-30,GG,GG: Guernsey,0.843442,124.400962,316.201754,0.006780027955089286,2.1438567315682655,BIS-implied reporter USD allocation: global 5A USD liabilities to UAE allocated by reporter all-currency loans/deposits liability shares
2014-09-30,DK,DK: Denmark,1.482674,124.400962,316.201754,0.011918509118924659,3.7686534884689715,BIS-implied reporter USD allocation: global 5A USD liabilities to UAE allocated by reporter all-currency loans/deposits liability shares
2014-09-30,BE,BE: Belgium,1.612741,124.400962,316.201754,0.01296405569596801,4.099257150018775,BIS-implied reporter USD allocation: global 5A USD liabilities to UAE allocated by reporter all-currency loans/deposits liability shares
2014-09-30,LU,LU: Luxembourg,1.6354060000000001,124.400962,316.201754,0.013146248820808958,4.156866935660224,BIS-implied reporter USD allocation: global 5A USD liabilities to UAE allocated by reporter all-currency loans/deposits liability shares
2014-09-30,IM,IM: Isle of Man,1.738476,124.400962,316.201754,0.013974779391175446,4.418849755252728,BIS-implied reporter USD allocation: global 5A USD liabilities to UAE allocated by reporter all-currency loans/deposits liability shares
2014-09-30,ZA,ZA: South Africa,2.667605,124.400962,316.201754,0.021443604270520028,6.780505282420323,BIS-implied reporter USD allocation: global 5A USD liabilities to UAE allocated by reporter all-currency loans/deposits liability shares
2014-09-30,JE,JE: Jersey,5.149148,124.400962,316.201754,0.04139154486602764,13.088079087407635,BIS-implied reporter USD allocation: global 5A USD liabilities to UAE allocated by reporter all-currency loans/deposits liability shares
2014-09-30,CH,CH: Switzerland,14.634155999999999,124.400962,316.201754,0.11763700026692718,37.19702581970084,BIS-implied reporter USD allocation: global 5A USD liabilities to UAE allocated by reporter all-currency loans/deposits liability shares
2014-09-30,US,US: United States,28.124411,124.400962,316.201754,0.22607872598284245,71.48648969786015,BIS-implied reporter USD allocation: global 5A USD liabilities to UAE allocated by reporter all-currency loans/deposits liability shares
2014-09-30,GB,GB: United Kingdom,55.969844,124.400962,316.201754,0.44991488088331666,142.2638744860058,BIS-implied reporter USD allocation: global 5A USD liabilities to UAE allocated by reporter all-currency loans/deposits liability shares
2014-09-30,AT,AT: Austria,0.6859250000000001,124.400962,316.201754,0.005513823920429169,1.7434807948868596,BIS-implied reporter USD allocation: global 5A USD liabilities to UAE allocated by reporter all-currency loans/deposits liability shares
2014-12-31,MO,MO: Macao SAR,-0.03725599999999999,107.29105,275.514121,-0.000347242384150402,-0.09567018024314235,BIS-implied reporter USD allocation: global 5A USD liabilities to UAE allocated by reporter all-currency loans/deposits liability shares
2014-12-31,IE,IE: Ireland,-0.049801,107.29105,275.514121,-0.00046416732802969117,-0.12788465337901903,BIS-implied reporter USD allocation: global 5A USD liabilities to UAE allocated by reporter all-currency loans/deposits liability shares
2014-12-31,DK,DK: Denmark,-0.09453600000000006,107.29105,275.514121,-0.0008811172972955346,-0.24276025766227488,BIS-implied reporter USD allocation: global 5A USD liabilities to UAE allocated by reporter all-currency loans/deposits liability shares
2014-12-31,TW,TW: Chinese Taipei,-0.277584,107.29105,275.514121,-0.0025872055497639366,-0.7128116628895327,BIS-implied reporter USD allocation: global 5A USD liabilities to UAE allocated by reporter all-currency loans/deposits liability shares
2014-12-31,BR,BR: Brazil,0.005,107.29105,275.514121,4.660220959716584e-05,0.01283956681382091,BIS-implied reporter USD allocation: global 5A USD liabilities to UAE allocated by reporter all-currency loans/deposits liability shares
2014-12-31,KR,KR: Korea,0.56801,107.29105,275.514121,0.005294104214657234,1.4586004691836831,BIS-implied reporter USD allocation: global 5A USD liabilities to UAE allocated by reporter all-currency loans/deposits liability shares
2014-12-31,CH,CH: Switzerland,13.253057,107.29105,275.514121,0.12352434802343719,34.03270216777538,BIS-implied reporter USD allocation: global 5A USD liabilities to UAE allocated by reporter all-currency loans/deposits liability shares
2014-12-31,BE,BE: Belgium,0.8911689999999999,107.29105,275.514121,0.008306088904899336,2.288444783581193,BIS-implied reporter USD allocation: global 5A USD liabilities to UAE allocated by reporter all-currency loans/deposits liability shares
2014-12-31,GG,GG: Guernsey,0.87691,107.29105,275.514121,0.00817318872357014,2.251828906941539,BIS-implied reporter USD allocation: global 5A USD liabilities to UAE allocated by reporter all-currency loans/deposits liability shares
2014-12-31,US,US: United States,14.763255000000001,107.29105,275.514121,0.13760006076928133,37.910759792395126,BIS-implied reporter USD allocation: global 5A USD liabilities to UAE allocated by reporter all-currency loans/deposits liability shares
2014-12-31,HK,HK: Hong Kong SAR,7.776635000000001,107.29105,275.514121,0.07248167484613116,19.969724933839636,BIS-implied reporter USD allocation: global 5A USD liabilities to UAE allocated by reporter all-currency loans/deposits liability shares
2014-12-31,FR,FR: France,6.347642,107.29105,275.514121,0.05916282858635459,16.300194713843158,BIS-implied reporter USD allocation: global 5A USD liabilities to UAE allocated by reporter all-currency loans/deposits liability shares
2014-12-31,JE,JE: Jersey,4.91838,107.29105,275.514121,0.0458414751277017,12.629973725152096,BIS-implied reporter USD allocation: global 5A USD liabilities to UAE allocated by reporter all-currency loans/deposits liability shares
2014-12-31,GB,GB: United Kingdom,44.599153,107.29105,275.514121,0.41568381519241354,114.52676095666426,BIS-implied reporter USD allocation: global 5A USD liabilities to UAE allocated by reporter all-currency loans/deposits liability shares
2014-12-31,AU,AU: Australia,2.604424,107.29105,275.514121,0.02427438262557781,6.687935191903742,BIS-implied reporter USD allocation: global 5A USD liabilities to UAE allocated by reporter all-currency loans/deposits liability shares
2014-12-31,IM,IM: Isle of Man,2.186794,107.29105,275.514121,0.020381886466764934,5.615497534212536,BIS-implied reporter USD allocation: global 5A USD liabilities to UAE allocated by reporter all-currency loans/deposits liability shares
2014-12-31,ZA,ZA: South Africa,1.7782,107.29105,275.514121,0.016573609821136058,4.566263541667268,BIS-implied reporter USD allocation: global 5A USD liabilities to UAE allocated by reporter all-currency loans/deposits liability shares
2014-12-31,AT,AT: Austria,1.642296,107.29105,275.514121,0.015306924482517414,4.217273844014165,BIS-implied reporter USD allocation: global 5A USD liabilities to UAE allocated by reporter all-currency loans/deposits liability shares
2014-12-31,LU,LU: Luxembourg,1.3802880000000002,107.29105,275.514121,0.012864894136090571,3.544459999663048,BIS-implied reporter USD allocation: global 5A USD liabilities to UAE allocated by reporter all-currency loans/deposits liability shares
2014-12-31,NL,NL: Netherlands,3.47701,107.29105,275.514121,0.032407269758288317,8.928660441464688,BIS-implied reporter USD allocation: global 5A USD liabilities to UAE allocated by reporter all-currency loans/deposits liability shares
2015-03-31,TW,TW: Chinese Taipei,0.024942000000000002,136.542408,304.916697,0.00018266852302765895,0.055698682687462205,BIS-implied reporter USD allocation: global 5A USD liabilities to UAE allocated by reporter all-currency loans/deposits liability shares
2015-03-31,MO,MO: Macao SAR,-0.24554299999999998,136.542408,304.916697,-0.0017982911213928496,-0.5483289889795337,BIS-implied reporter USD allocation: global 5A USD liabilities to UAE allocated by reporter all-currency loans/deposits liability shares
2015-03-31,BR,BR: Brazil,0.002,136.542408,304.916697,1.4647463958596658e-05,0.004466256329681837,BIS-implied reporter USD allocation: global 5A USD liabilities to UAE allocated by reporter all-currency loans/deposits liability shares
2015-03-31,DK,DK: Denmark,0.78382,136.542408,304.916697,0.005740487600013616,1.7503705181656088,BIS-implied reporter USD allocation: global 5A USD liabilities to UAE allocated by reporter all-currency loans/deposits liability shares
2015-03-31,IE,IE: Ireland,0.095265,136.542408,304.916697,0.0006976953270078554,0.21273895462357015,BIS-implied reporter USD allocation: global 5A USD liabilities to UAE allocated by reporter all-currency loans/deposits liability shares
2015-03-31,ZA,ZA: South Africa,0.894845,136.542408,304.916697,0.006553604943015214,1.9983035726670721,BIS-implied reporter USD allocation: global 5A USD liabilities to UAE allocated by reporter all-currency loans/deposits liability shares
2015-03-31,US,US: United States,26.95809,136.542408,304.916697,0.19743382583380248,60.20087004931632,BIS-implied reporter USD allocation: global 5A USD liabilities to UAE allocated by reporter all-currency loans/deposits liability shares
2015-03-31,ES,ES: Spain,1.343703,136.542408,304.916697,0.009840920631779104,3.0006610144812376,BIS-implied reporter USD allocation: global 5A USD liabilities to UAE allocated by reporter all-currency loans/deposits liability shares
2015-03-31,GB,GB: United Kingdom,47.021370999999995,136.542408,304.916697,0.344371918503151,105.00474792953399,BIS-implied reporter USD allocation: global 5A USD liabilities to UAE allocated by reporter all-currency loans/deposits liability shares
2015-03-31,CH,CH: Switzerland,16.000429,136.542408,304.916697,0.1171828535497924,35.73100864943742,BIS-implied reporter USD allocation: global 5A USD liabilities to UAE allocated by reporter all-currency loans/deposits liability shares
2015-03-31,FR,FR: France,8.032333000000001,136.542408,304.916697,0.0588266540604733,17.937229051681157,BIS-implied reporter USD allocation: global 5A USD liabilities to UAE allocated by reporter all-currency loans/deposits liability shares
2015-03-31,HK,HK: Hong Kong SAR,7.83269,136.542408,304.916697,0.057364522236930234,17.491400645467817,BIS-implied reporter USD allocation: global 5A USD liabilities to UAE allocated by reporter all-currency loans/deposits liability shares
2015-03-31,GG,GG: Guernsey,6.251136,136.542408,304.916697,0.04578164463014304,13.959587863851002,BIS-implied reporter USD allocation: global 5A USD liabilities to UAE allocated by reporter all-currency loans/deposits liability shares
2015-03-31,AU,AU: Australia,0.989787,136.542408,304.916697,0.007248934704593755,2.2103212268933987,BIS-implied reporter USD allocation: global 5A USD liabilities to UAE allocated by reporter all-currency loans/deposits liability shares
2015-03-31,NL,NL: Netherlands,3.943461,136.542408,304.916697,0.02888085143481577,8.806253826051735,BIS-implied reporter USD allocation: global 5A USD liabilities to UAE allocated by reporter all-currency loans/deposits liability shares
2015-03-31,BE,BE: Belgium,3.3964870000000005,136.542408,304.916697,0.02487496045917105,7.58479078121604,BIS-implied reporter USD allocation: global 5A USD liabilities to UAE allocated by reporter all-currency loans/deposits liability shares
2015-03-31,LU,LU: Luxembourg,2.105516,136.542408,304.916697,0.015420234862124302,4.701887081123193,BIS-implied reporter USD allocation: global 5A USD liabilities to UAE allocated by reporter all-currency loans/deposits liability shares
2015-03-31,SE,SE: Sweden,1.707745,136.542408,304.916697,0.012507066668986827,3.8136134578662557,BIS-implied reporter USD allocation: global 5A USD liabilities to UAE allocated by reporter all-currency loans/deposits liability shares
2015-03-31,IM,IM: Isle of Man,1.658551,136.542408,304.916697,0.012146782997997225,3.7037569509250714,BIS-implied reporter USD allocation: global 5A USD liabilities to UAE allocated by reporter all-currency loans/deposits liability shares
2015-03-31,JE,JE: Jersey,5.7961670000000005,136.542408,304.916697,0.042449573615253665,12.943583775821496,BIS-implied reporter USD allocation: global 5A USD liabilities to UAE allocated by reporter all-currency loans/deposits liability shares
2015-06-30,IT,IT: Italy,0.18548399999999998,120.536459,291.826032,0.0015388207148179123,0.44906794316471493,BIS-implied reporter USD allocation: global 5A USD liabilities to UAE allocated by reporter all-currency loans/deposits liability shares
2015-06-30,SE,SE: Sweden,0.093993,120.536459,291.826032,0.0007797889599527724,0.2275627179804245,BIS-implied reporter USD allocation: global 5A USD liabilities to UAE allocated by reporter all-currency loans/deposits liability shares
2015-06-30,TW,TW: Chinese Taipei,0.06542800000000001,120.536459,291.826032,0.0005428067204131159,0.15840513136109302,BIS-implied reporter USD allocation: global 5A USD liabilities to UAE allocated by reporter all-currency loans/deposits liability shares
2015-06-30,FI,FI: Finland,0.041028,120.536459,291.826032,0.0003403783414609849,0.0993312607673003,BIS-implied reporter USD allocation: global 5A USD liabilities to UAE allocated by reporter all-currency loans/deposits liability shares
2015-06-30,AU,AU: Australia,0.9801900000000001,120.536459,291.826032,0.008131896424798743,2.3730990662840035,BIS-implied reporter USD allocation: global 5A USD liabilities to UAE allocated by reporter all-currency loans/deposits liability shares
2015-06-30,MO,MO: Macao SAR,0.194084,120.536459,291.826032,0.0016101684221534998,0.46988906148875675,BIS-implied reporter USD allocation: global 5A USD liabilities to UAE allocated by reporter all-currency loans/deposits liability shares
2015-06-30,CL,CL: Chile,0.030771,120.536459,291.826032,0.0002552837560957386,0.07449844557547522,BIS-implied reporter USD allocation: global 5A USD liabilities to UAE allocated by reporter all-currency loans/deposits liability shares
2015-06-30,GG,GG: Guernsey,1.0860159999999999,120.536459,291.826032,0.009009854852298257,2.6293101904421463,BIS-implied reporter USD allocation: global 5A USD liabilities to UAE allocated by reporter all-currency loans/deposits liability shares
2015-06-30,AT,AT: Austria,1.30254,120.536459,291.826032,0.010806191013127407,3.153527844395031,BIS-implied reporter USD allocation: global 5A USD liabilities to UAE allocated by reporter all-currency loans/deposits liability shares
2015-06-30,ZA,ZA: South Africa,1.2785760000000002,120.536459,291.826032,0.01060737979701229,3.0955095560790618,BIS-implied reporter USD allocation: global 5A USD liabilities to UAE allocated by reporter all-currency loans/deposits liability shares
2015-06-30,GB,GB: United Kingdom,39.814862999999995,120.536459,291.826032,0.3303138596430811,96.39418297424528,BIS-implied reporter USD allocation: global 5A USD liabilities to UAE allocated by reporter all-currency loans/deposits liability shares
2015-06-30,US,US: United States,21.394425,120.536459,291.826032,0.17749339226897315,51.79719237207391,BIS-implied reporter USD allocation: global 5A USD liabilities to UAE allocated by reporter all-currency loans/deposits liability shares
2015-06-30,HK,HK: Hong Kong SAR,9.919956,120.536459,291.826032,0.08229838575231417,24.01681135410318,BIS-implied reporter USD allocation: global 5A USD liabilities to UAE allocated by reporter all-currency loans/deposits liability shares
2015-06-30,NL,NL: Netherlands,6.637027,120.536459,291.826032,0.05506240232260349,16.06864238219296,BIS-implied reporter USD allocation: global 5A USD liabilities to UAE allocated by reporter all-currency loans/deposits liability shares
2015-06-30,CH,CH: Switzerland,17.674842,120.536459,291.826032,0.1466348202579935,42.791857748923455,BIS-implied reporter USD allocation: global 5A USD liabilities to UAE allocated by reporter all-currency loans/deposits liability shares
2015-06-30,FR,FR: France,5.541062,120.536459,291.826032,0.045970008128412,13.41524506312222,BIS-implied reporter USD allocation: global 5A USD liabilities to UAE allocated by reporter all-currency loans/deposits liability shares
2015-06-30,IM,IM: Isle of Man,1.9977900000000002,120.536459,291.826032,0.016574155376507287,4.836769997277588,BIS-implied reporter USD allocation: global 5A USD liabilities to UAE allocated by reporter all-currency loans/deposits liability shares
2015-06-30,LU,LU: Luxembourg,1.6856550000000001,120.536459,291.826032,0.01398460693125223,4.081072349827035,BIS-implied reporter USD allocation: global 5A USD liabilities to UAE allocated by reporter all-currency loans/deposits liability shares
2015-06-30,BE,BE: Belgium,1.6573550000000001,120.536459,291.826032,0.013749823196647915,4.012556344179316,BIS-implied reporter USD allocation: global 5A USD liabilities to UAE allocated by reporter all-currency loans/deposits liability shares
2015-06-30,JE,JE: Jersey,5.7389019999999995,120.536459,291.826032,0.04761133724693207,13.89422762698599,BIS-implied reporter USD allocation: global 5A USD liabilities to UAE allocated by reporter all-currency loans/deposits liability shares
2015-09-30,FI,FI: Finland,-0.022929999999999992,139.725349,311.093219,-0.00016410765951996293,-0.051052780062621254,BIS-implied reporter USD allocation: global 5A USD liabilities to UAE allocated by reporter all-currency loans/deposits liability shares
2015-09-30,MO,MO: Macao SAR,-0.033445,139.725349,311.093219,-0.00023936243666136775,-0.0744640309286685,BIS-implied reporter USD allocation: global 5A USD liabilities to UAE allocated by reporter all-currency loans/deposits liability shares
2015-09-30,TW,TW: Chinese Taipei,-0.062206,139.725349,311.093219,-0.00044520196546440547,-0.1384993125414487,BIS-implied reporter USD allocation: global 5A USD liabilities to UAE allocated by reporter all-currency loans/deposits liability shares
2015-09-30,CA,CA: Canada,0.609142,139.725349,311.093219,0.004359566852826397,1.356231685691463,BIS-implied reporter USD allocation: global 5A USD liabilities to UAE allocated by reporter all-currency loans/deposits liability shares
2015-09-30,IE,IE: Ireland,0.13347799999999999,139.725349,311.093219,0.0009552883636025128,0.29718373210634813,BIS-implied reporter USD allocation: global 5A USD liabilities to UAE allocated by reporter all-currency loans/deposits liability shares
2015-09-30,ES,ES: Spain,0.706808,139.725349,311.093219,0.005058552403401047,1.5736813506542182,BIS-implied reporter USD allocation: global 5A USD liabilities to UAE allocated by reporter all-currency loans/deposits liability shares
2015-09-30,FR,FR: France,14.223759999999999,139.725349,311.093219,0.10179799228842863,31.668665108744438,BIS-implied reporter USD allocation: global 5A USD liabilities to UAE allocated by reporter all-currency loans/deposits liability shares
2015-09-30,GG,GG: Guernsey,0.80023,139.725349,311.093219,0.005727164081014391,1.7816819097039436,BIS-implied reporter USD allocation: global 5A USD liabilities to UAE allocated by reporter all-currency loans/deposits liability shares
2015-09-30,US,US: United States,22.990329,139.725349,311.093219,0.1645394279888326,51.187100305464625,BIS-implied reporter USD allocation: global 5A USD liabilities to UAE allocated by reporter all-currency loans/deposits liability shares
2015-09-30,CH,CH: Switzerland,15.441181,139.725349,311.093219,0.11051094959154477,34.379207043180394,BIS-implied reporter USD allocation: global 5A USD liabilities to UAE allocated by reporter all-currency loans/deposits liability shares
2015-09-30,ZA,ZA: South Africa,0.747081,139.725349,311.093219,0.005346782136146248,1.6633476660254325,BIS-implied reporter USD allocation: global 5A USD liabilities to UAE allocated by reporter all-currency loans/deposits liability shares
2015-09-30,HK,HK: Hong Kong SAR,5.866147,139.725349,311.093219,0.04198341275926962,13.060755019886857,BIS-implied reporter USD allocation: global 5A USD liabilities to UAE allocated by reporter all-currency loans/deposits liability shares
2015-09-30,NL,NL: Netherlands,5.4256660000000005,139.725349,311.093219,0.038830935394550355,12.080040688671703,BIS-implied reporter USD allocation: global 5A USD liabilities to UAE allocated by reporter all-currency loans/deposits liability shares
2015-09-30,GB,GB: United Kingdom,58.87603599999999,139.725349,311.093219,0.42136975446023034,131.08527330427265,BIS-implied reporter USD allocation: global 5A USD liabilities to UAE allocated by reporter all-currency loans/deposits liability shares
2015-09-30,LU,LU: Luxembourg,2.356135,139.725349,311.093219,0.016862616675231923,5.245845702260976,BIS-implied reporter USD allocation: global 5A USD liabilities to UAE allocated by reporter all-currency loans/deposits liability shares
2015-09-30,IM,IM: Isle of Man,1.883756,139.725349,311.093219,0.013481848594273328,4.194111677263114,BIS-implied reporter USD allocation: global 5A USD liabilities to UAE allocated by reporter all-currency loans/deposits liability shares
2015-09-30,BE,BE: Belgium,1.204532,139.725349,311.093219,0.008620712051325776,2.6818450621190286,BIS-implied reporter USD allocation: global 5A USD liabilities to UAE allocated by reporter all-currency loans/deposits liability shares
2015-09-30,SE,SE: Sweden,1.167472,139.725349,311.093219,0.008355477430226351,2.599332370050963,BIS-implied reporter USD allocation: global 5A USD liabilities to UAE allocated by reporter all-currency loans/deposits liability shares
2015-09-30,AT,AT: Austria,0.8219380000000001,139.725349,311.093219,0.005882526011797617,1.8300139528613524,BIS-implied reporter USD allocation: global 5A USD liabilities to UAE allocated by reporter all-currency loans/deposits liability shares
2015-09-30,JE,JE: Jersey,5.138,139.725349,311.093219,0.03677213932026035,11.439563190656262,BIS-implied reporter USD allocation: global 5A USD liabilities to UAE allocated by reporter all-currency loans/deposits liability shares
2015-12-31,MO,MO: Macao SAR,-0.269982,84.718931,234.047777,-0.003186796585051339,-0.7458626564824573,BIS-implied reporter USD allocation: global 5A USD liabilities to UAE allocated by reporter all-currency loans/deposits liability shares
2015-12-31,SE,SE: Sweden,-0.726648,84.718931,234.047777,-0.008577162051301143,-2.0074657110757923,BIS-implied reporter USD allocation: global 5A USD liabilities to UAE allocated by reporter all-currency loans/deposits liability shares
2015-12-31,FR,FR: France,-1.11584,84.718931,234.047777,-0.013171082151638576,-3.0826624982753854,BIS-implied reporter USD allocation: global 5A USD liabilities to UAE allocated by reporter all-currency loans/deposits liability shares
2015-12-31,KR,KR: Korea,0.47458100000000003,84.718931,234.047777,0.005601829418739952,1.3110957225892879,BIS-implied reporter USD allocation: global 5A USD liabilities to UAE allocated by reporter all-currency loans/deposits liability shares
2015-12-31,FI,FI: Finland,0.01481,84.718931,234.047777,0.00017481334838844934,0.0409146755802431,BIS-implied reporter USD allocation: global 5A USD liabilities to UAE allocated by reporter all-currency loans/deposits liability shares
2015-12-31,DK,DK: Denmark,0.50171,84.718931,234.047777,0.005922053006074876,1.3860433413479922,BIS-implied reporter USD allocation: global 5A USD liabilities to UAE allocated by reporter all-currency loans/deposits liability shares
2015-12-31,CA,CA: Canada,0.5347000000000001,84.718931,234.047777,0.00631145829731964,1.477182784115867,BIS-implied reporter USD allocation: global 5A USD liabilities to UAE allocated by reporter all-currency loans/deposits liability shares
2015-12-31,ES,ES: Spain,0.662583,84.718931,234.047777,0.007820955625608639,1.8304772781893461,BIS-implied reporter USD allocation: global 5A USD liabilities to UAE allocated by reporter all-currency loans/deposits liability shares
2015-12-31,CH,CH: Switzerland,19.071648,84.718931,234.047777,0.2251167215507004,52.68806824446942,BIS-implied reporter USD allocation: global 5A USD liabilities to UAE allocated by reporter all-currency loans/deposits liability shares
2015-12-31,JE,JE: Jersey,5.446022,84.718931,234.047777,0.06428341264126669,15.045389826662166,BIS-implied reporter USD allocation: global 5A USD liabilities to UAE allocated by reporter all-currency loans/deposits liability shares
2015-12-31,HK,HK: Hong Kong SAR,5.1265920000000005,84.718931,234.047777,0.06051294485762575,14.162920223650888,BIS-implied reporter USD allocation: global 5A USD liabilities to UAE allocated by reporter all-currency loans/deposits liability shares
2015-12-31,BE,BE: Belgium,3.164122,84.718931,234.047777,0.037348464654257736,8.741325126692097,BIS-implied reporter USD allocation: global 5A USD liabilities to UAE allocated by reporter all-currency loans/deposits liability shares
2015-12-31,LU,LU: Luxembourg,2.676005,84.718931,234.047777,0.031586859848361404,7.392834329919544,BIS-implied reporter USD allocation: global 5A USD liabilities to UAE allocated by reporter all-currency loans/deposits liability shares
2015-12-31,GB,GB: United Kingdom,39.187194,84.718931,234.047777,0.4625553407891797,108.26004925118494,BIS-implied reporter USD allocation: global 5A USD liabilities to UAE allocated by reporter all-currency loans/deposits liability shares
2015-12-31,IM,IM: Isle of Man,1.9023719999999997,84.718931,234.047777,0.02245509920327016,5.255566050839852,BIS-implied reporter USD allocation: global 5A USD liabilities to UAE allocated by reporter all-currency loans/deposits liability shares
2015-12-31,NL,NL: Netherlands,1.6076219999999997,84.718931,234.047777,0.018975947654485865,4.44127836500078,BIS-implied reporter USD allocation: global 5A USD liabilities to UAE allocated by reporter all-currency loans/deposits liability shares
2015-12-31,AT,AT: Austria,1.233921,84.718931,234.047777,0.014564879247591074,3.4088776101721234,BIS-implied reporter USD allocation: global 5A USD liabilities to UAE allocated by reporter all-currency loans/deposits liability shares
2015-12-31,GG,GG: Guernsey,0.854808,84.718931,234.047777,0.01008992901480308,2.361525456002461,BIS-implied reporter USD allocation: global 5A USD liabilities to UAE allocated by reporter all-currency loans/deposits liability shares
2015-12-31,ZA,ZA: South Africa,0.812162,84.718931,234.047777,0.009586546836857515,2.243709976272883,BIS-implied reporter USD allocation: global 5A USD liabilities to UAE allocated by reporter all-currency loans/deposits liability shares
2015-12-31,AU,AU: Australia,2.3222750000000003,84.718931,234.047777,0.027411523877703323,6.415606227758882,BIS-implied reporter USD allocation: global 5A USD liabilities to UAE allocated by reporter all-currency loans/deposits liability shares
2016-03-31,BR,BR: Brazil,-0.097,108.007326,275.568242,-0.0008980872278978557,-0.24748431855446545,BIS-implied reporter USD allocation: global 5A USD liabilities to UAE allocated by reporter all-currency loans/deposits liability shares
2016-03-31,CL,CL: Chile,-0.099955,108.007326,275.568242,-0.0009254464831394862,-0.25502366042383084,BIS-implied reporter USD allocation: global 5A USD liabilities to UAE allocated by reporter all-currency loans/deposits liability shares
2016-03-31,TW,TW: Chinese Taipei,-0.1343089999999999,108.007326,275.568242,-0.0012435174999147734,-0.34267393134774926,BIS-implied reporter USD allocation: global 5A USD liabilities to UAE allocated by reporter all-currency loans/deposits liability shares
2016-03-31,CA,CA: Canada,0.6504380000000001,108.007326,275.568242,0.006022165570509542,1.6595175792982415,BIS-implied reporter USD allocation: global 5A USD liabilities to UAE allocated by reporter all-currency loans/deposits liability shares
2016-03-31,MO,MO: Macao SAR,-0.040484000000000006,108.007326,275.568242,-0.00037482642612594636,-0.10329025930266991,BIS-implied reporter USD allocation: global 5A USD liabilities to UAE allocated by reporter all-currency loans/deposits liability shares
2016-03-31,GG,GG: Guernsey,0.9405060000000001,108.007326,275.568242,0.008707798209910318,2.399592644395733,BIS-implied reporter USD allocation: global 5A USD liabilities to UAE allocated by reporter all-currency loans/deposits liability shares
2016-03-31,AU,AU: Australia,-0.520466,108.007326,275.568242,-0.004818802754176138,-1.3279090035130765,BIS-implied reporter USD allocation: global 5A USD liabilities to UAE allocated by reporter all-currency loans/deposits liability shares
2016-03-31,AT,AT: Austria,1.20204,108.007326,275.568242,0.011129245066209674,3.0668664976825735,BIS-implied reporter USD allocation: global 5A USD liabilities to UAE allocated by reporter all-currency loans/deposits liability shares
2016-03-31,GB,GB: United Kingdom,36.298537,108.007326,275.568242,0.3360747677430696,92.611532927516,BIS-implied reporter USD allocation: global 5A USD liabilities to UAE allocated by reporter all-currency loans/deposits liability shares
2016-03-31,CH,CH: Switzerland,17.527625,108.007326,275.568242,0.16228181595755828,44.71971473199188,BIS-implied reporter USD allocation: global 5A USD liabilities to UAE allocated by reporter all-currency loans/deposits liability shares
2016-03-31,US,US: United States,17.349885999999998,108.007326,275.568242,0.16063619610395685,44.26623416193464,BIS-implied reporter USD allocation: global 5A USD liabilities to UAE allocated by reporter all-currency loans/deposits liability shares
2016-03-31,FR,FR: France,9.186088,108.007326,275.568242,0.08505060110459543,23.43724462743662,BIS-implied reporter USD allocation: global 5A USD liabilities to UAE allocated by reporter all-currency loans/deposits liability shares
2016-03-31,HK,HK: Hong Kong SAR,6.60044,108.007326,275.568242,0.06111103981965075,16.840261809893153,BIS-implied reporter USD allocation: global 5A USD liabilities to UAE allocated by reporter all-currency loans/deposits liability shares
2016-03-31,DK,DK: Denmark,1.134322,108.007326,275.568242,0.010502269077562387,2.8940918267148286,BIS-implied reporter USD allocation: global 5A USD liabilities to UAE allocated by reporter all-currency loans/deposits liability shares
2016-03-31,NL,NL: Netherlands,2.960745,108.007326,275.568242,0.027412446077963268,7.553999574624132,BIS-implied reporter USD allocation: global 5A USD liabilities to UAE allocated by reporter all-currency loans/deposits liability shares
2016-03-31,LU,LU: Luxembourg,2.65451,108.007326,275.568242,0.024577129147702444,6.772676272639321,BIS-implied reporter USD allocation: global 5A USD liabilities to UAE allocated by reporter all-currency loans/deposits liability shares
2016-03-31,BE,BE: Belgium,1.9864249999999999,108.007326,275.568242,0.018391576512133998,5.068134407057258,BIS-implied reporter USD allocation: global 5A USD liabilities to UAE allocated by reporter all-currency loans/deposits liability shares
2016-03-31,IM,IM: Isle of Man,1.7494750000000001,108.007326,275.568242,0.016197743845635063,4.463583795907973,BIS-implied reporter USD allocation: global 5A USD liabilities to UAE allocated by reporter all-currency loans/deposits liability shares
2016-03-31,ZA,ZA: South Africa,1.396264,108.007326,275.568242,0.012927493455397645,3.5624066449704346,BIS-implied reporter USD allocation: global 5A USD liabilities to UAE allocated by reporter all-currency loans/deposits liability shares
2016-03-31,JE,JE: Jersey,5.96374,108.007326,275.568242,0.055216069324778946,15.215795153979462,BIS-implied reporter USD allocation: global 5A USD liabilities to UAE allocated by reporter all-currency loans/deposits liability shares
2016-06-30,MX,MX: Mexico,-0.083469,116.187238,286.979917,-0.0007184007592985385,-0.20616659027623158,BIS-implied reporter USD allocation: global 5A USD liabilities to UAE allocated by reporter all-currency loans/deposits liability shares
2016-06-30,CL,CL: Chile,-0.09914400000000001,116.187238,286.979917,-0.0008533123061243613,-0.24488349478664778,BIS-implied reporter USD allocation: global 5A USD liabilities to UAE allocated by reporter all-currency loans/deposits liability shares
2016-06-30,TW,TW: Chinese Taipei,-0.140014,116.187238,286.979917,-0.0012050721095547517,-0.34583149397903756,BIS-implied reporter USD allocation: global 5A USD liabilities to UAE allocated by reporter all-currency loans/deposits liability shares
2016-06-30,ZA,ZA: South Africa,0.691685,116.187238,286.979917,0.005953192552868845,1.7084467047073193,BIS-implied reporter USD allocation: global 5A USD liabilities to UAE allocated by reporter all-currency loans/deposits liability shares
2016-06-30,IE,IE: Ireland,0.132373,116.187238,286.979917,0.0011393075718006138,0.3269583923928117,BIS-implied reporter USD allocation: global 5A USD liabilities to UAE allocated by reporter all-currency loans/deposits liability shares
2016-06-30,GG,GG: Guernsey,0.8753219999999999,116.187238,286.979917,0.007533718978671306,2.1620260472004165,BIS-implied reporter USD allocation: global 5A USD liabilities to UAE allocated by reporter all-currency loans/deposits liability shares
2016-06-30,SE,SE: Sweden,-0.18311100000000002,116.187238,286.979917,-0.0015759992504512418,-0.4522801340865596,BIS-implied reporter USD allocation: global 5A USD liabilities to UAE allocated by reporter all-currency loans/deposits liability shares
2016-06-30,AU,AU: Australia,1.3001070000000001,116.187238,286.979917,0.011189757346671759,3.2112356345980015,BIS-implied reporter USD allocation: global 5A USD liabilities to UAE allocated by reporter all-currency loans/deposits liability shares
2016-06-30,GB,GB: United Kingdom,38.70502,116.187238,286.979917,0.33312625952946745,95.60054631028703,BIS-implied reporter USD allocation: global 5A USD liabilities to UAE allocated by reporter all-currency loans/deposits liability shares
2016-06-30,US,US: United States,17.420572,116.187238,286.979917,0.14993533110753524,43.02842887660798,BIS-implied reporter USD allocation: global 5A USD liabilities to UAE allocated by reporter all-currency loans/deposits liability shares
2016-06-30,CH,CH: Switzerland,17.229448,116.187238,286.979917,0.14829036559075448,42.55635680913438,BIS-implied reporter USD allocation: global 5A USD liabilities to UAE allocated by reporter all-currency loans/deposits liability shares
2016-06-30,FR,FR: France,8.764965,116.187238,286.979917,0.07543827662036343,21.649270363134935,BIS-implied reporter USD allocation: global 5A USD liabilities to UAE allocated by reporter all-currency loans/deposits liability shares
2016-06-30,HK,HK: Hong Kong SAR,7.046157999999999,116.187238,286.979917,0.06064485326693109,17.40385495702106,BIS-implied reporter USD allocation: global 5A USD liabilities to UAE allocated by reporter all-currency loans/deposits liability shares
2016-06-30,MO,MO: Macao SAR,1.016336,116.187238,286.979917,0.008747397885471724,2.510327519138651,BIS-implied reporter USD allocation: global 5A USD liabilities to UAE allocated by reporter all-currency loans/deposits liability shares
2016-06-30,BE,BE: Belgium,5.698802,116.187238,286.979917,0.049048433357198835,14.075915333828954,BIS-implied reporter USD allocation: global 5A USD liabilities to UAE allocated by reporter all-currency loans/deposits liability shares
2016-06-30,LU,LU: Luxembourg,3.1029590000000002,116.187238,286.979917,0.026706538974616133,7.664240338292603,BIS-implied reporter USD allocation: global 5A USD liabilities to UAE allocated by reporter all-currency loans/deposits liability shares
2016-06-30,NL,NL: Netherlands,2.466456,116.187238,286.979917,0.021228286707357654,6.0920919573297025,BIS-implied reporter USD allocation: global 5A USD liabilities to UAE allocated by reporter all-currency loans/deposits liability shares
2016-06-30,IM,IM: Isle of Man,1.749794,116.187238,286.979917,0.015060122179683798,4.321952613135515,BIS-implied reporter USD allocation: global 5A USD liabilities to UAE allocated by reporter all-currency loans/deposits liability shares
2016-06-30,AT,AT: Austria,1.412318,116.187238,286.979917,0.012155534672405243,3.488394331377479,BIS-implied reporter USD allocation: global 5A USD liabilities to UAE allocated by reporter all-currency loans/deposits liability shares
2016-06-30,JE,JE: Jersey,6.7447029999999994,116.187238,286.979917,0.05805029120323869,16.659267751331267,BIS-implied reporter USD allocation: global 5A USD liabilities to UAE allocated by reporter all-currency loans/deposits liability shares
2016-09-30,KR,KR: Korea,0.345173,122.580665,249.814815,0.0028158845442713175,0.7034496764884985,BIS-implied reporter USD allocation: global 5A USD liabilities to UAE allocated by reporter all-currency loans/deposits liability shares
2016-09-30,BR,BR: Brazil,0.10904,122.580665,249.814815,0.0008895366981407712,0.22221944568174762,BIS-implied reporter USD allocation: global 5A USD liabilities to UAE allocated by reporter all-currency loans/deposits liability shares
2016-09-30,SE,SE: Sweden,0.067493,122.580665,249.814815,0.0005506007003633077,0.13754821210013013,BIS-implied reporter USD allocation: global 5A USD liabilities to UAE allocated by reporter all-currency loans/deposits liability shares
2016-09-30,IE,IE: Ireland,1.5999999999998654e-05,122.580665,249.814815,1.3052629466481239e-07,3.2607402154325596e-05,BIS-implied reporter USD allocation: global 5A USD liabilities to UAE allocated by reporter all-currency loans/deposits liability shares
2016-09-30,GG,GG: Guernsey,1.2220860000000002,122.580665,249.814815,0.00996964733385971,2.490565604323407,BIS-implied reporter USD allocation: global 5A USD liabilities to UAE allocated by reporter all-currency loans/deposits liability shares
2016-09-30,ES,ES: Spain,0.4137239999999999,122.580665,249.814815,0.003375116295869336,0.8431540530560835,BIS-implied reporter USD allocation: global 5A USD liabilities to UAE allocated by reporter all-currency loans/deposits liability shares
2016-09-30,MX,MX: Mexico,-0.100038,122.580665,249.814815,-0.000816099341604975,-0.20387370604466865,BIS-implied reporter USD allocation: global 5A USD liabilities to UAE allocated by reporter all-currency loans/deposits liability shares
2016-09-30,BE,BE: Belgium,1.2291420000000002,122.580665,249.814815,0.010027209429806897,2.5049454686734656,BIS-implied reporter USD allocation: global 5A USD liabilities to UAE allocated by reporter all-currency loans/deposits liability shares
2016-09-30,IM,IM: Isle of Man,1.700404,122.580665,249.814815,0.01387171459707777,3.465359815801783,BIS-implied reporter USD allocation: global 5A USD liabilities to UAE allocated by reporter all-currency loans/deposits liability shares
2016-09-30,FI,FI: Finland,1.3214540000000001,122.580665,249.814815,0.010780280886875595,2.6930738754028627,BIS-implied reporter USD allocation: global 5A USD liabilities to UAE allocated by reporter all-currency loans/deposits liability shares
2016-09-30,GB,GB: United Kingdom,48.072696,122.580665,249.814815,0.3921719302142797,97.9703581946732,BIS-implied reporter USD allocation: global 5A USD liabilities to UAE allocated by reporter all-currency loans/deposits liability shares
2016-09-30,CH,CH: Switzerland,20.143176999999998,122.580665,249.814815,0.1643258910367308,41.051042069051064,BIS-implied reporter USD allocation: global 5A USD liabilities to UAE allocated by reporter all-currency loans/deposits liability shares
2016-09-30,US,US: United States,8.711786,122.580665,249.814815,0.07106982165580518,17.754294349027965,BIS-implied reporter USD allocation: global 5A USD liabilities to UAE allocated by reporter all-currency loans/deposits liability shares
2016-09-30,JE,JE: Jersey,6.305657999999999,122.580665,249.814815,0.051440885885225045,12.850695390853605,BIS-implied reporter USD allocation: global 5A USD liabilities to UAE allocated by reporter all-currency loans/deposits liability shares
2016-09-30,FR,FR: France,10.181356,122.580665,249.814815,0.0830584170839667,20.749223098023982,BIS-implied reporter USD allocation: global 5A USD liabilities to UAE allocated by reporter all-currency loans/deposits liability shares
2016-09-30,AT,AT: Austria,5.0512049999999995,122.580665,249.814815,0.041207192015151814,10.294167049934629,BIS-implied reporter USD allocation: global 5A USD liabilities to UAE allocated by reporter all-currency loans/deposits liability shares
2016-09-30,LU,LU: Luxembourg,3.417666,122.580665,249.814815,0.027880954961371763,6.965075605698419,BIS-implied reporter USD allocation: global 5A USD liabilities to UAE allocated by reporter all-currency loans/deposits liability shares
2016-09-30,DK,DK: Denmark,2.60701,122.580665,249.814815,0.02126770971588382,5.312988968147219,BIS-implied reporter USD allocation: global 5A USD liabilities to UAE allocated by reporter all-currency loans/deposits liability shares
2016-09-30,NL,NL: Netherlands,2.447075,122.580665,249.814815,0.019962977032307663,4.987047414175188,BIS-implied reporter USD allocation: global 5A USD liabilities to UAE allocated by reporter all-currency loans/deposits liability shares
2016-09-30,HK,HK: Hong Kong SAR,5.460678,122.580665,249.814815,0.04454762910610739,11.128657723830834,BIS-implied reporter USD allocation: global 5A USD liabilities to UAE allocated by reporter all-currency loans/deposits liability shares
2016-12-31,CL,CL: Chile,6.4e-05,179.68166100000002,232.020936,3.561854873992955e-07,8.264249017600075e-05,BIS-implied reporter USD allocation: global 5A USD liabilities to UAE allocated by reporter all-currency loans/deposits liability shares
2016-12-31,KR,KR: Korea,-0.09852200000000001,179.68166100000002,232.020936,-0.0005483141654617718,-0.1272203658924992,BIS-implied reporter USD allocation: global 5A USD liabilities to UAE allocated by reporter all-currency loans/deposits liability shares
2016-12-31,AU,AU: Australia,-0.15693100000000004,179.68166100000002,232.020936,-0.0008733835112977947,-0.2026432597782809,BIS-implied reporter USD allocation: global 5A USD liabilities to UAE allocated by reporter all-currency loans/deposits liability shares
2016-12-31,GG,GG: Guernsey,0.830978,179.68166100000002,232.020936,0.004624723499188935,1.073032675023012,BIS-implied reporter USD allocation: global 5A USD liabilities to UAE allocated by reporter all-currency loans/deposits liability shares
2016-12-31,PH,PH: Philippines,0.098495,179.68166100000002,232.020936,0.0005481638997092752,0.12718550109195617,BIS-implied reporter USD allocation: global 5A USD liabilities to UAE allocated by reporter all-currency loans/deposits liability shares
2016-12-31,ES,ES: Spain,0.9066939999999999,179.68166100000002,232.020936,0.005046113192375263,1.1708039060568567,BIS-implied reporter USD allocation: global 5A USD liabilities to UAE allocated by reporter all-currency loans/deposits liability shares
2016-12-31,NL,NL: Netherlands,0.8947029999999998,179.68166100000002,232.020936,0.00497937850207206,1.1553200607490373,BIS-implied reporter USD allocation: global 5A USD liabilities to UAE allocated by reporter all-currency loans/deposits liability shares
2016-12-31,IT,IT: Italy,1.247339,179.68166100000002,232.020936,0.006941938276049217,1.6106750164631658,BIS-implied reporter USD allocation: global 5A USD liabilities to UAE allocated by reporter all-currency loans/deposits liability shares
2016-12-31,MO,MO: Macao SAR,63.734714,179.68166100000002,232.020936,0.354709065161636,82.29992930648777,BIS-implied reporter USD allocation: global 5A USD liabilities to UAE allocated by reporter all-currency loans/deposits liability shares
2016-12-31,GB,GB: United Kingdom,38.609118,179.68166100000002,232.020936,0.21487511738885806,49.855525859672724,BIS-implied reporter USD allocation: global 5A USD liabilities to UAE allocated by reporter all-currency loans/deposits liability shares
2016-12-31,CH,CH: Switzerland,19.316142,179.68166100000002,232.020936,0.10750202270225005,24.942719929269305,BIS-implied reporter USD allocation: global 5A USD liabilities to UAE allocated by reporter all-currency loans/deposits liability shares
2016-12-31,HK,HK: Hong Kong SAR,8.796858,179.68166100000002,232.020936,0.04895801803613113,11.359285169448027,BIS-implied reporter USD allocation: global 5A USD liabilities to UAE allocated by reporter all-currency loans/deposits liability shares
2016-12-31,FR,FR: France,8.596626,179.68166100000002,232.020936,0.04784364721561651,11.100727808621135,BIS-implied reporter USD allocation: global 5A USD liabilities to UAE allocated by reporter all-currency loans/deposits liability shares
2016-12-31,US,US: United States,14.947583000000002,179.68166100000002,232.020936,0.08318925212963164,19.30164814425713,BIS-implied reporter USD allocation: global 5A USD liabilities to UAE allocated by reporter all-currency loans/deposits liability shares
2016-12-31,BE,BE: Belgium,4.629558,179.68166100000002,232.020936,0.025765333948020438,5.978096898972278,BIS-implied reporter USD allocation: global 5A USD liabilities to UAE allocated by reporter all-currency loans/deposits liability shares
2016-12-31,AT,AT: Austria,3.139046,179.68166100000002,232.020936,0.017470041085606392,4.0534152846408515,BIS-implied reporter USD allocation: global 5A USD liabilities to UAE allocated by reporter all-currency loans/deposits liability shares
2016-12-31,LU,LU: Luxembourg,2.601796,179.68166100000002,232.020936,0.014480030880836525,3.359670318280595,BIS-implied reporter USD allocation: global 5A USD liabilities to UAE allocated by reporter all-currency loans/deposits liability shares
2016-12-31,IM,IM: Isle of Man,1.6292399999999998,179.68166100000002,232.020936,0.00906736942953794,2.103819542099179,BIS-implied reporter USD allocation: global 5A USD liabilities to UAE allocated by reporter all-currency loans/deposits liability shares
2016-12-31,ZA,ZA: South Africa,1.3626740000000002,179.68166100000002,232.020936,0.007583823482130433,1.7596058227826823,BIS-implied reporter USD allocation: global 5A USD liabilities to UAE allocated by reporter all-currency loans/deposits liability shares
2016-12-31,JE,JE: Jersey,6.523414,179.68166100000002,232.020936,0.036305396798396686,8.423612147015403,BIS-implied reporter USD allocation: global 5A USD liabilities to UAE allocated by reporter all-currency loans/deposits liability shares
2017-03-31,SE,SE: Sweden,0.038185000000000004,251.02674100000002,299.708447,0.0001521152680701854,0.04559023075830395,BIS-implied reporter USD allocation: global 5A USD liabilities to UAE allocated by reporter all-currency loans/deposits liability shares
2017-03-31,CL,CL: Chile,0.00023,251.02674100000002,299.708447,9.162370474307357e-07,0.00027460398256933113,BIS-implied reporter USD allocation: global 5A USD liabilities to UAE allocated by reporter all-currency loans/deposits liability shares
2017-03-31,MX,MX: Mexico,0.000127,251.02674100000002,299.708447,5.059221957552323e-07,0.00015162915559263065,BIS-implied reporter USD allocation: global 5A USD liabilities to UAE allocated by reporter all-currency loans/deposits liability shares
2017-03-31,TW,TW: Chinese Taipei,0.8938429999999999,251.02674100000002,299.708447,0.0035607481355940476,1.0671862938770373,BIS-implied reporter USD allocation: global 5A USD liabilities to UAE allocated by reporter all-currency loans/deposits liability shares
2017-03-31,PH,PH: Philippines,0.10910500000000001,251.02674100000002,299.708447,0.00043463496982578445,0.1302637718183777,BIS-implied reporter USD allocation: global 5A USD liabilities to UAE allocated by reporter all-currency loans/deposits liability shares
2017-03-31,GG,GG: Guernsey,0.947106,251.02674100000002,299.708447,0.003772928717582323,1.1307786065882997,BIS-implied reporter USD allocation: global 5A USD liabilities to UAE allocated by reporter all-currency loans/deposits liability shares
2017-03-31,BR,BR: Brazil,3.055,251.02674100000002,299.708447,0.012170018173482162,3.6474572467361153,BIS-implied reporter USD allocation: global 5A USD liabilities to UAE allocated by reporter all-currency loans/deposits liability shares
2017-03-31,JE,JE: Jersey,6.297258,251.02674100000002,299.708447,0.025086004681867738,7.518487504637308,BIS-implied reporter USD allocation: global 5A USD liabilities to UAE allocated by reporter all-currency loans/deposits liability shares
2017-03-31,IM,IM: Isle of Man,1.651846,251.02674100000002,299.708447,0.00658035870369683,1.9721890877879098,BIS-implied reporter USD allocation: global 5A USD liabilities to UAE allocated by reporter all-currency loans/deposits liability shares
2017-03-31,DK,DK: Denmark,2.342004,251.02674100000002,299.708447,0.009329699261004229,2.796189676492625,BIS-implied reporter USD allocation: global 5A USD liabilities to UAE allocated by reporter all-currency loans/deposits liability shares
2017-03-31,LU,LU: Luxembourg,2.730101,251.02674100000002,299.708447,0.010875737736642167,3.2595504670283186,BIS-implied reporter USD allocation: global 5A USD liabilities to UAE allocated by reporter all-currency loans/deposits liability shares
2017-03-31,AT,AT: Austria,3.383752,251.02674100000002,299.708447,0.013479647572686288,4.0399642401171265,BIS-implied reporter USD allocation: global 5A USD liabilities to UAE allocated by reporter all-currency loans/deposits liability shares
2017-03-31,FR,FR: France,4.832131,251.02674100000002,299.708447,0.019249467131471864,5.769227899550977,BIS-implied reporter USD allocation: global 5A USD liabilities to UAE allocated by reporter all-currency loans/deposits liability shares
2017-03-31,NL,NL: Netherlands,6.055189,251.02674100000002,299.708447,0.02412168909128291,7.229473976565242,BIS-implied reporter USD allocation: global 5A USD liabilities to UAE allocated by reporter all-currency loans/deposits liability shares
2017-03-31,KR,KR: Korea,0.9706429999999999,251.02674100000002,299.708447,0.00386669163664918,1.158880145448014,BIS-implied reporter USD allocation: global 5A USD liabilities to UAE allocated by reporter all-currency loans/deposits liability shares
2017-03-31,US,US: United States,16.163727,251.02674100000002,299.708447,0.06439045870415853,19.298364379840987,BIS-implied reporter USD allocation: global 5A USD liabilities to UAE allocated by reporter all-currency loans/deposits liability shares
2017-03-31,HK,HK: Hong Kong SAR,16.412264999999998,251.02674100000002,299.708447,0.06538054445761217,19.595101443405397,BIS-implied reporter USD allocation: global 5A USD liabilities to UAE allocated by reporter all-currency loans/deposits liability shares
2017-03-31,CH,CH: Switzerland,18.804378,251.02674100000002,299.708447,0.07490985990213687,22.451117776257014,BIS-implied reporter USD allocation: global 5A USD liabilities to UAE allocated by reporter all-currency loans/deposits liability shares
2017-03-31,GB,GB: United Kingdom,57.481591,251.02674100000002,299.708447,0.22898592704113543,68.629016578354,BIS-implied reporter USD allocation: global 5A USD liabilities to UAE allocated by reporter all-currency loans/deposits liability shares
2017-03-31,MO,MO: Macao SAR,103.836252,251.02674100000002,299.708447,0.4136461780380601,123.97325362727248,BIS-implied reporter USD allocation: global 5A USD liabilities to UAE allocated by reporter all-currency loans/deposits liability shares
2017-06-30,PH,PH: Philippines,0.076645,120.17532,271.819889,0.0006377765418057552,0.1733603488004442,BIS-implied reporter USD allocation: global 5A USD liabilities to UAE allocated by reporter all-currency loans/deposits liability shares
2017-06-30,MX,MX: Mexico,0.002103,120.17532,271.819889,1.7499433327907925e-05,0.004756694024754832,BIS-implied reporter USD allocation: global 5A USD liabilities to UAE allocated by reporter all-currency loans/deposits liability shares
2017-06-30,IE,IE: Ireland,-0.032457,120.17532,271.819889,-0.0002700804125173122,-0.07341322775153002,BIS-implied reporter USD allocation: global 5A USD liabilities to UAE allocated by reporter all-currency loans/deposits liability shares
2017-06-30,GG,GG: Guernsey,1.077132,120.17532,271.819889,0.008963005049622502,2.436323037694828,BIS-implied reporter USD allocation: global 5A USD liabilities to UAE allocated by reporter all-currency loans/deposits liability shares
2017-06-30,FI,FI: Finland,0.273376,120.17532,271.819889,0.0022748098361627,0.6183385571618533,BIS-implied reporter USD allocation: global 5A USD liabilities to UAE allocated by reporter all-currency loans/deposits liability shares
2017-06-30,AU,AU: Australia,1.2311779999999999,120.17532,271.819889,0.010244848942361875,2.784753702334572,BIS-implied reporter USD allocation: global 5A USD liabilities to UAE allocated by reporter all-currency loans/deposits liability shares
2017-06-30,KR,KR: Korea,0.210934,120.17532,271.819889,0.0017552189584350598,0.4771034224525136,BIS-implied reporter USD allocation: global 5A USD liabilities to UAE allocated by reporter all-currency loans/deposits liability shares
2017-06-30,MO,MO: Macao SAR,1.360606,120.17532,271.819889,0.011321842121993102,3.0775018688756894,BIS-implied reporter USD allocation: global 5A USD liabilities to UAE allocated by reporter all-currency loans/deposits liability shares
2017-06-30,LU,LU: Luxembourg,1.3576590000000002,120.17532,271.819889,0.011297319616040965,3.0708361640297777,BIS-implied reporter USD allocation: global 5A USD liabilities to UAE allocated by reporter all-currency loans/deposits liability shares
2017-06-30,CH,CH: Switzerland,19.560789,120.17532,271.819889,0.16276876982728233,44.24378894711843,BIS-implied reporter USD allocation: global 5A USD liabilities to UAE allocated by reporter all-currency loans/deposits liability shares
2017-06-30,FR,FR: France,9.495576,120.17532,271.819889,0.07901436002001076,21.477674570045362,BIS-implied reporter USD allocation: global 5A USD liabilities to UAE allocated by reporter all-currency loans/deposits liability shares
2017-06-30,JE,JE: Jersey,6.699138,120.17532,271.819889,0.05574470698309769,15.152520064483138,BIS-implied reporter USD allocation: global 5A USD liabilities to UAE allocated by reporter all-currency loans/deposits liability shares
2017-06-30,BE,BE: Belgium,6.45835,120.17532,271.819889,0.05374106763352076,14.607891038885105,BIS-implied reporter USD allocation: global 5A USD liabilities to UAE allocated by reporter all-currency loans/deposits liability shares
2017-06-30,GB,GB: United Kingdom,44.346804,120.17532,271.819889,0.36901756533704255,100.30631364896514,BIS-implied reporter USD allocation: global 5A USD liabilities to UAE allocated by reporter all-currency loans/deposits liability shares
2017-06-30,TW,TW: Chinese Taipei,5.803535999999999,120.17532,271.819889,0.04829224503001115,13.126792683618433,BIS-implied reporter USD allocation: global 5A USD liabilities to UAE allocated by reporter all-currency loans/deposits liability shares
2017-06-30,HK,HK: Hong Kong SAR,5.452415,120.17532,271.819889,0.045370505358338135,12.332605730377377,BIS-implied reporter USD allocation: global 5A USD liabilities to UAE allocated by reporter all-currency loans/deposits liability shares
2017-06-30,AT,AT: Austria,3.7609519999999996,120.17532,271.819889,0.03129554387706228,8.506751262857698,BIS-implied reporter USD allocation: global 5A USD liabilities to UAE allocated by reporter all-currency loans/deposits liability shares
2017-06-30,DK,DK: Denmark,2.065449,120.17532,271.819889,0.017186964844362388,4.671758876241486,BIS-implied reporter USD allocation: global 5A USD liabilities to UAE allocated by reporter all-currency loans/deposits liability shares
2017-06-30,IM,IM: Isle of Man,1.7819289999999999,120.17532,271.819889,0.014827744997891412,4.030475999447149,BIS-implied reporter USD allocation: global 5A USD liabilities to UAE allocated by reporter all-currency loans/deposits liability shares
2017-06-30,US,US: United States,6.109772,120.17532,271.819889,0.05084048871265748,13.819455998580308,BIS-implied reporter USD allocation: global 5A USD liabilities to UAE allocated by reporter all-currency loans/deposits liability shares
2017-09-30,PH,PH: Philippines,0.110313,143.825759,288.4603,0.0007669905639086528,0.22124632816225917,BIS-implied reporter USD allocation: global 5A USD liabilities to UAE allocated by reporter all-currency loans/deposits liability shares
2017-09-30,MX,MX: Mexico,-0.000531,143.825759,288.4603,-3.6919673060790173e-06,-0.0010649859967017453,BIS-implied reporter USD allocation: global 5A USD liabilities to UAE allocated by reporter all-currency loans/deposits liability shares
2017-09-30,MO,MO: Macao SAR,1.198162,143.825759,288.4603,0.008330649588298017,2.403061679435323,BIS-implied reporter USD allocation: global 5A USD liabilities to UAE allocated by reporter all-currency loans/deposits liability shares
2017-09-30,FI,FI: Finland,-0.08391199999999999,143.825759,288.4603,-0.000583428174364788,-0.16829586620571907,BIS-implied reporter USD allocation: global 5A USD liabilities to UAE allocated by reporter all-currency loans/deposits liability shares
2017-09-30,IE,IE: Ireland,0.33567199999999997,143.825759,288.4603,0.0023338795660379583,0.6732315997831794,BIS-implied reporter USD allocation: global 5A USD liabilities to UAE allocated by reporter all-currency loans/deposits liability shares
2017-09-30,NL,NL: Netherlands,1.414411,143.825759,288.4603,0.00983419805905561,2.836775722374599,BIS-implied reporter USD allocation: global 5A USD liabilities to UAE allocated by reporter all-currency loans/deposits liability shares
2017-09-30,BR,BR: Brazil,0.128407,143.825759,288.4603,0.0008927955666133491,0.2575360769839567,BIS-implied reporter USD allocation: global 5A USD liabilities to UAE allocated by reporter all-currency loans/deposits liability shares
2017-09-30,BE,BE: Belgium,1.8745650000000003,143.825759,288.4603,0.013033583226214715,3.759671327508865,BIS-implied reporter USD allocation: global 5A USD liabilities to UAE allocated by reporter all-currency loans/deposits liability shares
2017-09-30,DK,DK: Denmark,1.836569,143.825759,288.4603,0.012769402454535282,3.683465662855984,BIS-implied reporter USD allocation: global 5A USD liabilities to UAE allocated by reporter all-currency loans/deposits liability shares
2017-09-30,GB,GB: United Kingdom,59.236344,143.825759,288.4603,0.4118618557055555,118.80579445538126,BIS-implied reporter USD allocation: global 5A USD liabilities to UAE allocated by reporter all-currency loans/deposits liability shares
2017-09-30,CH,CH: Switzerland,17.929177000000003,143.825759,288.4603,0.12465901188117492,35.959175964947285,BIS-implied reporter USD allocation: global 5A USD liabilities to UAE allocated by reporter all-currency loans/deposits liability shares
2017-09-30,US,US: United States,13.429957,143.825759,288.4603,0.09337657658389273,26.935435294362673,BIS-implied reporter USD allocation: global 5A USD liabilities to UAE allocated by reporter all-currency loans/deposits liability shares
2017-09-30,FR,FR: France,10.630327,143.825759,288.4603,0.073911148280469,21.320432006328573,BIS-implied reporter USD allocation: global 5A USD liabilities to UAE allocated by reporter all-currency loans/deposits liability shares
2017-09-30,HK,HK: Hong Kong SAR,12.021688999999999,143.825759,288.4603,0.08358508992815396,24.11098011620227,BIS-implied reporter USD allocation: global 5A USD liabilities to UAE allocated by reporter all-currency loans/deposits liability shares
2017-09-30,AT,AT: Austria,3.429181,143.825759,288.4603,0.02384260666408164,6.87764547110299,BIS-implied reporter USD allocation: global 5A USD liabilities to UAE allocated by reporter all-currency loans/deposits liability shares
2017-09-30,SE,SE: Sweden,2.771094,143.825759,288.4603,0.019267021563223595,5.557770820233947,BIS-implied reporter USD allocation: global 5A USD liabilities to UAE allocated by reporter all-currency loans/deposits liability shares
2017-09-30,AU,AU: Australia,2.386739,143.825759,288.4603,0.016594656037935456,4.786899459099673,BIS-implied reporter USD allocation: global 5A USD liabilities to UAE allocated by reporter all-currency loans/deposits liability shares
2017-09-30,LU,LU: Luxembourg,2.361033,143.825759,288.4603,0.01641592588431951,4.735342905368571,BIS-implied reporter USD allocation: global 5A USD liabilities to UAE allocated by reporter all-currency loans/deposits liability shares
2017-09-30,IM,IM: Isle of Man,2.200292,143.825759,288.4603,0.015298316624910007,4.412957003116528,BIS-implied reporter USD allocation: global 5A USD liabilities to UAE allocated by reporter all-currency loans/deposits liability shares
2017-09-30,JE,JE: Jersey,6.860848,143.825759,288.4603,0.04770249813178458,13.76027692184402,BIS-implied reporter USD allocation: global 5A USD liabilities to UAE allocated by reporter all-currency loans/deposits liability shares
2017-12-31,CL,CL: Chile,0.000418,151.66476,374.302763,2.7560786038892624e-06,0.0010316078364809335,BIS-implied reporter USD allocation: global 5A USD liabilities to UAE allocated by reporter all-currency loans/deposits liability shares
2017-12-31,MX,MX: Mexico,-0.00015000000000000001,151.66476,374.302763,-9.890234224482998e-07,-0.0003701941996941149,BIS-implied reporter USD allocation: global 5A USD liabilities to UAE allocated by reporter all-currency loans/deposits liability shares
2017-12-31,KR,KR: Korea,0.6829540000000001,151.66476,374.302763,0.004503050016365041,1.6855040630526301,BIS-implied reporter USD allocation: global 5A USD liabilities to UAE allocated by reporter all-currency loans/deposits liability shares
2017-12-31,SE,SE: Sweden,-0.463556,151.66476,374.302763,-0.0030564516107762937,-1.1440382828893674,BIS-implied reporter USD allocation: global 5A USD liabilities to UAE allocated by reporter all-currency loans/deposits liability shares
2017-12-31,TW,TW: Chinese Taipei,0.240369,151.66476,374.302763,0.0015848704735365025,0.5932213972418313,BIS-implied reporter USD allocation: global 5A USD liabilities to UAE allocated by reporter all-currency loans/deposits liability shares
2017-12-31,MO,MO: Macao SAR,0.96258,151.66476,374.302763,0.00634676110653523,2.375610218277074,BIS-implied reporter USD allocation: global 5A USD liabilities to UAE allocated by reporter all-currency loans/deposits liability shares
2017-12-31,AT,AT: Austria,2.557563,151.66476,374.302763,0.01686326474258094,6.311966586348531,BIS-implied reporter USD allocation: global 5A USD liabilities to UAE allocated by reporter all-currency loans/deposits liability shares
2017-12-31,AU,AU: Australia,1.516629,151.66476,374.302763,0.009999877361095616,3.742981725919238,BIS-implied reporter USD allocation: global 5A USD liabilities to UAE allocated by reporter all-currency loans/deposits liability shares
2017-12-31,GB,GB: United Kingdom,47.179534,151.66476,374.302763,0.31107776124130615,116.43726554047521,BIS-implied reporter USD allocation: global 5A USD liabilities to UAE allocated by reporter all-currency loans/deposits liability shares
2017-12-31,US,US: United States,24.478163,151.66476,374.302763,0.16139651030338226,60.41115974511395,BIS-implied reporter USD allocation: global 5A USD liabilities to UAE allocated by reporter all-currency loans/deposits liability shares
2017-12-31,CH,CH: Switzerland,20.840669,151.66476,374.302763,0.1374127318699479,51.43396521029966,BIS-implied reporter USD allocation: global 5A USD liabilities to UAE allocated by reporter all-currency loans/deposits liability shares
2017-12-31,GG,GG: Guernsey,1.0746540000000002,151.66476,374.302763,0.007085719846851702,2.6522045165205292,BIS-implied reporter USD allocation: global 5A USD liabilities to UAE allocated by reporter all-currency loans/deposits liability shares
2017-12-31,HK,HK: Hong Kong SAR,13.952205000000001,151.66476,374.302763,0.09199371693200188,34.43350242628819,BIS-implied reporter USD allocation: global 5A USD liabilities to UAE allocated by reporter all-currency loans/deposits liability shares
2017-12-31,FR,FR: France,15.064706,151.66476,374.302763,0.09932898057531624,37.1791118753142,BIS-implied reporter USD allocation: global 5A USD liabilities to UAE allocated by reporter all-currency loans/deposits liability shares
2017-12-31,BE,BE: Belgium,5.055055,151.66476,374.302763,0.03333045197842927,12.475680267564893,BIS-implied reporter USD allocation: global 5A USD liabilities to UAE allocated by reporter all-currency loans/deposits liability shares
2017-12-31,NL,NL: Netherlands,2.783164,151.66476,374.302763,0.018350762563432668,6.868741130649811,BIS-implied reporter USD allocation: global 5A USD liabilities to UAE allocated by reporter all-currency loans/deposits liability shares
2017-12-31,LU,LU: Luxembourg,2.7296199999999997,151.66476,374.302763,0.017997720762555517,6.736596609126997,BIS-implied reporter USD allocation: global 5A USD liabilities to UAE allocated by reporter all-currency loans/deposits liability shares
2017-12-31,IM,IM: Isle of Man,2.207745,151.66476,374.302763,0.01455674343862081,5.448629289357891,BIS-implied reporter USD allocation: global 5A USD liabilities to UAE allocated by reporter all-currency loans/deposits liability shares
2017-12-31,DK,DK: Denmark,2.012975,151.66476,374.302763,0.013272529492019108,4.967944460861739,BIS-implied reporter USD allocation: global 5A USD liabilities to UAE allocated by reporter all-currency loans/deposits liability shares
2017-12-31,JE,JE: Jersey,6.421289,151.66476,374.302763,0.0423387014887308,15.847492949064153,BIS-implied reporter USD allocation: global 5A USD liabilities to UAE allocated by reporter all-currency loans/deposits liability shares
2018-03-31,CL,CL: Chile,0.050041,167.564185,341.645132,0.0002986378025829326,0.10202815148363595,BIS-implied reporter USD allocation: global 5A USD liabilities to UAE allocated by reporter all-currency loans/deposits liability shares
2018-03-31,KR,KR: Korea,0.015220999999999981,167.564185,341.645132,9.08368336586961e-05,0.03103396202578727,BIS-implied reporter USD allocation: global 5A USD liabilities to UAE allocated by reporter all-currency loans/deposits liability shares
2018-03-31,ZA,ZA: South Africa,-0.09948900000000002,167.564185,341.645132,-0.0005937366627600045,-0.20284724052188122,BIS-implied reporter USD allocation: global 5A USD liabilities to UAE allocated by reporter all-currency loans/deposits liability shares
2018-03-31,BR,BR: Brazil,0.374514,167.564185,341.645132,0.002235048020554034,0.7635932760085217,BIS-implied reporter USD allocation: global 5A USD liabilities to UAE allocated by reporter all-currency loans/deposits liability shares
2018-03-31,AU,AU: Australia,1.4588320000000001,167.564185,341.645132,0.008706108647262541,2.974399638000352,BIS-implied reporter USD allocation: global 5A USD liabilities to UAE allocated by reporter all-currency loans/deposits liability shares
2018-03-31,IT,IT: Italy,0.9113530000000001,167.564185,341.645132,0.005438829305916416,1.8581495561452823,BIS-implied reporter USD allocation: global 5A USD liabilities to UAE allocated by reporter all-currency loans/deposits liability shares
2018-03-31,IM,IM: Isle of Man,1.999576,167.564185,341.645132,0.011933194435314444,4.0769177880346685,BIS-implied reporter USD allocation: global 5A USD liabilities to UAE allocated by reporter all-currency loans/deposits liability shares
2018-03-31,GB,GB: United Kingdom,67.924429,167.564185,341.645132,0.4053636461753447,138.49051640557693,BIS-implied reporter USD allocation: global 5A USD liabilities to UAE allocated by reporter all-currency loans/deposits liability shares
2018-03-31,US,US: United States,19.315294,167.564185,341.645132,0.1152710168942128,39.381781782597564,BIS-implied reporter USD allocation: global 5A USD liabilities to UAE allocated by reporter all-currency loans/deposits liability shares
2018-03-31,CH,CH: Switzerland,17.385482000000003,167.564185,341.645132,0.103754164411685,35.44710519597982,BIS-implied reporter USD allocation: global 5A USD liabilities to UAE allocated by reporter all-currency loans/deposits liability shares
2018-03-31,FR,FR: France,12.930783000000002,167.564185,341.645132,0.07716913372627929,26.364458878240338,BIS-implied reporter USD allocation: global 5A USD liabilities to UAE allocated by reporter all-currency loans/deposits liability shares
2018-03-31,HK,HK: Hong Kong SAR,9.270698,167.564185,341.645132,0.05532625005755257,18.901944003977555,BIS-implied reporter USD allocation: global 5A USD liabilities to UAE allocated by reporter all-currency loans/deposits liability shares
2018-03-31,MX,MX: Mexico,6.675523999999999,167.564185,341.645132,0.03983860870985049,13.61066673137322,BIS-implied reporter USD allocation: global 5A USD liabilities to UAE allocated by reporter all-currency loans/deposits liability shares
2018-03-31,DK,DK: Denmark,1.497774,167.564185,341.645132,0.008938509145018071,3.053798136732906,BIS-implied reporter USD allocation: global 5A USD liabilities to UAE allocated by reporter all-currency loans/deposits liability shares
2018-03-31,NL,NL: Netherlands,4.999817999999999,167.564185,341.645132,0.029838225871477244,10.194084616506657,BIS-implied reporter USD allocation: global 5A USD liabilities to UAE allocated by reporter all-currency loans/deposits liability shares
2018-03-31,SE,SE: Sweden,3.153214,167.564185,341.645132,0.018817947283901987,6.429060083777736,BIS-implied reporter USD allocation: global 5A USD liabilities to UAE allocated by reporter all-currency loans/deposits liability shares
2018-03-31,BE,BE: Belgium,3.020318,167.564185,341.645132,0.018024842241795284,6.158099606977325,BIS-implied reporter USD allocation: global 5A USD liabilities to UAE allocated by reporter all-currency loans/deposits liability shares
2018-03-31,JE,JE: Jersey,6.161488,167.564185,341.645132,0.03677091259089763,12.562603285877683,BIS-implied reporter USD allocation: global 5A USD liabilities to UAE allocated by reporter all-currency loans/deposits liability shares
2018-03-31,LU,LU: Luxembourg,2.926139,167.564185,341.645132,0.017462794928403108,5.96607887840321,BIS-implied reporter USD allocation: global 5A USD liabilities to UAE allocated by reporter all-currency loans/deposits liability shares
2018-03-31,AT,AT: Austria,2.5551,167.564185,341.645132,0.015248485229704664,5.2095707491025,BIS-implied reporter USD allocation: global 5A USD liabilities to UAE allocated by reporter all-currency loans/deposits liability shares
2018-06-30,TW,TW: Chinese Taipei,-0.0077120000000000105,124.275818,315.083314,-6.205551590092941e-05,-0.019552657602044533,BIS-implied reporter USD allocation: global 5A USD liabilities to UAE allocated by reporter all-currency loans/deposits liability shares
2018-06-30,CL,CL: Chile,-0.024603,124.275818,315.083314,-0.00019797093590645285,-0.06237733856108675,BIS-implied reporter USD allocation: global 5A USD liabilities to UAE allocated by reporter all-currency loans/deposits liability shares
2018-06-30,SE,SE: Sweden,-0.242467,124.275818,315.083314,-0.0019510392601077065,-0.6147399158188441,BIS-implied reporter USD allocation: global 5A USD liabilities to UAE allocated by reporter all-currency loans/deposits liability shares
2018-06-30,MX,MX: Mexico,0.12167900000000001,124.275818,315.083314,0.0009791043982506718,0.3084994585527974,BIS-implied reporter USD allocation: global 5A USD liabilities to UAE allocated by reporter all-currency loans/deposits liability shares
2018-06-30,AU,AU: Australia,0.7647849999999999,124.275818,315.083314,0.006153932537382292,1.9390014580108414,BIS-implied reporter USD allocation: global 5A USD liabilities to UAE allocated by reporter all-currency loans/deposits liability shares
2018-06-30,ES,ES: Spain,0.550754,124.275818,315.083314,0.004431706898923811,1.3963568963895772,BIS-implied reporter USD allocation: global 5A USD liabilities to UAE allocated by reporter all-currency loans/deposits liability shares
2018-06-30,GG,GG: Guernsey,1.05114,124.275818,315.083314,0.008458121756237403,2.665013033170781,BIS-implied reporter USD allocation: global 5A USD liabilities to UAE allocated by reporter all-currency loans/deposits liability shares
2018-06-30,CA,CA: Canada,0.792663,124.275818,315.083314,0.006378256146340554,2.0096820841298504,BIS-implied reporter USD allocation: global 5A USD liabilities to UAE allocated by reporter all-currency loans/deposits liability shares
2018-06-30,HK,HK: Hong Kong SAR,17.611026,124.275818,315.083314,0.14170919398011927,44.65020246352483,BIS-implied reporter USD allocation: global 5A USD liabilities to UAE allocated by reporter all-currency loans/deposits liability shares
2018-06-30,CH,CH: Switzerland,16.967998,124.275818,315.083314,0.1365349934771703,43.0198982217552,BIS-implied reporter USD allocation: global 5A USD liabilities to UAE allocated by reporter all-currency loans/deposits liability shares
2018-06-30,US,US: United States,9.975572,124.275818,315.083314,0.08026961447962466,25.291616143742523,BIS-implied reporter USD allocation: global 5A USD liabilities to UAE allocated by reporter all-currency loans/deposits liability shares
2018-06-30,FR,FR: France,8.886103000000002,124.275818,315.083314,0.07150307391257728,22.529425489561792,BIS-implied reporter USD allocation: global 5A USD liabilities to UAE allocated by reporter all-currency loans/deposits liability shares
2018-06-30,JE,JE: Jersey,6.555230999999999,124.275818,315.083314,0.052747437960939426,16.619837557742194,BIS-implied reporter USD allocation: global 5A USD liabilities to UAE allocated by reporter all-currency loans/deposits liability shares
2018-06-30,GB,GB: United Kingdom,42.858003999999994,124.275818,315.083314,0.34486197467636054,108.66025385361175,BIS-implied reporter USD allocation: global 5A USD liabilities to UAE allocated by reporter all-currency loans/deposits liability shares
2018-06-30,LU,LU: Luxembourg,2.441319,124.275818,315.083314,0.01964436073959296,6.18961028324244,BIS-implied reporter USD allocation: global 5A USD liabilities to UAE allocated by reporter all-currency loans/deposits liability shares
2018-06-30,IM,IM: Isle of Man,2.131951,124.275818,315.083314,0.017154994707015325,5.405252583938847,BIS-implied reporter USD allocation: global 5A USD liabilities to UAE allocated by reporter all-currency loans/deposits liability shares
2018-06-30,DK,DK: Denmark,2.015579,124.275818,315.083314,0.01621859370903517,5.110208254262353,BIS-implied reporter USD allocation: global 5A USD liabilities to UAE allocated by reporter all-currency loans/deposits liability shares
2018-06-30,AT,AT: Austria,1.437084,124.275818,315.083314,0.011563665587781527,3.6435180753859613,BIS-implied reporter USD allocation: global 5A USD liabilities to UAE allocated by reporter all-currency loans/deposits liability shares
2018-06-30,KR,KR: Korea,1.114513,124.275818,315.083314,0.00896806006137091,2.8256860842877893,BIS-implied reporter USD allocation: global 5A USD liabilities to UAE allocated by reporter all-currency loans/deposits liability shares
2018-06-30,BE,BE: Belgium,6.213439999999999,124.275818,315.083314,0.049997176441840034,15.753276043937685,BIS-implied reporter USD allocation: global 5A USD liabilities to UAE allocated by reporter all-currency loans/deposits liability shares
2018-09-30,SE,SE: Sweden,0.072163,158.168449,380.714171,0.0004562414340928386,0.17369757935650618,BIS-implied reporter USD allocation: global 5A USD liabilities to UAE allocated by reporter all-currency loans/deposits liability shares
2018-09-30,PH,PH: Philippines,0.022051,158.168449,380.714171,0.0001394146565855242,0.05307713540720754,BIS-implied reporter USD allocation: global 5A USD liabilities to UAE allocated by reporter all-currency loans/deposits liability shares
2018-09-30,GG,GG: Guernsey,0.594364,158.168449,380.714171,0.003757791163520861,1.43064434761097,BIS-implied reporter USD allocation: global 5A USD liabilities to UAE allocated by reporter all-currency loans/deposits liability shares
2018-09-30,IE,IE: Ireland,0.397393,158.168449,380.714171,0.0025124669459204215,0.9565317704809951,BIS-implied reporter USD allocation: global 5A USD liabilities to UAE allocated by reporter all-currency loans/deposits liability shares
2018-09-30,CA,CA: Canada,1.158254,158.168449,380.714171,0.007322914319024522,2.7879372542714504,BIS-implied reporter USD allocation: global 5A USD liabilities to UAE allocated by reporter all-currency loans/deposits liability shares
2018-09-30,CL,CL: Chile,0.00031299999999999996,158.168449,380.714171,1.9789028847339834e-06,0.0007533963712510071,BIS-implied reporter USD allocation: global 5A USD liabilities to UAE allocated by reporter all-currency loans/deposits liability shares
2018-09-30,AT,AT: Austria,1.558514,158.168449,380.714171,0.009853507509579232,3.751369942951732,BIS-implied reporter USD allocation: global 5A USD liabilities to UAE allocated by reporter all-currency loans/deposits liability shares
2018-09-30,GB,GB: United Kingdom,53.818844999999996,158.168449,380.714171,0.34026283585799083,129.54288347578407,BIS-implied reporter USD allocation: global 5A USD liabilities to UAE allocated by reporter all-currency loans/deposits liability shares
2018-09-30,US,US: United States,27.176181999999997,158.168449,380.714171,0.17181797110497046,65.41353643213078,BIS-implied reporter USD allocation: global 5A USD liabilities to UAE allocated by reporter all-currency loans/deposits liability shares
2018-09-30,FR,FR: France,18.053411,158.168449,380.714171,0.11414040609325314,43.45487008339622,BIS-implied reporter USD allocation: global 5A USD liabilities to UAE allocated by reporter all-currency loans/deposits liability shares
2018-09-30,CH,CH: Switzerland,17.090328,158.168449,380.714171,0.10805143571964848,41.136712775365766,BIS-implied reporter USD allocation: global 5A USD liabilities to UAE allocated by reporter all-currency loans/deposits liability shares
2018-09-30,HK,HK: Hong Kong SAR,12.003698,158.168449,380.714171,0.07589186134081645,28.893107076015884,BIS-implied reporter USD allocation: global 5A USD liabilities to UAE allocated by reporter all-currency loans/deposits liability shares
2018-09-30,JE,JE: Jersey,6.985714,158.168449,380.714171,0.044166292608711105,16.814733476668877,BIS-implied reporter USD allocation: global 5A USD liabilities to UAE allocated by reporter all-currency loans/deposits liability shares
2018-09-30,DK,DK: Denmark,1.436572,158.168449,380.714171,0.009082544648332486,3.457853456360389,BIS-implied reporter USD allocation: global 5A USD liabilities to UAE allocated by reporter all-currency loans/deposits liability shares
2018-09-30,LU,LU: Luxembourg,2.6276910000000004,158.168449,380.714171,0.01661324377025408,6.324897329613196,BIS-implied reporter USD allocation: global 5A USD liabilities to UAE allocated by reporter all-currency loans/deposits liability shares
2018-09-30,MO,MO: Macao SAR,2.507734,158.168449,380.714171,0.015854830820273138,6.036158772085538,BIS-implied reporter USD allocation: global 5A USD liabilities to UAE allocated by reporter all-currency loans/deposits liability shares
2018-09-30,IM,IM: Isle of Man,1.968857,158.168449,380.714171,0.012447849191465486,4.739072585661803,BIS-implied reporter USD allocation: global 5A USD liabilities to UAE allocated by reporter all-currency loans/deposits liability shares
2018-09-30,AU,AU: Australia,1.738811,158.168449,380.714171,0.01099341247254691,4.185347915946758,BIS-implied reporter USD allocation: global 5A USD liabilities to UAE allocated by reporter all-currency loans/deposits liability shares
2018-09-30,NL,NL: Netherlands,1.6466779999999999,158.168449,380.714171,0.010410913240983982,3.96358220389414,BIS-implied reporter USD allocation: global 5A USD liabilities to UAE allocated by reporter all-currency loans/deposits liability shares
2018-09-30,BE,BE: Belgium,3.82403,158.168449,380.714171,0.02417694568149935,9.204505832444054,BIS-implied reporter USD allocation: global 5A USD liabilities to UAE allocated by reporter all-currency loans/deposits liability shares
2018-12-31,FI,FI: Finland,0.102598,172.187384,382.23813,0.0005958508551358211,0.22775691662601716,BIS-implied reporter USD allocation: global 5A USD liabilities to UAE allocated by reporter all-currency loans/deposits liability shares
2018-12-31,PH,PH: Philippines,0.091945,172.187384,382.23813,0.0005339822109150575,0.20410836175343716,BIS-implied reporter USD allocation: global 5A USD liabilities to UAE allocated by reporter all-currency loans/deposits liability shares
2018-12-31,BR,BR: Brazil,1.120843,172.187384,382.23813,0.0065094374161582015,2.488155185304343,BIS-implied reporter USD allocation: global 5A USD liabilities to UAE allocated by reporter all-currency loans/deposits liability shares
2018-12-31,ES,ES: Spain,0.473545,172.187384,382.23813,0.0027501724516588275,1.0512207750995857,BIS-implied reporter USD allocation: global 5A USD liabilities to UAE allocated by reporter all-currency loans/deposits liability shares
2018-12-31,DK,DK: Denmark,1.548425,172.187384,382.23813,0.008992673934810461,3.437342868541693,BIS-implied reporter USD allocation: global 5A USD liabilities to UAE allocated by reporter all-currency loans/deposits liability shares
2018-12-31,SE,SE: Sweden,-0.03298200000000001,172.187384,382.23813,-0.00019154713448692623,-0.07321661849314119,BIS-implied reporter USD allocation: global 5A USD liabilities to UAE allocated by reporter all-currency loans/deposits liability shares
2018-12-31,LU,LU: Luxembourg,2.3702,172.187384,382.23813,0.01376523613367632,5.261598118744867,BIS-implied reporter USD allocation: global 5A USD liabilities to UAE allocated by reporter all-currency loans/deposits liability shares
2018-12-31,AT,AT: Austria,2.263269,172.187384,382.23813,0.013144220833275452,5.024222391618251,BIS-implied reporter USD allocation: global 5A USD liabilities to UAE allocated by reporter all-currency loans/deposits liability shares
2018-12-31,GB,GB: United Kingdom,51.59926500000001,172.187384,382.23813,0.29966925451402415,114.54501546393466,BIS-implied reporter USD allocation: global 5A USD liabilities to UAE allocated by reporter all-currency loans/deposits liability shares
2018-12-31,US,US: United States,25.204710000000002,172.187384,382.23813,0.14637953962991854,55.95184149840095,BIS-implied reporter USD allocation: global 5A USD liabilities to UAE allocated by reporter all-currency loans/deposits liability shares
2018-12-31,FR,FR: France,19.782518,172.187384,382.23813,0.11488947413243701,43.9151377490661,BIS-implied reporter USD allocation: global 5A USD liabilities to UAE allocated by reporter all-currency loans/deposits liability shares
2018-12-31,HK,HK: Hong Kong SAR,11.845772,172.187384,382.23813,0.0687958183974733,26.296384976069792,BIS-implied reporter USD allocation: global 5A USD liabilities to UAE allocated by reporter all-currency loans/deposits liability shares
2018-12-31,MX,MX: Mexico,9.734641,172.187384,382.23813,0.056535158232034,21.609893161866783,BIS-implied reporter USD allocation: global 5A USD liabilities to UAE allocated by reporter all-currency loans/deposits liability shares
2018-12-31,CH,CH: Switzerland,15.841065,172.187384,382.23813,0.09199898756810197,35.16552096992454,BIS-implied reporter USD allocation: global 5A USD liabilities to UAE allocated by reporter all-currency loans/deposits liability shares
2018-12-31,BE,BE: Belgium,6.475543,172.187384,382.23813,0.03760753459150062,14.375033696165511,BIS-implied reporter USD allocation: global 5A USD liabilities to UAE allocated by reporter all-currency loans/deposits liability shares
2018-12-31,JE,JE: Jersey,6.702466,172.187384,382.23813,0.03892541860093536,14.878779215488748,BIS-implied reporter USD allocation: global 5A USD liabilities to UAE allocated by reporter all-currency loans/deposits liability shares
2018-12-31,NL,NL: Netherlands,2.816914,172.187384,382.23813,0.016359584160939456,6.253256857255117,BIS-implied reporter USD allocation: global 5A USD liabilities to UAE allocated by reporter all-currency loans/deposits liability shares
2018-12-31,MO,MO: Macao SAR,2.437342,172.187384,382.23813,0.01415517178656945,5.410646393527066,BIS-implied reporter USD allocation: global 5A USD liabilities to UAE allocated by reporter all-currency loans/deposits liability shares
2018-12-31,TW,TW: Chinese Taipei,4.128527,172.187384,382.23813,0.023976942468677032,9.164901652344692,BIS-implied reporter USD allocation: global 5A USD liabilities to UAE allocated by reporter all-currency loans/deposits liability shares
2018-12-31,IM,IM: Isle of Man,3.074942,172.187384,382.23813,0.017858114390076337,6.82605224978887,BIS-implied reporter USD allocation: global 5A USD liabilities to UAE allocated by reporter all-currency loans/deposits liability shares
2019-03-31,IT,IT: Italy,0.42369500000000004,145.178186,387.076456,0.002918448092470311,1.1296625446533684,BIS-implied reporter USD allocation: global 5A USD liabilities to UAE allocated by reporter all-currency loans/deposits liability shares
2019-03-31,MO,MO: Macao SAR,-1.039892,145.178186,387.076456,-0.0071628667408752435,-2.7725770728582595,BIS-implied reporter USD allocation: global 5A USD liabilities to UAE allocated by reporter all-currency loans/deposits liability shares
2019-03-31,GG,GG: Guernsey,0.719196,145.178186,387.076456,0.004953884738579113,1.9175321480416896,BIS-implied reporter USD allocation: global 5A USD liabilities to UAE allocated by reporter all-currency loans/deposits liability shares
2019-03-31,BR,BR: Brazil,0.835129,145.178186,387.076456,0.005752441348178851,2.226634610400932,BIS-implied reporter USD allocation: global 5A USD liabilities to UAE allocated by reporter all-currency loans/deposits liability shares
2019-03-31,IE,IE: Ireland,0.00799699999999999,145.178186,387.076456,5.508403307918443e-05,0.021321732306477475,BIS-implied reporter USD allocation: global 5A USD liabilities to UAE allocated by reporter all-currency loans/deposits liability shares
2019-03-31,CA,CA: Canada,0.48451399999999994,145.178186,387.076456,0.0033373746659157177,1.29181915802684,BIS-implied reporter USD allocation: global 5A USD liabilities to UAE allocated by reporter all-currency loans/deposits liability shares
2019-03-31,SE,SE: Sweden,1.687062,145.178186,387.076456,0.011620630113121816,4.498072320674072,BIS-implied reporter USD allocation: global 5A USD liabilities to UAE allocated by reporter all-currency loans/deposits liability shares
2019-03-31,DK,DK: Denmark,1.6772140000000002,145.178186,387.076456,0.01155279623069543,4.4718154218677455,BIS-implied reporter USD allocation: global 5A USD liabilities to UAE allocated by reporter all-currency loans/deposits liability shares
2019-03-31,GB,GB: United Kingdom,69.097514,145.178186,387.076456,0.47594969949548754,184.2289229149783,BIS-implied reporter USD allocation: global 5A USD liabilities to UAE allocated by reporter all-currency loans/deposits liability shares
2019-03-31,CH,CH: Switzerland,17.656357,145.178186,387.076456,0.1216185260780156,47.07566805822186,BIS-implied reporter USD allocation: global 5A USD liabilities to UAE allocated by reporter all-currency loans/deposits liability shares
2019-03-31,FR,FR: France,16.672439,145.178186,387.076456,0.1148412131282588,44.45232978042709,BIS-implied reporter USD allocation: global 5A USD liabilities to UAE allocated by reporter all-currency loans/deposits liability shares
2019-03-31,JE,JE: Jersey,7.177678,145.178186,387.076456,0.049440471724863676,19.137242578228438,BIS-implied reporter USD allocation: global 5A USD liabilities to UAE allocated by reporter all-currency loans/deposits liability shares
2019-03-31,HK,HK: Hong Kong SAR,7.1587,145.178186,387.076456,0.049309749606597224,19.086643123969047,BIS-implied reporter USD allocation: global 5A USD liabilities to UAE allocated by reporter all-currency loans/deposits liability shares
2019-03-31,AT,AT: Austria,1.510345,145.178186,387.076456,0.010403388013127537,4.026906562514289,BIS-implied reporter USD allocation: global 5A USD liabilities to UAE allocated by reporter all-currency loans/deposits liability shares
2019-03-31,NL,NL: Netherlands,3.147635,145.178186,387.076456,0.021681184251744267,8.392275962048183,BIS-implied reporter USD allocation: global 5A USD liabilities to UAE allocated by reporter all-currency loans/deposits liability shares
2019-03-31,LU,LU: Luxembourg,2.832693,145.178186,387.076456,0.019511836303010423,7.552572446221417,BIS-implied reporter USD allocation: global 5A USD liabilities to UAE allocated by reporter all-currency loans/deposits liability shares
2019-03-31,IM,IM: Isle of Man,2.657117,145.178186,387.076456,0.01830245351047436,7.084448840939174,BIS-implied reporter USD allocation: global 5A USD liabilities to UAE allocated by reporter all-currency loans/deposits liability shares
2019-03-31,AU,AU: Australia,2.6272130000000002,145.178186,387.076456,0.018096472151814876,7.004718306627196,BIS-implied reporter USD allocation: global 5A USD liabilities to UAE allocated by reporter all-currency loans/deposits liability shares
2019-03-31,BE,BE: Belgium,2.271555,145.178186,387.076456,0.015646668845965606,6.056457125101977,BIS-implied reporter USD allocation: global 5A USD liabilities to UAE allocated by reporter all-currency loans/deposits liability shares
2019-03-31,US,US: United States,5.511749000000001,145.178186,387.076456,0.03796540755785446,14.695515408089918,BIS-implied reporter USD allocation: global 5A USD liabilities to UAE allocated by reporter all-currency loans/deposits liability shares
2019-06-30,FI,FI: Finland,0.0031760000000000017,148.43705599999998,365.504164,2.139627452595127e-05,0.007820427433322315,BIS-implied reporter USD allocation: global 5A USD liabilities to UAE allocated by reporter all-currency loans/deposits liability shares
2019-06-30,MX,MX: Mexico,-0.09216300000000001,148.43705599999998,365.504164,-0.0006208894361257072,-0.226937674287558,BIS-implied reporter USD allocation: global 5A USD liabilities to UAE allocated by reporter all-currency loans/deposits liability shares
2019-06-30,MO,MO: Macao SAR,-0.18797999999999998,148.43705599999998,365.504164,-0.001266395366935868,-0.4628727798853677,BIS-implied reporter USD allocation: global 5A USD liabilities to UAE allocated by reporter all-currency loans/deposits liability shares
2019-06-30,AU,AU: Australia,1.287238,148.43705599999998,365.504164,0.008671945097051778,3.1696320429518092,BIS-implied reporter USD allocation: global 5A USD liabilities to UAE allocated by reporter all-currency loans/deposits liability shares
2019-06-30,ZA,ZA: South Africa,0.12282399999999999,148.43705599999998,365.504164,0.0008274483697655659,0.30243582464432606,BIS-implied reporter USD allocation: global 5A USD liabilities to UAE allocated by reporter all-currency loans/deposits liability shares
2019-06-30,TW,TW: Chinese Taipei,-0.456184,148.43705599999998,365.504164,-0.003073248771519694,-1.1232852229983328,BIS-implied reporter USD allocation: global 5A USD liabilities to UAE allocated by reporter all-currency loans/deposits liability shares
2019-06-30,NL,NL: Netherlands,1.545039,148.43705599999998,365.504164,0.010408714923583503,3.804428646458712,BIS-implied reporter USD allocation: global 5A USD liabilities to UAE allocated by reporter all-currency loans/deposits liability shares
2019-06-30,DK,DK: Denmark,1.681942,148.43705599999998,365.504164,0.011331011577055261,4.141531913745905,BIS-implied reporter USD allocation: global 5A USD liabilities to UAE allocated by reporter all-currency loans/deposits liability shares
2019-06-30,PH,PH: Philippines,1.603735,148.43705599999998,365.504164,0.010804141790578224,3.948958812902757,BIS-implied reporter USD allocation: global 5A USD liabilities to UAE allocated by reporter all-currency loans/deposits liability shares
2019-06-30,GB,GB: United Kingdom,53.28315599999999,148.43705599999998,365.504164,0.35896128255197945,131.20184348752903,BIS-implied reporter USD allocation: global 5A USD liabilities to UAE allocated by reporter all-currency loans/deposits liability shares
2019-06-30,FR,FR: France,19.357574,148.43705599999998,365.504164,0.1304093096537835,47.66514570282327,BIS-implied reporter USD allocation: global 5A USD liabilities to UAE allocated by reporter all-currency loans/deposits liability shares
2019-06-30,HK,HK: Hong Kong SAR,13.615686,148.43705599999998,365.504164,0.09172700110678564,33.52660085576276,BIS-implied reporter USD allocation: global 5A USD liabilities to UAE allocated by reporter all-currency loans/deposits liability shares
2019-06-30,US,US: United States,13.278361,148.43705599999998,365.504164,0.08945448904618535,32.695988234873134,BIS-implied reporter USD allocation: global 5A USD liabilities to UAE allocated by reporter all-currency loans/deposits liability shares
2019-06-30,CH,CH: Switzerland,18.735554999999998,148.43705599999998,365.504164,0.12621885332999327,46.133516467417806,BIS-implied reporter USD allocation: global 5A USD liabilities to UAE allocated by reporter all-currency loans/deposits liability shares
2019-06-30,BE,BE: Belgium,3.811385,148.43705599999998,365.504164,0.025676775750658923,9.384968454960061,BIS-implied reporter USD allocation: global 5A USD liabilities to UAE allocated by reporter all-currency loans/deposits liability shares
2019-06-30,LU,LU: Luxembourg,2.9851840000000003,148.43705599999998,365.504164,0.020110773417656578,7.350571425413991,BIS-implied reporter USD allocation: global 5A USD liabilities to UAE allocated by reporter all-currency loans/deposits liability shares
2019-06-30,IM,IM: Isle of Man,2.451041,148.43705599999998,365.504164,0.0165123256014994,6.035323764671835,BIS-implied reporter USD allocation: global 5A USD liabilities to UAE allocated by reporter all-currency loans/deposits liability shares
2019-06-30,SE,SE: Sweden,2.236287,148.43705599999998,365.504164,0.01506555748451384,5.506523993571174,BIS-implied reporter USD allocation: global 5A USD liabilities to UAE allocated by reporter all-currency loans/deposits liability shares
2019-06-30,AT,AT: Austria,1.7024599999999999,148.43705599999998,365.504164,0.011469238516829652,4.192054435810422,BIS-implied reporter USD allocation: global 5A USD liabilities to UAE allocated by reporter all-currency loans/deposits liability shares
2019-06-30,JE,JE: Jersey,7.551222,148.43705599999998,365.504164,0.05087154248060539,18.59376060576416,BIS-implied reporter USD allocation: global 5A USD liabilities to UAE allocated by reporter all-currency loans/deposits liability shares
2019-09-30,KR,KR: Korea,0.04381299999999999,180.24316900000002,479.576689,0.00024307717314934685,0.11657414587044346,BIS-implied reporter USD allocation: global 5A USD liabilities to UAE allocated by reporter all-currency loans/deposits liability shares
2019-09-30,TW,TW: Chinese Taipei,-0.04217899999999999,180.24316900000002,479.576689,-0.00023401164234967473,-0.11222652862550919,BIS-implied reporter USD allocation: global 5A USD liabilities to UAE allocated by reporter all-currency loans/deposits liability shares
2019-09-30,MX,MX: Mexico,-0.045665,180.24316900000002,479.576689,-0.00025335218113037056,-0.12150180017743138,BIS-implied reporter USD allocation: global 5A USD liabilities to UAE allocated by reporter all-currency loans/deposits liability shares
2019-09-30,IT,IT: Italy,0.62354,180.24316900000002,479.576689,0.003459437622293469,1.6590656407015345,BIS-implied reporter USD allocation: global 5A USD liabilities to UAE allocated by reporter all-currency loans/deposits liability shares
2019-09-30,CL,CL: Chile,0.141094,180.24316900000002,479.576689,0.0007827980432368008,0.37541169373118377,BIS-implied reporter USD allocation: global 5A USD liabilities to UAE allocated by reporter all-currency loans/deposits liability shares
2019-09-30,GG,GG: Guernsey,0.759246,180.24316900000002,479.576689,0.004212342715745304,2.020141372550401,BIS-implied reporter USD allocation: global 5A USD liabilities to UAE allocated by reporter all-currency loans/deposits liability shares
2019-09-30,ES,ES: Spain,0.771152,180.24316900000002,479.576689,0.004278397923640589,2.0518199104440287,BIS-implied reporter USD allocation: global 5A USD liabilities to UAE allocated by reporter all-currency loans/deposits liability shares
2019-09-30,CA,CA: Canada,1.03006,180.24316900000002,479.576689,0.005714835162490956,2.7407017254081896,BIS-implied reporter USD allocation: global 5A USD liabilities to UAE allocated by reporter all-currency loans/deposits liability shares
2019-09-30,US,US: United States,29.739162,180.24316900000002,479.576689,0.16499466895192014,79.12759703861296,BIS-implied reporter USD allocation: global 5A USD liabilities to UAE allocated by reporter all-currency loans/deposits liability shares
2019-09-30,FR,FR: France,17.191319,180.24316900000002,479.576689,0.09537847728365227,45.74129433755567,BIS-implied reporter USD allocation: global 5A USD liabilities to UAE allocated by reporter all-currency loans/deposits liability shares
2019-09-30,CH,CH: Switzerland,16.880472,180.24316900000002,479.576689,0.09365387933231466,44.91421736219699,BIS-implied reporter USD allocation: global 5A USD liabilities to UAE allocated by reporter all-currency loans/deposits liability shares
2019-09-30,BE,BE: Belgium,8.043688,180.24316900000002,479.576689,0.044626867384915975,21.40200530090009,BIS-implied reporter USD allocation: global 5A USD liabilities to UAE allocated by reporter all-currency loans/deposits liability shares
2019-09-30,JE,JE: Jersey,7.99599,180.24316900000002,479.576689,0.044362235996860434,21.27509425601094,BIS-implied reporter USD allocation: global 5A USD liabilities to UAE allocated by reporter all-currency loans/deposits liability shares
2019-09-30,GB,GB: United Kingdom,78.92085900000001,180.24316900000002,479.576689,0.43785769767507804,209.98634490417692,BIS-implied reporter USD allocation: global 5A USD liabilities to UAE allocated by reporter all-currency loans/deposits liability shares
2019-09-30,LU,LU: Luxembourg,3.4711220000000003,180.24316900000002,479.576689,0.019257994737098747,9.235685352797242,BIS-implied reporter USD allocation: global 5A USD liabilities to UAE allocated by reporter all-currency loans/deposits liability shares
2019-09-30,SE,SE: Sweden,2.546405,180.24316900000002,479.576689,0.014127608908163392,6.775271903663905,BIS-implied reporter USD allocation: global 5A USD liabilities to UAE allocated by reporter all-currency loans/deposits liability shares
2019-09-30,IM,IM: Isle of Man,2.1487939999999996,180.24316900000002,479.576689,0.011921639038647836,5.7173401776078725,BIS-implied reporter USD allocation: global 5A USD liabilities to UAE allocated by reporter all-currency loans/deposits liability shares
2019-09-30,DK,DK: Denmark,1.643342,180.24316900000002,479.576689,0.009117360780535322,4.372473695547585,BIS-implied reporter USD allocation: global 5A USD liabilities to UAE allocated by reporter all-currency loans/deposits liability shares
2019-09-30,AT,AT: Austria,1.193128,180.24316900000002,479.576689,0.006619546286383812,3.1745800907061943,BIS-implied reporter USD allocation: global 5A USD liabilities to UAE allocated by reporter all-currency loans/deposits liability shares
2019-09-30,HK,HK: Hong Kong SAR,5.293731000000001,180.24316900000002,479.576689,0.029369939672998096,14.08513842450617,BIS-implied reporter USD allocation: global 5A USD liabilities to UAE allocated by reporter all-currency loans/deposits liability shares
2019-12-31,CL,CL: Chile,-0.051939,145.523973,346.191797,-0.0003569102665991671,-0.12355940656171474,BIS-implied reporter USD allocation: global 5A USD liabilities to UAE allocated by reporter all-currency loans/deposits liability shares
2019-12-31,MO,MO: Macao SAR,-0.05203100000000001,145.523973,346.191797,-0.00035754246484185807,-0.12377826840741217,BIS-implied reporter USD allocation: global 5A USD liabilities to UAE allocated by reporter all-currency loans/deposits liability shares
2019-12-31,CA,CA: Canada,0.735916,145.523973,346.191797,0.005057008717044854,1.7506949351984227,BIS-implied reporter USD allocation: global 5A USD liabilities to UAE allocated by reporter all-currency loans/deposits liability shares
2019-12-31,PH,PH: Philippines,0.122457,145.523973,346.191797,0.0008414902196217525,0.2913170112887792,BIS-implied reporter USD allocation: global 5A USD liabilities to UAE allocated by reporter all-currency loans/deposits liability shares
2019-12-31,GG,GG: Guernsey,0.90781,145.523973,346.191797,0.006238216159752593,2.1596192624191892,BIS-implied reporter USD allocation: global 5A USD liabilities to UAE allocated by reporter all-currency loans/deposits liability shares
2019-12-31,BE,BE: Belgium,-2.180791,145.523973,346.191797,-0.014985785194306095,-5.187955905872822,BIS-implied reporter USD allocation: global 5A USD liabilities to UAE allocated by reporter all-currency loans/deposits liability shares
2019-12-31,AU,AU: Australia,1.0340989999999999,145.523973,346.191797,0.007106038810526427,2.4600523453678864,BIS-implied reporter USD allocation: global 5A USD liabilities to UAE allocated by reporter all-currency loans/deposits liability shares
2019-12-31,GB,GB: United Kingdom,68.825006,145.523973,346.191797,0.472946172243387,163.73008525320967,BIS-implied reporter USD allocation: global 5A USD liabilities to UAE allocated by reporter all-currency loans/deposits liability shares
2019-12-31,CH,CH: Switzerland,21.012076,145.523973,346.191797,0.14438910350530354,49.986323209720034,BIS-implied reporter USD allocation: global 5A USD liabilities to UAE allocated by reporter all-currency loans/deposits liability shares
2019-12-31,FR,FR: France,16.533577,145.523973,346.191797,0.11361411222603165,39.33227367608957,BIS-implied reporter USD allocation: global 5A USD liabilities to UAE allocated by reporter all-currency loans/deposits liability shares
2019-12-31,US,US: United States,10.249056999999999,145.523973,346.191797,0.07042865026781531,24.381820996499513,BIS-implied reporter USD allocation: global 5A USD liabilities to UAE allocated by reporter all-currency loans/deposits liability shares
2019-12-31,JE,JE: Jersey,8.065233,145.523973,346.191797,0.055422023146660504,19.186649786517997,BIS-implied reporter USD allocation: global 5A USD liabilities to UAE allocated by reporter all-currency loans/deposits liability shares
2019-12-31,HK,HK: Hong Kong SAR,5.811431000000001,145.523973,346.191797,0.03993452680129892,13.825005595686335,BIS-implied reporter USD allocation: global 5A USD liabilities to UAE allocated by reporter all-currency loans/deposits liability shares
2019-12-31,IT,IT: Italy,1.0085709999999999,145.523973,346.191797,0.006930617541619756,2.399322941053066,BIS-implied reporter USD allocation: global 5A USD liabilities to UAE allocated by reporter all-currency loans/deposits liability shares
2019-12-31,IM,IM: Isle of Man,2.144994,145.523973,346.191797,0.014739798232419067,5.102797237498581,BIS-implied reporter USD allocation: global 5A USD liabilities to UAE allocated by reporter all-currency loans/deposits liability shares
2019-12-31,NL,NL: Netherlands,2.036897,145.523973,346.191797,0.013996985912417331,4.84564170560344,BIS-implied reporter USD allocation: global 5A USD liabilities to UAE allocated by reporter all-currency loans/deposits liability shares
2019-12-31,DK,DK: Denmark,1.747244,145.523973,346.191797,0.012006571590785251,4.156576594823095,BIS-implied reporter USD allocation: global 5A USD liabilities to UAE allocated by reporter all-currency loans/deposits liability shares
2019-12-31,AT,AT: Austria,1.448633,145.523973,346.191797,0.009954600401131159,3.446201001284517,BIS-implied reporter USD allocation: global 5A USD liabilities to UAE allocated by reporter all-currency loans/deposits liability shares
2019-12-31,KR,KR: Korea,1.219584,145.523973,346.191797,0.00838063980015169,2.9013087524242347,BIS-implied reporter USD allocation: global 5A USD liabilities to UAE allocated by reporter all-currency loans/deposits liability shares
2019-12-31,LU,LU: Luxembourg,3.4148130000000005,145.523973,346.191797,0.023465638888240086,8.123611694472919,BIS-implied reporter USD allocation: global 5A USD liabilities to UAE allocated by reporter all-currency loans/deposits liability shares
2020-03-31,DK,DK: Denmark,0.04478700000000002,201.710126,498.66108,0.0002220364484825121,0.11072093519965384,BIS-implied reporter USD allocation: global 5A USD liabilities to UAE allocated by reporter all-currency loans/deposits liability shares
2020-03-31,PH,PH: Philippines,0.033996,201.710126,498.66108,0.00016853888634227513,0.08404378308543617,BIS-implied reporter USD allocation: global 5A USD liabilities to UAE allocated by reporter all-currency loans/deposits liability shares
2020-03-31,GG,GG: Guernsey,0.943508,201.710126,498.66108,0.0046775440515068635,2.3325091684719883,BIS-implied reporter USD allocation: global 5A USD liabilities to UAE allocated by reporter all-currency loans/deposits liability shares
2020-03-31,BR,BR: Brazil,0.24204,201.710126,498.66108,0.0011999397590976668,0.5983632562065824,BIS-implied reporter USD allocation: global 5A USD liabilities to UAE allocated by reporter all-currency loans/deposits liability shares
2020-03-31,CA,CA: Canada,1.009726,201.710126,498.66108,0.005005827025262975,2.4962111107108225,BIS-implied reporter USD allocation: global 5A USD liabilities to UAE allocated by reporter all-currency loans/deposits liability shares
2020-03-31,CL,CL: Chile,-0.066772,201.710126,498.66108,-0.0003310294893177549,-0.16507152265504013,BIS-implied reporter USD allocation: global 5A USD liabilities to UAE allocated by reporter all-currency loans/deposits liability shares
2020-03-31,AU,AU: Australia,2.0552200000000003,201.710126,498.66108,0.010188977820578033,5.080846684105488,BIS-implied reporter USD allocation: global 5A USD liabilities to UAE allocated by reporter all-currency loans/deposits liability shares
2020-03-31,GB,GB: United Kingdom,64.860124,201.710126,498.66108,0.32155115504711945,160.34504625104404,BIS-implied reporter USD allocation: global 5A USD liabilities to UAE allocated by reporter all-currency loans/deposits liability shares
2020-03-31,US,US: United States,43.883680999999996,201.710126,498.66108,0.21755814579184782,108.4877799433603,BIS-implied reporter USD allocation: global 5A USD liabilities to UAE allocated by reporter all-currency loans/deposits liability shares
2020-03-31,CH,CH: Switzerland,34.200931999999995,201.710126,498.66108,0.16955485913483587,84.55040917542513,BIS-implied reporter USD allocation: global 5A USD liabilities to UAE allocated by reporter all-currency loans/deposits liability shares
2020-03-31,HK,HK: Hong Kong SAR,11.582806,201.710126,498.66108,0.05742302694312927,28.634628632329942,BIS-implied reporter USD allocation: global 5A USD liabilities to UAE allocated by reporter all-currency loans/deposits liability shares
2020-03-31,FR,FR: France,9.044763000000001,201.710126,498.66108,0.04484040131926744,22.36016294949933,BIS-implied reporter USD allocation: global 5A USD liabilities to UAE allocated by reporter all-currency loans/deposits liability shares
2020-03-31,JE,JE: Jersey,8.60909,201.710126,498.66108,0.04268050479528231,21.28310661616066,BIS-implied reporter USD allocation: global 5A USD liabilities to UAE allocated by reporter all-currency loans/deposits liability shares
2020-03-31,AT,AT: Austria,1.614814,201.710126,498.66108,0.008005616931695337,3.992089585225483,BIS-implied reporter USD allocation: global 5A USD liabilities to UAE allocated by reporter all-currency loans/deposits liability shares
2020-03-31,LU,LU: Luxembourg,4.814661,201.710126,498.66108,0.023869208232015084,11.902645155721533,BIS-implied reporter USD allocation: global 5A USD liabilities to UAE allocated by reporter all-currency loans/deposits liability shares
2020-03-31,SE,SE: Sweden,3.330864,201.710126,498.66108,0.016513122400211085,8.234451450261453,BIS-implied reporter USD allocation: global 5A USD liabilities to UAE allocated by reporter all-currency loans/deposits liability shares
2020-03-31,MO,MO: Macao SAR,2.383124,201.710126,498.66108,0.011814597746074483,5.891480071823068,BIS-implied reporter USD allocation: global 5A USD liabilities to UAE allocated by reporter all-currency loans/deposits liability shares
2020-03-31,IM,IM: Isle of Man,2.334613,201.710126,498.66108,0.011574099160495295,5.771552787399678,BIS-implied reporter USD allocation: global 5A USD liabilities to UAE allocated by reporter all-currency loans/deposits liability shares
2020-03-31,NL,NL: Netherlands,2.2791129999999997,201.710126,498.66108,0.011298951843399274,5.634347529097473,BIS-implied reporter USD allocation: global 5A USD liabilities to UAE allocated by reporter all-currency loans/deposits liability shares
2020-03-31,BE,BE: Belgium,5.1499310000000005,201.710126,498.66108,0.025531345907740897,12.731488524207657,BIS-implied reporter USD allocation: global 5A USD liabilities to UAE allocated by reporter all-currency loans/deposits liability shares
2020-06-30,FI,FI: Finland,0.187602,187.529357,387.109936,0.0010003873686827603,0.3872598902659917,BIS-implied reporter USD allocation: global 5A USD liabilities to UAE allocated by reporter all-currency loans/deposits liability shares
2020-06-30,CL,CL: Chile,-0.026952,187.529357,387.109936,-0.00014372149742933316,-0.05563601967169332,BIS-implied reporter USD allocation: global 5A USD liabilities to UAE allocated by reporter all-currency loans/deposits liability shares
2020-06-30,PH,PH: Philippines,-0.067696,187.529357,387.109936,-0.0003609888130742111,-0.13974235632587384,BIS-implied reporter USD allocation: global 5A USD liabilities to UAE allocated by reporter all-currency loans/deposits liability shares
2020-06-30,SE,SE: Sweden,1.672067,187.529357,387.109936,0.008916294636471237,3.451586246081524,BIS-implied reporter USD allocation: global 5A USD liabilities to UAE allocated by reporter all-currency loans/deposits liability shares
2020-06-30,BR,BR: Brazil,0.33398,187.529357,387.109936,0.0017809478224788025,0.6894225975791086,BIS-implied reporter USD allocation: global 5A USD liabilities to UAE allocated by reporter all-currency loans/deposits liability shares
2020-06-30,MO,MO: Macao SAR,-0.30218,187.529357,387.109936,-0.0016113743727068823,-0.6237790302906013,BIS-implied reporter USD allocation: global 5A USD liabilities to UAE allocated by reporter all-currency loans/deposits liability shares
2020-06-30,AT,AT: Austria,1.7197390000000001,187.529357,387.109936,0.009170505501173345,3.5499937976468616,BIS-implied reporter USD allocation: global 5A USD liabilities to UAE allocated by reporter all-currency loans/deposits liability shares
2020-06-30,NL,NL: Netherlands,2.291938,187.529357,387.109936,0.012221755764885388,4.731163091952414,BIS-implied reporter USD allocation: global 5A USD liabilities to UAE allocated by reporter all-currency loans/deposits liability shares
2020-06-30,IM,IM: Isle of Man,2.256955,187.529357,387.109936,0.012035208972641015,4.658948975145689,BIS-implied reporter USD allocation: global 5A USD liabilities to UAE allocated by reporter all-currency loans/deposits liability shares
2020-06-30,GB,GB: United Kingdom,60.694866999999995,187.529357,387.109936,0.3236552824099962,125.29017565979555,BIS-implied reporter USD allocation: global 5A USD liabilities to UAE allocated by reporter all-currency loans/deposits liability shares
2020-06-30,CH,CH: Switzerland,28.180496,187.529357,387.109936,0.1502724504089245,58.17195866036194,BIS-implied reporter USD allocation: global 5A USD liabilities to UAE allocated by reporter all-currency loans/deposits liability shares
2020-06-30,FR,FR: France,24.008302,187.529357,387.109936,0.12802423249390227,49.55945244716363,BIS-implied reporter USD allocation: global 5A USD liabilities to UAE allocated by reporter all-currency loans/deposits liability shares
2020-06-30,HK,HK: Hong Kong SAR,9.243529,187.529357,387.109936,0.04929110379235183,19.081076034426676,BIS-implied reporter USD allocation: global 5A USD liabilities to UAE allocated by reporter all-currency loans/deposits liability shares
2020-06-30,US,US: United States,23.422788,187.529357,387.109936,0.12490198001372127,48.350797489384924,BIS-implied reporter USD allocation: global 5A USD liabilities to UAE allocated by reporter all-currency loans/deposits liability shares
2020-06-30,MX,MX: Mexico,4.205151,187.529357,387.109936,0.022423961065466673,8.680538132919295,BIS-implied reporter USD allocation: global 5A USD liabilities to UAE allocated by reporter all-currency loans/deposits liability shares
2020-06-30,BE,BE: Belgium,4.057862,187.529357,387.109936,0.021638542705609554,8.376494881901781,BIS-implied reporter USD allocation: global 5A USD liabilities to UAE allocated by reporter all-currency loans/deposits liability shares
2020-06-30,TW,TW: Chinese Taipei,3.9179150000000003,187.529357,387.109936,0.020892275549155754,8.087607450728049,BIS-implied reporter USD allocation: global 5A USD liabilities to UAE allocated by reporter all-currency loans/deposits liability shares
2020-06-30,LU,LU: Luxembourg,3.5610350000000004,187.529357,387.109936,0.018989213512847485,7.350913227648725,BIS-implied reporter USD allocation: global 5A USD liabilities to UAE allocated by reporter all-currency loans/deposits liability shares
2020-06-30,DK,DK: Denmark,3.018042,187.529357,387.109936,0.016093704198004582,6.230032802092485,BIS-implied reporter USD allocation: global 5A USD liabilities to UAE allocated by reporter all-currency loans/deposits liability shares
2020-06-30,JE,JE: Jersey,8.161178,187.529357,387.109936,0.04351946879442454,16.84681877976368,BIS-implied reporter USD allocation: global 5A USD liabilities to UAE allocated by reporter all-currency loans/deposits liability shares
2020-09-30,SE,SE: Sweden,-1.481514,204.734069,482.41973900000005,-0.007236284645913036,-3.4909265502110745,BIS-implied reporter USD allocation: global 5A USD liabilities to UAE allocated by reporter all-currency loans/deposits liability shares
2020-09-30,CL,CL: Chile,-0.060582,204.734069,482.41973900000005,-0.00029590580745015134,-0.1427508023986863,BIS-implied reporter USD allocation: global 5A USD liabilities to UAE allocated by reporter all-currency loans/deposits liability shares
2020-09-30,BR,BR: Brazil,-0.23397,204.734069,482.41973900000005,-0.001142799540607968,-0.5513090561094159,BIS-implied reporter USD allocation: global 5A USD liabilities to UAE allocated by reporter all-currency loans/deposits liability shares
2020-09-30,FI,FI: Finland,0.267616,204.734069,482.41973900000005,0.0013071395557521987,0.6305899233225517,BIS-implied reporter USD allocation: global 5A USD liabilities to UAE allocated by reporter all-currency loans/deposits liability shares
2020-09-30,CA,CA: Canada,1.209661,204.734069,482.41973900000005,0.005908449951238941,2.850352883371253,BIS-implied reporter USD allocation: global 5A USD liabilities to UAE allocated by reporter all-currency loans/deposits liability shares
2020-09-30,MX,MX: Mexico,-0.0061259999999999995,204.734069,482.41973900000005,-2.9921742042844854e-05,-0.014434838986734543,BIS-implied reporter USD allocation: global 5A USD liabilities to UAE allocated by reporter all-currency loans/deposits liability shares
2020-09-30,AT,AT: Austria,1.537433,204.734069,482.41973900000005,0.007509414566463777,3.622689815196254,BIS-implied reporter USD allocation: global 5A USD liabilities to UAE allocated by reporter all-currency loans/deposits liability shares
2020-09-30,GB,GB: United Kingdom,68.117214,204.734069,482.41973900000005,0.3327106931089227,160.5062057321156,BIS-implied reporter USD allocation: global 5A USD liabilities to UAE allocated by reporter all-currency loans/deposits liability shares
2020-09-30,US,US: United States,44.178501,204.734069,482.41973900000005,0.2157848042379307,104.09884894062863,BIS-implied reporter USD allocation: global 5A USD liabilities to UAE allocated by reporter all-currency loans/deposits liability shares
2020-09-30,CH,CH: Switzerland,30.737961000000002,204.734069,482.41973900000005,0.15013603329497643,72.42858599665784,BIS-implied reporter USD allocation: global 5A USD liabilities to UAE allocated by reporter all-currency loans/deposits liability shares
2020-09-30,FR,FR: France,13.510184,204.734069,482.41973900000005,0.0659889390465834,31.834366751739676,BIS-implied reporter USD allocation: global 5A USD liabilities to UAE allocated by reporter all-currency loans/deposits liability shares
2020-09-30,HK,HK: Hong Kong SAR,12.959951,204.734069,482.41973900000005,0.06330138927683794,30.53783969326956,BIS-implied reporter USD allocation: global 5A USD liabilities to UAE allocated by reporter all-currency loans/deposits liability shares
2020-09-30,BE,BE: Belgium,8.192879,204.734069,482.41973900000005,0.04001717466964426,19.305074959647197,BIS-implied reporter USD allocation: global 5A USD liabilities to UAE allocated by reporter all-currency loans/deposits liability shares
2020-09-30,TW,TW: Chinese Taipei,1.5169759999999999,204.734069,482.41973900000005,0.007409494704078781,3.5744865012635683,BIS-implied reporter USD allocation: global 5A USD liabilities to UAE allocated by reporter all-currency loans/deposits liability shares
2020-09-30,NL,NL: Netherlands,3.106601,204.734069,482.41973900000005,0.015173835088482513,7.320157563014777,BIS-implied reporter USD allocation: global 5A USD liabilities to UAE allocated by reporter all-currency loans/deposits liability shares
2020-09-30,IM,IM: Isle of Man,2.1915750000000003,204.734069,482.41973900000005,0.010704495889250364,5.164060113018734,BIS-implied reporter USD allocation: global 5A USD liabilities to UAE allocated by reporter all-currency loans/deposits liability shares
2020-09-30,LU,LU: Luxembourg,2.171433,204.734069,482.41973900000005,0.010606114608116345,5.116599041051575,BIS-implied reporter USD allocation: global 5A USD liabilities to UAE allocated by reporter all-currency loans/deposits liability shares
2020-09-30,AU,AU: Australia,1.908626,204.734069,482.41973900000005,0.009322464059462424,4.497340678402743,BIS-implied reporter USD allocation: global 5A USD liabilities to UAE allocated by reporter all-currency loans/deposits liability shares
2020-09-30,DK,DK: Denmark,1.624315,204.734069,482.41973900000005,0.007933779697408348,3.8274119309072345,BIS-implied reporter USD allocation: global 5A USD liabilities to UAE allocated by reporter all-currency loans/deposits liability shares
2020-09-30,JE,JE: Jersey,7.705363999999999,204.734069,482.41973900000005,0.03763596375354607,18.156331810999156,BIS-implied reporter USD allocation: global 5A USD liabilities to UAE allocated by reporter all-currency loans/deposits liability shares
2020-12-31,MX,MX: Mexico,-0.08793000000000001,183.703773,391.210384,-0.000478651029121759,-0.1872532529047185,BIS-implied reporter USD allocation: global 5A USD liabilities to UAE allocated by reporter all-currency loans/deposits liability shares
2020-12-31,TW,TW: Chinese Taipei,-0.17816200000000001,183.703773,391.210384,-0.0009698331019036828,-0.37940878021165086,BIS-implied reporter USD allocation: global 5A USD liabilities to UAE allocated by reporter all-currency loans/deposits liability shares
2020-12-31,IE,IE: Ireland,-0.217195,183.703773,391.210384,-0.0011823110459467808,-0.46253235829228173,BIS-implied reporter USD allocation: global 5A USD liabilities to UAE allocated by reporter all-currency loans/deposits liability shares
2020-12-31,GG,GG: Guernsey,1.018188,183.703773,391.210384,0.005542553554411754,2.168304504361987,BIS-implied reporter USD allocation: global 5A USD liabilities to UAE allocated by reporter all-currency loans/deposits liability shares
2020-12-31,SE,SE: Sweden,0.02716099999999999,183.703773,391.210384,0.00014785216196947675,0.057841301059309194,BIS-implied reporter USD allocation: global 5A USD liabilities to UAE allocated by reporter all-currency loans/deposits liability shares
2020-12-31,IT,IT: Italy,1.0424319999999998,183.703773,391.210384,0.0056745268917258425,2.2199338443303933,BIS-implied reporter USD allocation: global 5A USD liabilities to UAE allocated by reporter all-currency loans/deposits liability shares
2020-12-31,CA,CA: Canada,1.140142,183.703773,391.210384,0.006206415803991135,2.4280143099430402,BIS-implied reporter USD allocation: global 5A USD liabilities to UAE allocated by reporter all-currency loans/deposits liability shares
2020-12-31,ES,ES: Spain,1.565642,183.703773,391.210384,0.008522644768978151,3.3341471327675336,BIS-implied reporter USD allocation: global 5A USD liabilities to UAE allocated by reporter all-currency loans/deposits liability shares
2020-12-31,CH,CH: Switzerland,33.402057,183.703773,391.210384,0.1818256449202053,71.13208037028116,BIS-implied reporter USD allocation: global 5A USD liabilities to UAE allocated by reporter all-currency loans/deposits liability shares
2020-12-31,FR,FR: France,18.709992,183.703773,391.210384,0.10184870835505376,39.84427230548459,BIS-implied reporter USD allocation: global 5A USD liabilities to UAE allocated by reporter all-currency loans/deposits liability shares
2020-12-31,US,US: United States,16.203834,183.703773,391.210384,0.08820632116249458,34.507228773206826,BIS-implied reporter USD allocation: global 5A USD liabilities to UAE allocated by reporter all-currency loans/deposits liability shares
2020-12-31,BE,BE: Belgium,10.55897,183.703773,391.210384,0.057478242431090405,22.48608529311197,BIS-implied reporter USD allocation: global 5A USD liabilities to UAE allocated by reporter all-currency loans/deposits liability shares
2020-12-31,HK,HK: Hong Kong SAR,9.547279,183.703773,391.210384,0.05197105559720866,20.331616617069347,BIS-implied reporter USD allocation: global 5A USD liabilities to UAE allocated by reporter all-currency loans/deposits liability shares
2020-12-31,GB,GB: United Kingdom,70.947168,183.703773,391.210384,0.38620419625240904,151.0870919183163,BIS-implied reporter USD allocation: global 5A USD liabilities to UAE allocated by reporter all-currency loans/deposits liability shares
2020-12-31,LU,LU: Luxembourg,3.0663489999999998,183.703773,391.210384,0.01669181285677785,6.5300105173561995,BIS-implied reporter USD allocation: global 5A USD liabilities to UAE allocated by reporter all-currency loans/deposits liability shares
2020-12-31,NL,NL: Netherlands,2.214544,183.703773,391.210384,0.012054972872005193,4.716030566366734,BIS-implied reporter USD allocation: global 5A USD liabilities to UAE allocated by reporter all-currency loans/deposits liability shares
2020-12-31,AT,AT: Austria,2.177365,183.703773,391.210384,0.011852587262864764,4.636855214498833,BIS-implied reporter USD allocation: global 5A USD liabilities to UAE allocated by reporter all-currency loans/deposits liability shares
2020-12-31,IM,IM: Isle of Man,2.172331,183.703773,391.210384,0.011825184450620944,4.6261349497982485,BIS-implied reporter USD allocation: global 5A USD liabilities to UAE allocated by reporter all-currency loans/deposits liability shares
2020-12-31,DK,DK: Denmark,2.152189,183.703773,391.210384,0.01171554054036767,4.583241113564804,BIS-implied reporter USD allocation: global 5A USD liabilities to UAE allocated by reporter all-currency loans/deposits liability shares
2020-12-31,JE,JE: Jersey,6.975878,183.703773,391.210384,0.03797351511120024,14.855633428482449,BIS-implied reporter USD allocation: global 5A USD liabilities to UAE allocated by reporter all-currency loans/deposits liability shares
2021-03-31,CL,CL: Chile,-0.064976,169.599581,351.655879,-0.000383114154037916,-0.13472434459554475,BIS-implied reporter USD allocation: global 5A USD liabilities to UAE allocated by reporter all-currency loans/deposits liability shares
2021-03-31,MX,MX: Mexico,-0.095429,169.599581,351.655879,-0.0005626723806587706,-0.1978670506095826,BIS-implied reporter USD allocation: global 5A USD liabilities to UAE allocated by reporter all-currency loans/deposits liability shares
2021-03-31,IT,IT: Italy,0.7529520000000001,169.599581,351.655879,0.004439586439780179,1.5612066718773796,BIS-implied reporter USD allocation: global 5A USD liabilities to UAE allocated by reporter all-currency loans/deposits liability shares
2021-03-31,BE,BE: Belgium,0.14253300000000013,169.599581,351.655879,0.0008404089158687258,0.29553473602925384,BIS-implied reporter USD allocation: global 5A USD liabilities to UAE allocated by reporter all-currency loans/deposits liability shares
2021-03-31,TW,TW: Chinese Taipei,0.862521,169.599581,351.655879,0.005085631667922576,1.7883922744535496,BIS-implied reporter USD allocation: global 5A USD liabilities to UAE allocated by reporter all-currency loans/deposits liability shares
2021-03-31,DK,DK: Denmark,-0.10608099999999998,169.599581,351.655879,-0.0006254791395976384,-0.21995341663137127,BIS-implied reporter USD allocation: global 5A USD liabilities to UAE allocated by reporter all-currency loans/deposits liability shares
2021-03-31,ES,ES: Spain,1.534303,169.599581,351.655879,0.009046620227204453,3.181297187976762,BIS-implied reporter USD allocation: global 5A USD liabilities to UAE allocated by reporter all-currency loans/deposits liability shares
2021-03-31,GB,GB: United Kingdom,45.770043,169.599581,351.655879,0.2698712032785034,94.9017952056898,BIS-implied reporter USD allocation: global 5A USD liabilities to UAE allocated by reporter all-currency loans/deposits liability shares
2021-03-31,CH,CH: Switzerland,37.029719,169.599581,351.655879,0.21833614671489077,76.77918959049788,BIS-implied reporter USD allocation: global 5A USD liabilities to UAE allocated by reporter all-currency loans/deposits liability shares
2021-03-31,FR,FR: France,25.381752,169.599581,351.655879,0.1496569263340338,52.627737978432904,BIS-implied reporter USD allocation: global 5A USD liabilities to UAE allocated by reporter all-currency loans/deposits liability shares
2021-03-31,US,US: United States,25.235084999999998,169.599581,351.655879,0.14879214235794602,52.323631609176644,BIS-implied reporter USD allocation: global 5A USD liabilities to UAE allocated by reporter all-currency loans/deposits liability shares
2021-03-31,JE,JE: Jersey,7.429074,169.599581,351.655879,0.04380361057613698,15.403797180525146,BIS-implied reporter USD allocation: global 5A USD liabilities to UAE allocated by reporter all-currency loans/deposits liability shares
2021-03-31,HK,HK: Hong Kong SAR,5.946047,169.599581,351.655879,0.035059326001518835,12.328818102211663,BIS-implied reporter USD allocation: global 5A USD liabilities to UAE allocated by reporter all-currency loans/deposits liability shares
2021-03-31,GG,GG: Guernsey,1.207346,169.599581,351.655879,0.007118802964495532,2.503368913907482,BIS-implied reporter USD allocation: global 5A USD liabilities to UAE allocated by reporter all-currency loans/deposits liability shares
2021-03-31,LU,LU: Luxembourg,3.307822,169.599581,351.655879,0.019503715637127664,6.858596266140174,BIS-implied reporter USD allocation: global 5A USD liabilities to UAE allocated by reporter all-currency loans/deposits liability shares
2021-03-31,CA,CA: Canada,3.102536,169.599581,351.655879,0.01829329991092372,6.432946459986503,BIS-implied reporter USD allocation: global 5A USD liabilities to UAE allocated by reporter all-currency loans/deposits liability shares
2021-03-31,MO,MO: Macao SAR,2.997898,169.599581,351.655879,0.017676329047062917,6.215985028538143,BIS-implied reporter USD allocation: global 5A USD liabilities to UAE allocated by reporter all-currency loans/deposits liability shares
2021-03-31,AT,AT: Austria,1.9220409999999999,169.599581,351.655879,0.01133281691303235,3.985251693098458,BIS-implied reporter USD allocation: global 5A USD liabilities to UAE allocated by reporter all-currency loans/deposits liability shares
2021-03-31,IM,IM: Isle of Man,1.797398,169.599581,351.655879,0.010597891748329261,3.7268109383055736,BIS-implied reporter USD allocation: global 5A USD liabilities to UAE allocated by reporter all-currency loans/deposits liability shares
2021-03-31,NL,NL: Netherlands,3.667339,169.599581,351.655879,0.02162351450620624,7.604036000749207,BIS-implied reporter USD allocation: global 5A USD liabilities to UAE allocated by reporter all-currency loans/deposits liability shares
2021-06-30,SE,SE: Sweden,-0.073028,374.699057,458.764591,-0.00019489774162949122,-0.08941218272547721,BIS-implied reporter USD allocation: global 5A USD liabilities to UAE allocated by reporter all-currency loans/deposits liability shares
2021-06-30,MX,MX: Mexico,-0.100242,374.699057,458.764591,-0.0002675266940957367,-0.12273177439841276,BIS-implied reporter USD allocation: global 5A USD liabilities to UAE allocated by reporter all-currency loans/deposits liability shares
2021-06-30,IE,IE: Ireland,0.921243,374.699057,458.764591,0.0024586210794760558,1.1279282939498112,BIS-implied reporter USD allocation: global 5A USD liabilities to UAE allocated by reporter all-currency loans/deposits liability shares
2021-06-30,FI,FI: Finland,0.07985999999999979,374.699057,458.764591,0.00021313104078615226,0.09777697475566346,BIS-implied reporter USD allocation: global 5A USD liabilities to UAE allocated by reporter all-currency loans/deposits liability shares
2021-06-30,ES,ES: Spain,1.536486,374.699057,458.764591,0.004100586781033719,1.8812040174609408,BIS-implied reporter USD allocation: global 5A USD liabilities to UAE allocated by reporter all-currency loans/deposits liability shares
2021-06-30,KR,KR: Korea,-0.166961,374.699057,458.764591,-0.00044558692337461634,-0.2044195026569042,BIS-implied reporter USD allocation: global 5A USD liabilities to UAE allocated by reporter all-currency loans/deposits liability shares
2021-06-30,IM,IM: Isle of Man,1.610607,374.699057,458.764591,0.004298401530271265,1.971954419988671,BIS-implied reporter USD allocation: global 5A USD liabilities to UAE allocated by reporter all-currency loans/deposits liability shares
2021-06-30,MO,MO: Macao SAR,160.778232,374.699057,458.764591,0.4290863000490551,196.84960094570806,BIS-implied reporter USD allocation: global 5A USD liabilities to UAE allocated by reporter all-currency loans/deposits liability shares
2021-06-30,GB,GB: United Kingdom,74.731026,374.699057,458.764591,0.19944279176555282,91.497290792222,BIS-implied reporter USD allocation: global 5A USD liabilities to UAE allocated by reporter all-currency loans/deposits liability shares
2021-06-30,CH,CH: Switzerland,36.174674,374.699057,458.764591,0.09654327472727,44.29063594405666,BIS-implied reporter USD allocation: global 5A USD liabilities to UAE allocated by reporter all-currency loans/deposits liability shares
2021-06-30,US,US: United States,33.38264,374.699057,458.764591,0.08909187086638438,40.87219569944165,BIS-implied reporter USD allocation: global 5A USD liabilities to UAE allocated by reporter all-currency loans/deposits liability shares
2021-06-30,FR,FR: France,24.765635,374.699057,458.764591,0.06609473532782337,30.32192421992214,BIS-implied reporter USD allocation: global 5A USD liabilities to UAE allocated by reporter all-currency loans/deposits liability shares
2021-06-30,HK,HK: Hong Kong SAR,9.317295,374.699057,458.764591,0.024866075390203076,11.40767490616168,BIS-implied reporter USD allocation: global 5A USD liabilities to UAE allocated by reporter all-currency loans/deposits liability shares
2021-06-30,CA,CA: Canada,1.599178,374.699057,458.764591,0.004267899718786856,1.957961268918267,BIS-implied reporter USD allocation: global 5A USD liabilities to UAE allocated by reporter all-currency loans/deposits liability shares
2021-06-30,JE,JE: Jersey,5.600398,374.699057,458.764591,0.014946389363344463,6.856874203201473,BIS-implied reporter USD allocation: global 5A USD liabilities to UAE allocated by reporter all-currency loans/deposits liability shares
2021-06-30,NL,NL: Netherlands,4.138854,374.699057,458.764591,0.011045808423264861,5.067425783563459,BIS-implied reporter USD allocation: global 5A USD liabilities to UAE allocated by reporter all-currency loans/deposits liability shares
2021-06-30,LU,LU: Luxembourg,3.6666929999999995,374.699057,458.764591,0.009785701168711507,4.489333194312157,BIS-implied reporter USD allocation: global 5A USD liabilities to UAE allocated by reporter all-currency loans/deposits liability shares
2021-06-30,DK,DK: Denmark,3.33073,374.699057,458.764591,0.008889080283967728,4.077995280840619,BIS-implied reporter USD allocation: global 5A USD liabilities to UAE allocated by reporter all-currency loans/deposits liability shares
2021-06-30,AT,AT: Austria,2.222193,374.699057,458.764591,0.005930607399420276,2.7207526779766167,BIS-implied reporter USD allocation: global 5A USD liabilities to UAE allocated by reporter all-currency loans/deposits liability shares
2021-06-30,BE,BE: Belgium,7.812318,374.699057,458.764591,0.020849580093819133,9.565049084262675,BIS-implied reporter USD allocation: global 5A USD liabilities to UAE allocated by reporter all-currency loans/deposits liability shares
2021-09-30,ZA,ZA: South Africa,0.06323000000000001,240.394262,421.982196,0.0002630262447778392,0.1109923923769861,BIS-implied reporter USD allocation: global 5A USD liabilities to UAE allocated by reporter all-currency loans/deposits liability shares
2021-09-30,FI,FI: Finland,0.036968,240.394262,421.982196,0.00015378070879245863,0.0648927211986782,BIS-implied reporter USD allocation: global 5A USD liabilities to UAE allocated by reporter all-currency loans/deposits liability shares
2021-09-30,CL,CL: Chile,-0.07474700000000001,240.394262,421.982196,-0.00031093504220163127,-0.13120905192159704,BIS-implied reporter USD allocation: global 5A USD liabilities to UAE allocated by reporter all-currency loans/deposits liability shares
2021-09-30,IT,IT: Italy,1.135826,240.394262,421.982196,0.004724846552285844,1.9938011238966094,BIS-implied reporter USD allocation: global 5A USD liabilities to UAE allocated by reporter all-currency loans/deposits liability shares
2021-09-30,KR,KR: Korea,0.312248,240.394262,421.982196,0.0012988995552647594,0.5481124867140466,BIS-implied reporter USD allocation: global 5A USD liabilities to UAE allocated by reporter all-currency loans/deposits liability shares
2021-09-30,MX,MX: Mexico,-0.100008,240.394262,421.982196,-0.00041601658528771376,-0.17555159223213074,BIS-implied reporter USD allocation: global 5A USD liabilities to UAE allocated by reporter all-currency loans/deposits liability shares
2021-09-30,CA,CA: Canada,1.176578,240.394262,421.982196,0.004894368069400924,2.065336185958082,BIS-implied reporter USD allocation: global 5A USD liabilities to UAE allocated by reporter all-currency loans/deposits liability shares
2021-09-30,ES,ES: Spain,1.811546,240.394262,421.982196,0.007535728951800023,3.1799434515413516,BIS-implied reporter USD allocation: global 5A USD liabilities to UAE allocated by reporter all-currency loans/deposits liability shares
2021-09-30,IM,IM: Isle of Man,1.7379890000000002,240.394262,421.982196,0.007229744110947209,3.0508232964555706,BIS-implied reporter USD allocation: global 5A USD liabilities to UAE allocated by reporter all-currency loans/deposits liability shares
2021-09-30,GB,GB: United Kingdom,56.296253,240.394262,421.982196,0.23418301473435335,98.82106282350279,BIS-implied reporter USD allocation: global 5A USD liabilities to UAE allocated by reporter all-currency loans/deposits liability shares
2021-09-30,MO,MO: Macao SAR,54.127088,240.394262,421.982196,0.22515965044124056,95.01336374378705,BIS-implied reporter USD allocation: global 5A USD liabilities to UAE allocated by reporter all-currency loans/deposits liability shares
2021-09-30,US,US: United States,34.321483,240.394262,421.982196,0.14277163986551394,60.24709011697072,BIS-implied reporter USD allocation: global 5A USD liabilities to UAE allocated by reporter all-currency loans/deposits liability shares
2021-09-30,FR,FR: France,16.420104,240.394262,421.982196,0.06830489157016567,28.823448142320398,BIS-implied reporter USD allocation: global 5A USD liabilities to UAE allocated by reporter all-currency loans/deposits liability shares
2021-09-30,CH,CH: Switzerland,36.029105,240.394262,421.982196,0.14987506232573888,63.24460792585216,BIS-implied reporter USD allocation: global 5A USD liabilities to UAE allocated by reporter all-currency loans/deposits liability shares
2021-09-30,HK,HK: Hong Kong SAR,7.058333999999999,240.394262,421.982196,0.029361491165708437,12.390026519940246,BIS-implied reporter USD allocation: global 5A USD liabilities to UAE allocated by reporter all-currency loans/deposits liability shares
2021-09-30,JE,JE: Jersey,5.944539,240.394262,421.982196,0.024728289895704747,10.4348980735141,BIS-implied reporter USD allocation: global 5A USD liabilities to UAE allocated by reporter all-currency loans/deposits liability shares
2021-09-30,AT,AT: Austria,4.46781,240.394262,421.982196,0.018585343771641272,7.842684178172107,BIS-implied reporter USD allocation: global 5A USD liabilities to UAE allocated by reporter all-currency loans/deposits liability shares
2021-09-30,LU,LU: Luxembourg,3.97797,240.394262,421.982196,0.01654769114247827,6.982831047032729,BIS-implied reporter USD allocation: global 5A USD liabilities to UAE allocated by reporter all-currency loans/deposits liability shares
2021-09-30,NL,NL: Netherlands,2.50547,240.394262,421.982196,0.010422336952451884,4.398040634647593,BIS-implied reporter USD allocation: global 5A USD liabilities to UAE allocated by reporter all-currency loans/deposits liability shares
2021-09-30,BE,BE: Belgium,9.944991,240.394262,421.982196,0.04136950240517804,17.45719347236431,BIS-implied reporter USD allocation: global 5A USD liabilities to UAE allocated by reporter all-currency loans/deposits liability shares
2021-12-31,FI,FI: Finland,-0.046537999999999996,191.73348900000002,479.680964,-0.0002427223342292592,-0.11642928326742125,BIS-implied reporter USD allocation: global 5A USD liabilities to UAE allocated by reporter all-currency loans/deposits liability shares
2021-12-31,CL,CL: Chile,-0.047298,191.73348900000002,479.680964,-0.0002466861696758671,-0.1183306596755875,BIS-implied reporter USD allocation: global 5A USD liabilities to UAE allocated by reporter all-currency loans/deposits liability shares
2021-12-31,KR,KR: Korea,-0.07774400000000002,191.73348900000002,479.680964,-0.00040547950389616084,-0.1945007993111522,BIS-implied reporter USD allocation: global 5A USD liabilities to UAE allocated by reporter all-currency loans/deposits liability shares
2021-12-31,IT,IT: Italy,0.803741,191.73348900000002,479.680964,0.00419196982327902,2.01080812588939,BIS-implied reporter USD allocation: global 5A USD liabilities to UAE allocated by reporter all-currency loans/deposits liability shares
2021-12-31,ZA,ZA: South Africa,-0.0010599999999999984,191.73348900000002,479.680964,-5.528507333426756e-06,-0.002651919727179216,BIS-implied reporter USD allocation: global 5A USD liabilities to UAE allocated by reporter all-currency loans/deposits liability shares
2021-12-31,IE,IE: Ireland,1.5461589999999998,191.73348900000002,479.680964,0.008064105066173388,3.8681976919393346,BIS-implied reporter USD allocation: global 5A USD liabilities to UAE allocated by reporter all-currency loans/deposits liability shares
2021-12-31,IM,IM: Isle of Man,1.7846090000000001,191.73348900000002,479.680964,0.00930775843754661,4.464754540001492,BIS-implied reporter USD allocation: global 5A USD liabilities to UAE allocated by reporter all-currency loans/deposits liability shares
2021-12-31,DK,DK: Denmark,1.921318,191.73348900000002,479.680964,0.010020774200797023,4.8067746286646456,BIS-implied reporter USD allocation: global 5A USD liabilities to UAE allocated by reporter all-currency loans/deposits liability shares
2021-12-31,GB,GB: United Kingdom,45.004163,191.73348900000002,479.680964,0.23472249545305043,112.59191289140486,BIS-implied reporter USD allocation: global 5A USD liabilities to UAE allocated by reporter all-currency loans/deposits liability shares
2021-12-31,US,US: United States,42.75061,191.73348900000002,479.680964,0.22296892537119584,106.95394906409928,BIS-implied reporter USD allocation: global 5A USD liabilities to UAE allocated by reporter all-currency loans/deposits liability shares
2021-12-31,CH,CH: Switzerland,36.363232,191.73348900000002,479.680964,0.18965508941424417,90.97393611773084,BIS-implied reporter USD allocation: global 5A USD liabilities to UAE allocated by reporter all-currency loans/deposits liability shares
2021-12-31,JE,JE: Jersey,10.41483,191.73348900000002,479.680964,0.05431930568999346,26.055936917186752,BIS-implied reporter USD allocation: global 5A USD liabilities to UAE allocated by reporter all-currency loans/deposits liability shares
2021-12-31,BE,BE: Belgium,7.444571,191.73348900000002,479.680964,0.03882770317709078,18.62491008989277,BIS-implied reporter USD allocation: global 5A USD liabilities to UAE allocated by reporter all-currency loans/deposits liability shares
2021-12-31,FR,FR: France,21.63019,191.73348900000002,479.680964,0.11281383399850402,54.114648644938384,BIS-implied reporter USD allocation: global 5A USD liabilities to UAE allocated by reporter all-currency loans/deposits liability shares
2021-12-31,NL,NL: Netherlands,3.201508,191.73348900000002,479.680964,0.016697698543419296,8.009568133888765,BIS-implied reporter USD allocation: global 5A USD liabilities to UAE allocated by reporter all-currency loans/deposits liability shares
2021-12-31,LU,LU: Luxembourg,3.162865,191.73348900000002,479.680964,0.016496153157678155,7.912890648966702,BIS-implied reporter USD allocation: global 5A USD liabilities to UAE allocated by reporter all-currency loans/deposits liability shares
2021-12-31,CA,CA: Canada,3.1385469999999995,191.73348900000002,479.680964,0.01636932085453261,7.852051607527507,BIS-implied reporter USD allocation: global 5A USD liabilities to UAE allocated by reporter all-currency loans/deposits liability shares
2021-12-31,MO,MO: Macao SAR,3.0392879999999995,191.73348900000002,479.680964,0.015851628298486756,7.603724343187807,BIS-implied reporter USD allocation: global 5A USD liabilities to UAE allocated by reporter all-currency loans/deposits liability shares
2021-12-31,AT,AT: Austria,2.961018,191.73348900000002,479.680964,0.01544340540321571,7.40790759125732,BIS-implied reporter USD allocation: global 5A USD liabilities to UAE allocated by reporter all-currency loans/deposits liability shares
2021-12-31,HK,HK: Hong Kong SAR,5.4422440000000005,191.73348900000002,479.680964,0.02838442062669605,13.615466248795046,BIS-implied reporter USD allocation: global 5A USD liabilities to UAE allocated by reporter all-currency loans/deposits liability shares
2022-03-31,DK,DK: Denmark,0.13089799999999996,199.997237,414.877203,0.0006544990419042637,0.27153673187142074,BIS-implied reporter USD allocation: global 5A USD liabilities to UAE allocated by reporter all-currency loans/deposits liability shares
2022-03-31,BR,BR: Brazil,0.128661,199.997237,414.877203,0.0006433138873813541,0.2668962662478332,BIS-implied reporter USD allocation: global 5A USD liabilities to UAE allocated by reporter all-currency loans/deposits liability shares
2022-03-31,PH,PH: Philippines,0.08454900000000001,199.997237,414.877203,0.0004227508403028588,0.17538968619074974,BIS-implied reporter USD allocation: global 5A USD liabilities to UAE allocated by reporter all-currency loans/deposits liability shares
2022-03-31,IT,IT: Italy,0.958747,199.997237,414.877203,0.004793801226363942,1.9888388445318421,BIS-implied reporter USD allocation: global 5A USD liabilities to UAE allocated by reporter all-currency loans/deposits liability shares
2022-03-31,FI,FI: Finland,0.227074,199.997237,414.877203,0.0011353856853532432,0.4710456374655916,BIS-implied reporter USD allocation: global 5A USD liabilities to UAE allocated by reporter all-currency loans/deposits liability shares
2022-03-31,KR,KR: Korea,1.127048,199.997237,414.877203,0.005635317851916124,2.33796490841893,BIS-implied reporter USD allocation: global 5A USD liabilities to UAE allocated by reporter all-currency loans/deposits liability shares
2022-03-31,ES,ES: Spain,1.627134,199.997237,414.877203,0.0081357823958338,3.3753506446001653,BIS-implied reporter USD allocation: global 5A USD liabilities to UAE allocated by reporter all-currency loans/deposits liability shares
2022-03-31,IM,IM: Isle of Man,1.7822939999999998,199.997237,414.877203,0.008911593113658864,3.6972168252688506,BIS-implied reporter USD allocation: global 5A USD liabilities to UAE allocated by reporter all-currency loans/deposits liability shares
2022-03-31,CH,CH: Switzerland,44.007422,199.997237,414.877203,0.22004014985467021,91.28964191940644,BIS-implied reporter USD allocation: global 5A USD liabilities to UAE allocated by reporter all-currency loans/deposits liability shares
2022-03-31,US,US: United States,29.72325,199.997237,414.877203,0.14861830316185817,61.65834593039778,BIS-implied reporter USD allocation: global 5A USD liabilities to UAE allocated by reporter all-currency loans/deposits liability shares
2022-03-31,FR,FR: France,15.152423,199.997237,414.877203,0.07576316166807845,31.4324086032892,BIS-implied reporter USD allocation: global 5A USD liabilities to UAE allocated by reporter all-currency loans/deposits liability shares
2022-03-31,BE,BE: Belgium,10.455568,199.997237,414.877203,0.052278562228337176,21.689183674153977,BIS-implied reporter USD allocation: global 5A USD liabilities to UAE allocated by reporter all-currency loans/deposits liability shares
2022-03-31,JE,JE: Jersey,8.216614,199.997237,414.877203,0.04108363757045303,17.04466464429527,BIS-implied reporter USD allocation: global 5A USD liabilities to UAE allocated by reporter all-currency loans/deposits liability shares
2022-03-31,GB,GB: United Kingdom,59.19451,199.997237,414.877203,0.2959766389172666,122.79396010733652,BIS-implied reporter USD allocation: global 5A USD liabilities to UAE allocated by reporter all-currency loans/deposits liability shares
2022-03-31,LU,LU: Luxembourg,4.820951,199.997237,414.877203,0.02410508801179088,10.000651492400632,BIS-implied reporter USD allocation: global 5A USD liabilities to UAE allocated by reporter all-currency loans/deposits liability shares
2022-03-31,NL,NL: Netherlands,4.689402,199.997237,414.877203,0.023447333924918174,9.727764316577064,BIS-implied reporter USD allocation: global 5A USD liabilities to UAE allocated by reporter all-currency loans/deposits liability shares
2022-03-31,AT,AT: Austria,4.5020679999999995,199.997237,414.877203,0.02251065098464335,9.33915591821803,BIS-implied reporter USD allocation: global 5A USD liabilities to UAE allocated by reporter all-currency loans/deposits liability shares
2022-03-31,CA,CA: Canada,2.277003,199.997237,414.877203,0.011385172286155133,4.723448433753157,BIS-implied reporter USD allocation: global 5A USD liabilities to UAE allocated by reporter all-currency loans/deposits liability shares
2022-03-31,SE,SE: Sweden,1.904431,199.997237,414.877203,0.009522286550388693,3.9505796101897794,BIS-implied reporter USD allocation: global 5A USD liabilities to UAE allocated by reporter all-currency loans/deposits liability shares
2022-03-31,HK,HK: Hong Kong SAR,4.824634,199.997237,414.877203,0.02412350326619762,10.008291561641434,BIS-implied reporter USD allocation: global 5A USD liabilities to UAE allocated by reporter all-currency loans/deposits liability shares
2022-06-30,MX,MX: Mexico,1.7e-05,223.530539,546.152216,7.605224805546593e-08,4.1536103807274405e-05,BIS-implied reporter USD allocation: global 5A USD liabilities to UAE allocated by reporter all-currency loans/deposits liability shares
2022-06-30,KR,KR: Korea,-0.074563,223.530539,546.152216,-0.0003335696336329239,-0.1821797945989295,BIS-implied reporter USD allocation: global 5A USD liabilities to UAE allocated by reporter all-currency loans/deposits liability shares
2022-06-30,ES,ES: Spain,0.9994,223.530539,546.152216,0.004470977453331332,2.4418342438229432,BIS-implied reporter USD allocation: global 5A USD liabilities to UAE allocated by reporter all-currency loans/deposits liability shares
2022-06-30,ZA,ZA: South Africa,0.302573,223.530539,546.152216,0.0013536092265227346,0.7392766786634374,BIS-implied reporter USD allocation: global 5A USD liabilities to UAE allocated by reporter all-currency loans/deposits liability shares
2022-06-30,DK,DK: Denmark,1.5416720000000002,223.530539,546.152216,0.006896918903774487,3.7667675428687266,BIS-implied reporter USD allocation: global 5A USD liabilities to UAE allocated by reporter all-currency loans/deposits liability shares
2022-06-30,BR,BR: Brazil,-0.099662,223.530539,546.152216,-0.0004458540673943438,-0.2435041869200342,BIS-implied reporter USD allocation: global 5A USD liabilities to UAE allocated by reporter all-currency loans/deposits liability shares
2022-06-30,IM,IM: Isle of Man,1.794606,223.530539,546.152216,0.00802846003963691,4.384761241715146,BIS-implied reporter USD allocation: global 5A USD liabilities to UAE allocated by reporter all-currency loans/deposits liability shares
2022-06-30,GB,GB: United Kingdom,63.242864000000004,223.530539,546.152216,0.28292717533329975,154.52130377490218,BIS-implied reporter USD allocation: global 5A USD liabilities to UAE allocated by reporter all-currency loans/deposits liability shares
2022-06-30,US,US: United States,53.174051000000006,223.530539,546.152216,0.23788271275094094,129.92017071701784,BIS-implied reporter USD allocation: global 5A USD liabilities to UAE allocated by reporter all-currency loans/deposits liability shares
2022-06-30,CH,CH: Switzerland,28.813398,223.530539,546.152216,0.12890139364805092,70.39978178637134,BIS-implied reporter USD allocation: global 5A USD liabilities to UAE allocated by reporter all-currency loans/deposits liability shares
2022-06-30,FR,FR: France,12.486597,223.530539,546.152216,0.0558608101419198,30.50850524656477,BIS-implied reporter USD allocation: global 5A USD liabilities to UAE allocated by reporter all-currency loans/deposits liability shares
2022-06-30,JE,JE: Jersey,10.576827999999999,223.530539,546.152216,0.047317149805646906,25.842366221158024,BIS-implied reporter USD allocation: global 5A USD liabilities to UAE allocated by reporter all-currency loans/deposits liability shares
2022-06-30,NL,NL: Netherlands,10.440952,223.530539,546.152216,0.04670928655524782,25.510380359927602,BIS-implied reporter USD allocation: global 5A USD liabilities to UAE allocated by reporter all-currency loans/deposits liability shares
2022-06-30,AU,AU: Australia,1.6038100000000002,223.530539,546.152216,0.007174903291402165,3.918589332184986,BIS-implied reporter USD allocation: global 5A USD liabilities to UAE allocated by reporter all-currency loans/deposits liability shares
2022-06-30,HK,HK: Hong Kong SAR,9.231545,223.530539,546.152216,0.04129880883971743,22.55543596597206,BIS-implied reporter USD allocation: global 5A USD liabilities to UAE allocated by reporter all-currency loans/deposits liability shares
2022-06-30,LU,LU: Luxembourg,4.779351,223.530539,546.152216,0.02138119928212583,11.67738936867063,BIS-implied reporter USD allocation: global 5A USD liabilities to UAE allocated by reporter all-currency loans/deposits liability shares
2022-06-30,SE,SE: Sweden,4.60586,223.530539,546.152216,0.020605059248749898,11.253498769516051,BIS-implied reporter USD allocation: global 5A USD liabilities to UAE allocated by reporter all-currency loans/deposits liability shares
2022-06-30,AT,AT: Austria,4.302282999999999,223.530539,546.152216,0.019246958465930237,10.511769017427758,BIS-implied reporter USD allocation: global 5A USD liabilities to UAE allocated by reporter all-currency loans/deposits liability shares
2022-06-30,CA,CA: Canada,2.5525130000000003,223.530539,546.152216,0.011419079520047148,6.236555584553966,BIS-implied reporter USD allocation: global 5A USD liabilities to UAE allocated by reporter all-currency loans/deposits liability shares
2022-06-30,BE,BE: Belgium,9.850478,223.530539,546.152216,0.044067705665935875,24.067675103486632,BIS-implied reporter USD allocation: global 5A USD liabilities to UAE allocated by reporter all-currency loans/deposits liability shares
2022-09-30,MX,MX: Mexico,1.5e-05,240.932202,609.242427,6.225817834014567e-08,3.7930323672549176e-05,BIS-implied reporter USD allocation: global 5A USD liabilities to UAE allocated by reporter all-currency loans/deposits liability shares
2022-09-30,IE,IE: Ireland,-0.16239399999999998,240.932202,609.242427,-0.0006740236408913076,-0.4106437988319967,BIS-implied reporter USD allocation: global 5A USD liabilities to UAE allocated by reporter all-currency loans/deposits liability shares
2022-09-30,CA,CA: Canada,0.784945,240.932202,609.242427,0.0032579497198137095,1.9848811943432745,BIS-implied reporter USD allocation: global 5A USD liabilities to UAE allocated by reporter all-currency loans/deposits liability shares
2022-09-30,ZA,ZA: South Africa,0.196788,240.932202,609.242427,0.000816777493280039,0.49761550232490714,BIS-implied reporter USD allocation: global 5A USD liabilities to UAE allocated by reporter all-currency loans/deposits liability shares
2022-09-30,ES,ES: Spain,1.018237,240.932202,609.242427,0.004226238715902327,2.5748039323576974,BIS-implied reporter USD allocation: global 5A USD liabilities to UAE allocated by reporter all-currency loans/deposits liability shares
2022-09-30,MO,MO: Macao SAR,-0.217536,240.932202,609.242427,-0.0009028930055601285,-0.5500807260287772,BIS-implied reporter USD allocation: global 5A USD liabilities to UAE allocated by reporter all-currency loans/deposits liability shares
2022-09-30,AU,AU: Australia,1.683068,240.932202,609.242427,0.006985649846839486,4.255954266860667,BIS-implied reporter USD allocation: global 5A USD liabilities to UAE allocated by reporter all-currency loans/deposits liability shares
2022-09-30,US,US: United States,84.507631,240.932202,609.242427,0.3507527441267482,213.69345310869005,BIS-implied reporter USD allocation: global 5A USD liabilities to UAE allocated by reporter all-currency loans/deposits liability shares
2022-09-30,GB,GB: United Kingdom,71.886909,240.932202,609.242427,0.29836986672292154,181.77958174593925,BIS-implied reporter USD allocation: global 5A USD liabilities to UAE allocated by reporter all-currency loans/deposits liability shares
2022-09-30,CH,CH: Switzerland,26.552639,240.932202,609.242427,0.11020792895090047,67.14334610869017,BIS-implied reporter USD allocation: global 5A USD liabilities to UAE allocated by reporter all-currency loans/deposits liability shares
2022-09-30,FR,FR: France,14.575676999999999,240.932202,609.242427,0.060497006539623956,36.85734309043537,BIS-implied reporter USD allocation: global 5A USD liabilities to UAE allocated by reporter all-currency loans/deposits liability shares
2022-09-30,JE,JE: Jersey,8.373695999999999,240.932202,609.242427,0.03475540392894429,21.174466641035355,BIS-implied reporter USD allocation: global 5A USD liabilities to UAE allocated by reporter all-currency loans/deposits liability shares
2022-09-30,BE,BE: Belgium,7.643554,240.932202,609.242427,0.03172491653896892,19.328165148573863,BIS-implied reporter USD allocation: global 5A USD liabilities to UAE allocated by reporter all-currency loans/deposits liability shares
2022-09-30,KR,KR: Korea,1.515355,240.932202,609.242427,0.006289549455908762,3.831860375254384,BIS-implied reporter USD allocation: global 5A USD liabilities to UAE allocated by reporter all-currency loans/deposits liability shares
2022-09-30,HK,HK: Hong Kong SAR,3.815912,240.932202,609.242427,0.01583811532175346,9.649251817730965,BIS-implied reporter USD allocation: global 5A USD liabilities to UAE allocated by reporter all-currency loans/deposits liability shares
2022-09-30,LU,LU: Luxembourg,3.4467809999999997,240.932202,609.242427,0.014306020413161707,8.715834597226182,BIS-implied reporter USD allocation: global 5A USD liabilities to UAE allocated by reporter all-currency loans/deposits liability shares
2022-09-30,AT,AT: Austria,2.436287,240.932202,609.242427,0.010111919368918565,6.160610297948255,BIS-implied reporter USD allocation: global 5A USD liabilities to UAE allocated by reporter all-currency loans/deposits liability shares
2022-09-30,DK,DK: Denmark,2.404163,240.932202,609.242427,0.009978587254185309,6.0793787167711235,BIS-implied reporter USD allocation: global 5A USD liabilities to UAE allocated by reporter all-currency loans/deposits liability shares
2022-09-30,IM,IM: Isle of Man,2.297789,240.932202,609.242427,0.00953707715666833,5.810392033414873,BIS-implied reporter USD allocation: global 5A USD liabilities to UAE allocated by reporter all-currency loans/deposits liability shares
2022-09-30,NL,NL: Netherlands,5.3198799999999995,240.932202,609.242427,0.022080402519211607,13.452318019941394,BIS-implied reporter USD allocation: global 5A USD liabilities to UAE allocated by reporter all-currency loans/deposits liability shares
2022-12-31,PH,PH: Philippines,0.11233099999999999,191.347527,498.461025,0.0005870522695597732,0.29262267601334085,BIS-implied reporter USD allocation: global 5A USD liabilities to UAE allocated by reporter all-currency loans/deposits liability shares
2022-12-31,FI,FI: Finland,0.090248,191.347527,498.461025,0.00047164445454264995,0.2350963782468952,BIS-implied reporter USD allocation: global 5A USD liabilities to UAE allocated by reporter all-currency loans/deposits liability shares
2022-12-31,CA,CA: Canada,-0.020907000000000134,191.347527,498.461025,-0.00010926192947348692,-0.054462813358832,BIS-implied reporter USD allocation: global 5A USD liabilities to UAE allocated by reporter all-currency loans/deposits liability shares
2022-12-31,AU,AU: Australia,1.012797,191.347527,498.461025,0.00529297146338348,2.6383399809338792,BIS-implied reporter USD allocation: global 5A USD liabilities to UAE allocated by reporter all-currency loans/deposits liability shares
2022-12-31,CL,CL: Chile,0.24568600000000002,191.347527,498.461025,0.001283977921491507,0.6400129508240261,BIS-implied reporter USD allocation: global 5A USD liabilities to UAE allocated by reporter all-currency loans/deposits liability shares
2022-12-31,BR,BR: Brazil,-0.21667599999999998,191.347527,498.461025,-0.0011323689592288276,-0.5644417920953846,BIS-implied reporter USD allocation: global 5A USD liabilities to UAE allocated by reporter all-currency loans/deposits liability shares
2022-12-31,SE,SE: Sweden,1.431467,191.347527,498.461025,0.007480979882222361,3.7289769000969373,BIS-implied reporter USD allocation: global 5A USD liabilities to UAE allocated by reporter all-currency loans/deposits liability shares
2022-12-31,ES,ES: Spain,2.0870620000000004,191.347527,498.461025,0.010907180420471283,5.436804332248047,BIS-implied reporter USD allocation: global 5A USD liabilities to UAE allocated by reporter all-currency loans/deposits liability shares
2022-12-31,MO,MO: Macao SAR,1.755663,191.347527,498.461025,0.009175258376869432,4.573508695174174,BIS-implied reporter USD allocation: global 5A USD liabilities to UAE allocated by reporter all-currency loans/deposits liability shares
2022-12-31,GB,GB: United Kingdom,65.810972,191.347527,498.461025,0.3439342699213458,171.4378287176207,BIS-implied reporter USD allocation: global 5A USD liabilities to UAE allocated by reporter all-currency loans/deposits liability shares
2022-12-31,US,US: United States,44.79132,191.347527,498.461025,0.23408361060239882,116.68155647657258,BIS-implied reporter USD allocation: global 5A USD liabilities to UAE allocated by reporter all-currency loans/deposits liability shares
2022-12-31,CH,CH: Switzerland,19.310726000000003,191.347527,498.461025,0.10091965285759874,50.304513606042846,BIS-implied reporter USD allocation: global 5A USD liabilities to UAE allocated by reporter all-currency loans/deposits liability shares
2022-12-31,HK,HK: Hong Kong SAR,8.376569,191.347527,498.461025,0.0437767298659679,21.82099364013847,BIS-implied reporter USD allocation: global 5A USD liabilities to UAE allocated by reporter all-currency loans/deposits liability shares
2022-12-31,FR,FR: France,15.508529,191.347527,498.461025,0.08104901716341491,40.399776170518386,BIS-implied reporter USD allocation: global 5A USD liabilities to UAE allocated by reporter all-currency loans/deposits liability shares
2022-12-31,NL,NL: Netherlands,5.156737,191.347527,498.461025,0.026949587908706024,13.433319212301212,BIS-implied reporter USD allocation: global 5A USD liabilities to UAE allocated by reporter all-currency loans/deposits liability shares
2022-12-31,BE,BE: Belgium,4.657318,191.347527,498.461025,0.024339577694150183,12.132330845493238,BIS-implied reporter USD allocation: global 5A USD liabilities to UAE allocated by reporter all-currency loans/deposits liability shares
2022-12-31,LU,LU: Luxembourg,4.409237,191.347527,498.461025,0.02304308327956598,11.48607891069282,BIS-implied reporter USD allocation: global 5A USD liabilities to UAE allocated by reporter all-currency loans/deposits liability shares
2022-12-31,AT,AT: Austria,3.2142049999999998,191.347527,498.461025,0.016797734731110476,8.373016071747427,BIS-implied reporter USD allocation: global 5A USD liabilities to UAE allocated by reporter all-currency loans/deposits liability shares
2022-12-31,IM,IM: Isle of Man,2.167091,191.347527,498.461025,0.011325419429120711,5.645280177194424,BIS-implied reporter USD allocation: global 5A USD liabilities to UAE allocated by reporter all-currency loans/deposits liability shares
2022-12-31,JE,JE: Jersey,7.884598,191.347527,498.461025,0.04120564359318843,20.539407341245386,BIS-implied reporter USD allocation: global 5A USD liabilities to UAE allocated by reporter all-currency loans/deposits liability shares
2023-03-31,CL,CL: Chile,0.060698,223.64127200000001,594.391179,0.00027140786428723226,0.16132244044355998,BIS-implied reporter USD allocation: global 5A USD liabilities to UAE allocated by reporter all-currency loans/deposits liability shares
2023-03-31,IE,IE: Ireland,-0.003925999999999999,223.64127200000001,594.391179,-1.7554899258487487e-05,-0.010434477267478603,BIS-implied reporter USD allocation: global 5A USD liabilities to UAE allocated by reporter all-currency loans/deposits liability shares
2023-03-31,FI,FI: Finland,-0.030916,223.64127200000001,594.391179,-0.00013823924235236866,-0.08216818624589113,BIS-implied reporter USD allocation: global 5A USD liabilities to UAE allocated by reporter all-currency loans/deposits liability shares
2023-03-31,MO,MO: Macao SAR,-0.521725,223.64127200000001,594.391179,-0.002332865465011306,-1.3866346541964534,BIS-implied reporter USD allocation: global 5A USD liabilities to UAE allocated by reporter all-currency loans/deposits liability shares
2023-03-31,ES,ES: Spain,1.632126,223.64127200000001,594.391179,0.007297964214762648,4.3378455539125795,BIS-implied reporter USD allocation: global 5A USD liabilities to UAE allocated by reporter all-currency loans/deposits liability shares
2023-03-31,TW,TW: Chinese Taipei,0.278451,223.64127200000001,594.391179,0.0012450787706126086,0.740063838412299,BIS-implied reporter USD allocation: global 5A USD liabilities to UAE allocated by reporter all-currency loans/deposits liability shares
2023-03-31,IM,IM: Isle of Man,2.223747,223.64127200000001,594.391179,0.009943365909669839,5.910248986277063,BIS-implied reporter USD allocation: global 5A USD liabilities to UAE allocated by reporter all-currency loans/deposits liability shares
2023-03-31,GB,GB: United Kingdom,79.803809,223.64127200000001,594.391179,0.3568384685274013,212.10163802055644,BIS-implied reporter USD allocation: global 5A USD liabilities to UAE allocated by reporter all-currency loans/deposits liability shares
2023-03-31,US,US: United States,53.082485,223.64127200000001,594.391179,0.23735549581384957,141.0820129989236,BIS-implied reporter USD allocation: global 5A USD liabilities to UAE allocated by reporter all-currency loans/deposits liability shares
2023-03-31,CH,CH: Switzerland,18.332624,223.64127200000001,594.391179,0.08197334881908558,48.724235451154534,BIS-implied reporter USD allocation: global 5A USD liabilities to UAE allocated by reporter all-currency loans/deposits liability shares
2023-03-31,FR,FR: France,16.041235,223.64127200000001,594.391179,0.0717275253201028,42.63420834176826,BIS-implied reporter USD allocation: global 5A USD liabilities to UAE allocated by reporter all-currency loans/deposits liability shares
2023-03-31,NL,NL: Netherlands,11.033353,223.64127200000001,594.391179,0.04933504849677299,29.324317642019075,BIS-implied reporter USD allocation: global 5A USD liabilities to UAE allocated by reporter all-currency loans/deposits liability shares
2023-03-31,JE,JE: Jersey,8.87806,223.64127200000001,594.391179,0.03969777099103603,23.596004903033904,BIS-implied reporter USD allocation: global 5A USD liabilities to UAE allocated by reporter all-currency loans/deposits liability shares
2023-03-31,AU,AU: Australia,2.088683,223.64127200000001,594.391179,0.009339434449290737,5.5512774535071365,BIS-implied reporter USD allocation: global 5A USD liabilities to UAE allocated by reporter all-currency loans/deposits liability shares
2023-03-31,SE,SE: Sweden,5.509745,223.64127200000001,594.391179,0.024636530416442988,14.643736360698908,BIS-implied reporter USD allocation: global 5A USD liabilities to UAE allocated by reporter all-currency loans/deposits liability shares
2023-03-31,LU,LU: Luxembourg,4.327857,223.64127200000001,594.391179,0.019351781365292895,11.502528141466673,BIS-implied reporter USD allocation: global 5A USD liabilities to UAE allocated by reporter all-currency loans/deposits liability shares
2023-03-31,AT,AT: Austria,3.64956,223.64127200000001,594.391179,0.01631881256693979,9.699758241543357,BIS-implied reporter USD allocation: global 5A USD liabilities to UAE allocated by reporter all-currency loans/deposits liability shares
2023-03-31,MX,MX: Mexico,3.307855,223.64127200000001,594.391179,0.01479089691459097,8.791578655531188,BIS-implied reporter USD allocation: global 5A USD liabilities to UAE allocated by reporter all-currency loans/deposits liability shares
2023-03-31,BE,BE: Belgium,2.9770399999999997,223.64127200000001,594.391179,0.01331167531545787,7.9123423852201995,BIS-implied reporter USD allocation: global 5A USD liabilities to UAE allocated by reporter all-currency loans/deposits liability shares
2023-03-31,HK,HK: Hong Kong SAR,5.789023,223.64127200000001,594.391179,0.025885307073374185,15.38599819011992,BIS-implied reporter USD allocation: global 5A USD liabilities to UAE allocated by reporter all-currency loans/deposits liability shares
2023-06-30,PH,PH: Philippines,0.0670879999999999,197.131742,551.376321,0.00034032063694744755,0.18764474076046028,BIS-implied reporter USD allocation: global 5A USD liabilities to UAE allocated by reporter all-currency loans/deposits liability shares
2023-06-30,FI,FI: Finland,0.020609000000000006,197.131742,551.376321,0.00010454430012595337,0.057643251584968,BIS-implied reporter USD allocation: global 5A USD liabilities to UAE allocated by reporter all-currency loans/deposits liability shares
2023-06-30,TW,TW: Chinese Taipei,-0.142034,197.131742,551.376321,-0.0007205029416317946,-0.3972682612266166,BIS-implied reporter USD allocation: global 5A USD liabilities to UAE allocated by reporter all-currency loans/deposits liability shares
2023-06-30,MO,MO: Macao SAR,1.43247,197.131742,551.376321,0.007266561871096334,4.006610150803973,BIS-implied reporter USD allocation: global 5A USD liabilities to UAE allocated by reporter all-currency loans/deposits liability shares
2023-06-30,GG,GG: Guernsey,0.36553,197.131742,551.376321,0.0018542422254859393,1.0223852565312896,BIS-implied reporter USD allocation: global 5A USD liabilities to UAE allocated by reporter all-currency loans/deposits liability shares
2023-06-30,AU,AU: Australia,1.871025,197.131742,551.376321,0.009491241648947636,5.233245902118721,BIS-implied reporter USD allocation: global 5A USD liabilities to UAE allocated by reporter all-currency loans/deposits liability shares
2023-06-30,IM,IM: Isle of Man,2.2761880000000003,197.131742,551.376321,0.011546532166291111,6.3664844261577525,BIS-implied reporter USD allocation: global 5A USD liabilities to UAE allocated by reporter all-currency loans/deposits liability shares
2023-06-30,SE,SE: Sweden,2.5141649999999998,197.131742,551.376321,0.012753729939646146,7.032104693149644,BIS-implied reporter USD allocation: global 5A USD liabilities to UAE allocated by reporter all-currency loans/deposits liability shares
2023-06-30,US,US: United States,35.292919,197.131742,551.376321,0.17903214693856861,98.71408651971937,BIS-implied reporter USD allocation: global 5A USD liabilities to UAE allocated by reporter all-currency loans/deposits liability shares
2023-06-30,CH,CH: Switzerland,23.688378,197.131742,551.376321,0.12016521418453249,66.25625370924453,BIS-implied reporter USD allocation: global 5A USD liabilities to UAE allocated by reporter all-currency loans/deposits liability shares
2023-06-30,FR,FR: France,19.68395,197.131742,551.376321,0.09985175294600704,55.05589218477027,BIS-implied reporter USD allocation: global 5A USD liabilities to UAE allocated by reporter all-currency loans/deposits liability shares
2023-06-30,JE,JE: Jersey,9.800889000000002,197.131742,551.376321,0.049717457475722,27.413028792437544,BIS-implied reporter USD allocation: global 5A USD liabilities to UAE allocated by reporter all-currency loans/deposits liability shares
2023-06-30,NL,NL: Netherlands,5.016806,197.131742,551.376321,0.025449001510877936,14.031976826191316,BIS-implied reporter USD allocation: global 5A USD liabilities to UAE allocated by reporter all-currency loans/deposits liability shares
2023-06-30,GB,GB: United Kingdom,68.891521,197.131742,551.376321,0.34946944769554156,192.68917837226962,BIS-implied reporter USD allocation: global 5A USD liabilities to UAE allocated by reporter all-currency loans/deposits liability shares
2023-06-30,BE,BE: Belgium,4.300528,197.131742,551.376321,0.021815502447089418,12.02855148004266,BIS-implied reporter USD allocation: global 5A USD liabilities to UAE allocated by reporter all-currency loans/deposits liability shares
2023-06-30,AT,AT: Austria,3.154948,197.131742,551.376321,0.0160042617591235,8.824370969066502,BIS-implied reporter USD allocation: global 5A USD liabilities to UAE allocated by reporter all-currency loans/deposits liability shares
2023-06-30,DK,DK: Denmark,3.036353,197.131742,551.376321,0.01540265899948269,8.492661452752307,BIS-implied reporter USD allocation: global 5A USD liabilities to UAE allocated by reporter all-currency loans/deposits liability shares
2023-06-30,HK,HK: Hong Kong SAR,3.017265,197.131742,551.376321,0.01530583035176547,8.43927242920658,BIS-implied reporter USD allocation: global 5A USD liabilities to UAE allocated by reporter all-currency loans/deposits liability shares
2023-06-30,ES,ES: Spain,2.848304,197.131742,551.376321,0.014448733476925294,7.966689507616607,BIS-implied reporter USD allocation: global 5A USD liabilities to UAE allocated by reporter all-currency loans/deposits liability shares
2023-06-30,LU,LU: Luxembourg,4.6246030000000005,197.131742,551.376321,0.023459453830626628,12.934987345800266,BIS-implied reporter USD allocation: global 5A USD liabilities to UAE allocated by reporter all-currency loans/deposits liability shares
2023-09-30,FI,FI: Finland,-0.04701399999999999,208.66423,548.329091,-0.00022530934027360604,-0.12354366574603608,BIS-implied reporter USD allocation: global 5A USD liabilities to UAE allocated by reporter all-currency loans/deposits liability shares
2023-09-30,TW,TW: Chinese Taipei,-0.05013899999999989,208.66423,548.329091,-0.00024028555349424235,-0.13175555912792977,BIS-implied reporter USD allocation: global 5A USD liabilities to UAE allocated by reporter all-currency loans/deposits liability shares
2023-09-30,ES,ES: Spain,1.178719,208.66423,548.329091,0.005648879062789056,3.0974447216680545,BIS-implied reporter USD allocation: global 5A USD liabilities to UAE allocated by reporter all-currency loans/deposits liability shares
2023-09-30,IE,IE: Ireland,0.405081,208.66423,548.329091,0.0019413054168412095,1.0644742345699163,BIS-implied reporter USD allocation: global 5A USD liabilities to UAE allocated by reporter all-currency loans/deposits liability shares
2023-09-30,AU,AU: Australia,1.204573,208.66423,548.329091,0.005772781468103085,3.1653840149466097,BIS-implied reporter USD allocation: global 5A USD liabilities to UAE allocated by reporter all-currency loans/deposits liability shares
2023-09-30,MO,MO: Macao SAR,-0.29794400000000004,208.66423,548.329091,-0.0014278633189790126,-0.782938995768005,BIS-implied reporter USD allocation: global 5A USD liabilities to UAE allocated by reporter all-currency loans/deposits liability shares
2023-09-30,AT,AT: Austria,1.7844699999999998,208.66423,548.329091,0.008551873025865525,4.689240762620262,BIS-implied reporter USD allocation: global 5A USD liabilities to UAE allocated by reporter all-currency loans/deposits liability shares
2023-09-30,GB,GB: United Kingdom,69.135654,208.66423,548.329091,0.3313248945446951,181.67507825136352,BIS-implied reporter USD allocation: global 5A USD liabilities to UAE allocated by reporter all-currency loans/deposits liability shares
2023-09-30,US,US: United States,51.482951,208.66423,548.329091,0.24672628844915107,135.2872014711268,BIS-implied reporter USD allocation: global 5A USD liabilities to UAE allocated by reporter all-currency loans/deposits liability shares
2023-09-30,FR,FR: France,19.943352,208.66423,548.329091,0.09557628540358834,52.40725769650616,BIS-implied reporter USD allocation: global 5A USD liabilities to UAE allocated by reporter all-currency loans/deposits liability shares
2023-09-30,CH,CH: Switzerland,16.192547,208.66423,548.329091,0.07760097166629853,42.55087025449823,BIS-implied reporter USD allocation: global 5A USD liabilities to UAE allocated by reporter all-currency loans/deposits liability shares
2023-09-30,NL,NL: Netherlands,10.02535,208.66423,548.329091,0.048045369347683595,26.344673701174607,BIS-implied reporter USD allocation: global 5A USD liabilities to UAE allocated by reporter all-currency loans/deposits liability shares
2023-09-30,JE,JE: Jersey,9.552639,208.66423,548.329091,0.04577995471480665,25.10248095479109,BIS-implied reporter USD allocation: global 5A USD liabilities to UAE allocated by reporter all-currency loans/deposits liability shares
2023-09-30,MX,MX: Mexico,1.3337359999999998,208.66423,548.329091,0.0063917807091325605,3.504799306109992,BIS-implied reporter USD allocation: global 5A USD liabilities to UAE allocated by reporter all-currency loans/deposits liability shares
2023-09-30,BE,BE: Belgium,5.131337,208.66423,548.329091,0.024591359046061703,13.484157552181639,BIS-implied reporter USD allocation: global 5A USD liabilities to UAE allocated by reporter all-currency loans/deposits liability shares
2023-09-30,LU,LU: Luxembourg,4.201992,208.66423,548.329091,0.020137577005891232,11.04201929458284,BIS-implied reporter USD allocation: global 5A USD liabilities to UAE allocated by reporter all-currency loans/deposits liability shares
2023-09-30,SE,SE: Sweden,3.928256,208.66423,548.329091,0.01882572782119868,10.32269422361128,BIS-implied reporter USD allocation: global 5A USD liabilities to UAE allocated by reporter all-currency loans/deposits liability shares
2023-09-30,IM,IM: Isle of Man,2.0599540000000003,208.66423,548.329091,0.009872099305185178,5.41315923827392,BIS-implied reporter USD allocation: global 5A USD liabilities to UAE allocated by reporter all-currency loans/deposits liability shares
2023-09-30,DK,DK: Denmark,1.8837110000000001,208.66423,548.329091,0.009027474426258876,4.950026846176276,BIS-implied reporter USD allocation: global 5A USD liabilities to UAE allocated by reporter all-currency loans/deposits liability shares
2023-09-30,HK,HK: Hong Kong SAR,6.109596,208.66423,548.329091,0.029279555964143923,16.054832306702664,BIS-implied reporter USD allocation: global 5A USD liabilities to UAE allocated by reporter all-currency loans/deposits liability shares
2023-12-31,TW,TW: Chinese Taipei,-0.006858999999999997,206.448551,576.4882170000001,-3.322377399490683e-05,-0.01915311423233481,BIS-implied reporter USD allocation: global 5A USD liabilities to UAE allocated by reporter all-currency loans/deposits liability shares
2023-12-31,CL,CL: Chile,-0.022206,206.448551,576.4882170000001,-0.00010756190776073793,-0.06200817242210628,BIS-implied reporter USD allocation: global 5A USD liabilities to UAE allocated by reporter all-currency loans/deposits liability shares
2023-12-31,KR,KR: Korea,0.9690560000000001,206.448551,576.4882170000001,0.0046939346161843495,2.705997997598695,BIS-implied reporter USD allocation: global 5A USD liabilities to UAE allocated by reporter all-currency loans/deposits liability shares
2023-12-31,DK,DK: Denmark,0.19437900000000008,206.448551,576.4882170000001,0.0009415372452771542,0.5427851277689183,BIS-implied reporter USD allocation: global 5A USD liabilities to UAE allocated by reporter all-currency loans/deposits liability shares
2023-12-31,CA,CA: Canada,0.979139,206.448551,576.4882170000001,0.004742774871788758,2.7341538294699053,BIS-implied reporter USD allocation: global 5A USD liabilities to UAE allocated by reporter all-currency loans/deposits liability shares
2023-12-31,BR,BR: Brazil,-0.369232,206.448551,576.4882170000001,-0.0017884940253225607,-1.0310457317733561,BIS-implied reporter USD allocation: global 5A USD liabilities to UAE allocated by reporter all-currency loans/deposits liability shares
2023-12-31,SE,SE: Sweden,1.2832189999999999,206.448551,576.4882170000001,0.006215684216645337,3.5832687114889126,BIS-implied reporter USD allocation: global 5A USD liabilities to UAE allocated by reporter all-currency loans/deposits liability shares
2023-12-31,GB,GB: United Kingdom,79.74709200000001,206.448551,576.4882170000001,0.38628070584036217,222.6862753714119,BIS-implied reporter USD allocation: global 5A USD liabilities to UAE allocated by reporter all-currency loans/deposits liability shares
2023-12-31,US,US: United States,50.621224,206.448551,576.4882170000001,0.24520019033701038,141.35502053544377,BIS-implied reporter USD allocation: global 5A USD liabilities to UAE allocated by reporter all-currency loans/deposits liability shares
2023-12-31,CH,CH: Switzerland,20.712211,206.448551,576.4882170000001,0.10032625997941734,57.83690673381277,BIS-implied reporter USD allocation: global 5A USD liabilities to UAE allocated by reporter all-currency loans/deposits liability shares
2023-12-31,FR,FR: France,15.96847,206.448551,576.4882170000001,0.07734842372422367,44.59045488053821,BIS-implied reporter USD allocation: global 5A USD liabilities to UAE allocated by reporter all-currency loans/deposits liability shares
2023-12-31,JE,JE: Jersey,8.922089,206.448551,576.4882170000001,0.04321700954927021,24.914096779130762,BIS-implied reporter USD allocation: global 5A USD liabilities to UAE allocated by reporter all-currency loans/deposits liability shares
2023-12-31,NL,NL: Netherlands,3.9155070000000007,206.448551,576.4882170000001,0.01896601831804574,10.933686083759529,BIS-implied reporter USD allocation: global 5A USD liabilities to UAE allocated by reporter all-currency loans/deposits liability shares
2023-12-31,MO,MO: Macao SAR,1.23732,206.448551,576.4882170000001,0.005993357638049007,3.455100058602204,BIS-implied reporter USD allocation: global 5A USD liabilities to UAE allocated by reporter all-currency loans/deposits liability shares
2023-12-31,BE,BE: Belgium,3.6434349999999998,206.448551,576.4882170000001,0.017648150022617496,10.17395053988727,BIS-implied reporter USD allocation: global 5A USD liabilities to UAE allocated by reporter all-currency loans/deposits liability shares
2023-12-31,HK,HK: Hong Kong SAR,3.536332,206.448551,576.4882170000001,0.01712936217217625,9.874875456985135,BIS-implied reporter USD allocation: global 5A USD liabilities to UAE allocated by reporter all-currency loans/deposits liability shares
2023-12-31,ES,ES: Spain,2.9818160000000002,206.448551,576.4882170000001,0.014443385461203844,8.326441531973128,BIS-implied reporter USD allocation: global 5A USD liabilities to UAE allocated by reporter all-currency loans/deposits liability shares
2023-12-31,IM,IM: Isle of Man,2.618126,206.448551,576.4882170000001,0.012681735896513995,7.31087131544625,BIS-implied reporter USD allocation: global 5A USD liabilities to UAE allocated by reporter all-currency loans/deposits liability shares
2023-12-31,AT,AT: Austria,2.47874,206.448551,576.4882170000001,0.012006574945638636,6.92164898268809,BIS-implied reporter USD allocation: global 5A USD liabilities to UAE allocated by reporter all-currency loans/deposits liability shares
2023-12-31,LU,LU: Luxembourg,3.716634,206.448551,576.4882170000001,0.018002712937423327,10.378351882458007,BIS-implied reporter USD allocation: global 5A USD liabilities to UAE allocated by reporter all-currency loans/deposits liability shares
2024-03-31,FI,FI: Finland,0.044227,265.832138,653.882059,0.00016637190797449782,0.10878760574612316,BIS-implied reporter USD allocation: global 5A USD liabilities to UAE allocated by reporter all-currency loans/deposits liability shares
2024-03-31,CL,CL: Chile,-0.036128,265.832138,653.882059,-0.0001359053132996282,-0.08886604608940098,BIS-implied reporter USD allocation: global 5A USD liabilities to UAE allocated by reporter all-currency loans/deposits liability shares
2024-03-31,MX,MX: Mexico,-0.07307899999999999,265.832138,653.882059,-0.0002749065652851951,-0.17975647094130132,BIS-implied reporter USD allocation: global 5A USD liabilities to UAE allocated by reporter all-currency loans/deposits liability shares
2024-03-31,SE,SE: Sweden,1.3141249999999998,265.832138,653.882059,0.004943439156329547,3.2324261740819873,BIS-implied reporter USD allocation: global 5A USD liabilities to UAE allocated by reporter all-currency loans/deposits liability shares
2024-03-31,KR,KR: Korea,0.382075,265.832138,653.882059,0.0014372791900729475,0.9398110761627513,BIS-implied reporter USD allocation: global 5A USD liabilities to UAE allocated by reporter all-currency loans/deposits liability shares
2024-03-31,TW,TW: Chinese Taipei,-0.07978799999999998,265.832138,653.882059,-0.00030014429632281705,-0.19625897047666974,BIS-implied reporter USD allocation: global 5A USD liabilities to UAE allocated by reporter all-currency loans/deposits liability shares
2024-03-31,ES,ES: Spain,2.5377020000000003,265.832138,653.882059,0.009546257345302622,6.2421264086903525,BIS-implied reporter USD allocation: global 5A USD liabilities to UAE allocated by reporter all-currency loans/deposits liability shares
2024-03-31,AT,AT: Austria,2.6532530000000003,265.832138,653.882059,0.00998093390799874,6.526353614505132,BIS-implied reporter USD allocation: global 5A USD liabilities to UAE allocated by reporter all-currency loans/deposits liability shares
2024-03-31,MO,MO: Macao SAR,2.562106,265.832138,653.882059,0.009638059638974126,6.302154281497199,BIS-implied reporter USD allocation: global 5A USD liabilities to UAE allocated by reporter all-currency loans/deposits liability shares
2024-03-31,GB,GB: United Kingdom,113.714952,265.832138,653.882059,0.42776976800299443,279.71097667975033,BIS-implied reporter USD allocation: global 5A USD liabilities to UAE allocated by reporter all-currency loans/deposits liability shares
2024-03-31,US,US: United States,53.408472,265.832138,653.882059,0.20091051594371184,131.37178184002664,BIS-implied reporter USD allocation: global 5A USD liabilities to UAE allocated by reporter all-currency loans/deposits liability shares
2024-03-31,CH,CH: Switzerland,23.078694,265.832138,653.882059,0.08681679413796085,56.767944106708974,BIS-implied reporter USD allocation: global 5A USD liabilities to UAE allocated by reporter all-currency loans/deposits liability shares
2024-03-31,JE,JE: Jersey,10.371322,265.832138,653.882059,0.03901455286042201,25.510916155337085,BIS-implied reporter USD allocation: global 5A USD liabilities to UAE allocated by reporter all-currency loans/deposits liability shares
2024-03-31,FR,FR: France,22.220786,265.832138,653.882059,0.08358953950105161,54.65770019980946,BIS-implied reporter USD allocation: global 5A USD liabilities to UAE allocated by reporter all-currency loans/deposits liability shares
2024-03-31,HK,HK: Hong Kong SAR,5.9925060000000006,265.832138,653.882059,0.022542443683013228,14.740099490340233,BIS-implied reporter USD allocation: global 5A USD liabilities to UAE allocated by reporter all-currency loans/deposits liability shares
2024-03-31,BE,BE: Belgium,5.203813,265.832138,653.882059,0.019575560122832104,12.80010755919575,BIS-implied reporter USD allocation: global 5A USD liabilities to UAE allocated by reporter all-currency loans/deposits liability shares
2024-03-31,LU,LU: Luxembourg,4.8305489999999995,265.832138,653.882059,0.018171425909383462,11.881969388593607,BIS-implied reporter USD allocation: global 5A USD liabilities to UAE allocated by reporter all-currency loans/deposits liability shares
2024-03-31,IM,IM: Isle of Man,3.060195,265.832138,653.882059,0.011511757092364808,7.527331430263354,BIS-implied reporter USD allocation: global 5A USD liabilities to UAE allocated by reporter all-currency loans/deposits liability shares
2024-03-31,DK,DK: Denmark,2.886287,265.832138,653.882059,0.010857554777669509,7.099560273727826,BIS-implied reporter USD allocation: global 5A USD liabilities to UAE allocated by reporter all-currency loans/deposits liability shares
2024-03-31,NL,NL: Netherlands,6.560257,265.832138,653.882059,0.024678193725395235,16.136628125562318,BIS-implied reporter USD allocation: global 5A USD liabilities to UAE allocated by reporter all-currency loans/deposits liability shares
2024-06-30,MX,MX: Mexico,0.002522,208.62080600000002,591.408541,1.2088918878014495e-05,0.007149489875913909,BIS-implied reporter USD allocation: global 5A USD liabilities to UAE allocated by reporter all-currency loans/deposits liability shares
2024-06-30,FI,FI: Finland,-0.004198,208.62080600000002,591.408541,-2.0122633405989237e-05,-0.011900697263713955,BIS-implied reporter USD allocation: global 5A USD liabilities to UAE allocated by reporter all-currency loans/deposits liability shares
2024-06-30,CL,CL: Chile,-0.035676,208.62080600000002,591.408541,-0.00017100883025061267,-0.10113608279663151,BIS-implied reporter USD allocation: global 5A USD liabilities to UAE allocated by reporter all-currency loans/deposits liability shares
2024-06-30,KR,KR: Korea,0.37838499999999997,208.62080600000002,591.408541,0.0018137452694914809,1.0726644435756085,BIS-implied reporter USD allocation: global 5A USD liabilities to UAE allocated by reporter all-currency loans/deposits liability shares
2024-06-30,DK,DK: Denmark,1.787188,208.62080600000002,591.408541,0.00856668150347382,5.0664086091811384,BIS-implied reporter USD allocation: global 5A USD liabilities to UAE allocated by reporter all-currency loans/deposits liability shares
2024-06-30,IT,IT: Italy,0.51196,208.62080600000002,591.408541,0.0024540217719224034,1.4513294357148634,BIS-implied reporter USD allocation: global 5A USD liabilities to UAE allocated by reporter all-currency loans/deposits liability shares
2024-06-30,IE,IE: Ireland,2.546147,208.62080600000002,591.408541,0.012204664763877864,7.217942981399117,BIS-implied reporter USD allocation: global 5A USD liabilities to UAE allocated by reporter all-currency loans/deposits liability shares
2024-06-30,GB,GB: United Kingdom,84.047943,208.62080600000002,591.408541,0.4028742128433729,238.26325042422263,BIS-implied reporter USD allocation: global 5A USD liabilities to UAE allocated by reporter all-currency loans/deposits liability shares
2024-06-30,US,US: United States,39.981469000000004,208.62080600000002,591.408541,0.1916466040304724,113.34143847726641,BIS-implied reporter USD allocation: global 5A USD liabilities to UAE allocated by reporter all-currency loans/deposits liability shares
2024-06-30,CH,CH: Switzerland,18.13661,208.62080600000002,591.408541,0.08693576804606919,51.4145557408402,BIS-implied reporter USD allocation: global 5A USD liabilities to UAE allocated by reporter all-currency loans/deposits liability shares
2024-06-30,FR,FR: France,13.681526999999999,208.62080600000002,591.408541,0.06558083664962927,38.78506692051658,BIS-implied reporter USD allocation: global 5A USD liabilities to UAE allocated by reporter all-currency loans/deposits liability shares
2024-06-30,JE,JE: Jersey,11.384014,208.62080600000002,591.408541,0.054567970559945014,32.27196385418804,BIS-implied reporter USD allocation: global 5A USD liabilities to UAE allocated by reporter all-currency loans/deposits liability shares
2024-06-30,NL,NL: Netherlands,6.146154000000001,208.62080600000002,591.408541,0.029460887041151594,17.42342022157327,BIS-implied reporter USD allocation: global 5A USD liabilities to UAE allocated by reporter all-currency loans/deposits liability shares
2024-06-30,ES,ES: Spain,2.102607,208.62080600000002,591.408541,0.010078606445418487,5.960573933198144,BIS-implied reporter USD allocation: global 5A USD liabilities to UAE allocated by reporter all-currency loans/deposits liability shares
2024-06-30,LU,LU: Luxembourg,4.414173,208.62080600000002,591.408541,0.021158833985139524,12.513515136412583,BIS-implied reporter USD allocation: global 5A USD liabilities to UAE allocated by reporter all-currency loans/deposits liability shares
2024-06-30,HK,HK: Hong Kong SAR,4.216365000000001,208.62080600000002,591.408541,0.020210663935408248,11.95275927068111,BIS-implied reporter USD allocation: global 5A USD liabilities to UAE allocated by reporter all-currency loans/deposits liability shares
2024-06-30,SE,SE: Sweden,3.525155,208.62080600000002,591.408541,0.01689742776662458,9.993283102112331,BIS-implied reporter USD allocation: global 5A USD liabilities to UAE allocated by reporter all-currency loans/deposits liability shares
2024-06-30,AT,AT: Austria,2.9454599999999997,208.62080600000002,591.408541,0.014118726010482384,8.349935150638137,BIS-implied reporter USD allocation: global 5A USD liabilities to UAE allocated by reporter all-currency loans/deposits liability shares
2024-06-30,IM,IM: Isle of Man,2.75724,208.62080600000002,591.408541,0.013216514943384888,7.816359819771955,BIS-implied reporter USD allocation: global 5A USD liabilities to UAE allocated by reporter all-currency loans/deposits liability shares
2024-06-30,BE,BE: Belgium,4.6090930000000006,208.62080600000002,591.408541,0.022093160736805898,13.06608395743286,BIS-implied reporter USD allocation: global 5A USD liabilities to UAE allocated by reporter all-currency loans/deposits liability shares
2024-09-30,KR,KR: Korea,-0.031234000000000005,228.486473,575.744462,-0.00013669955857736928,-0.07870401380876496,BIS-implied reporter USD allocation: global 5A USD liabilities to UAE allocated by reporter all-currency loans/deposits liability shares
2024-09-30,CL,CL: Chile,-0.03674,228.486473,575.744462,-0.00016079726522803827,-0.0925781349597882,BIS-implied reporter USD allocation: global 5A USD liabilities to UAE allocated by reporter all-currency loans/deposits liability shares
2024-09-30,CA,CA: Canada,1.2961909999999999,228.486473,575.744462,0.005672944148426677,3.2661661766919656,BIS-implied reporter USD allocation: global 5A USD liabilities to UAE allocated by reporter all-currency loans/deposits liability shares
2024-09-30,DK,DK: Denmark,0.11259400000000008,228.486473,575.744462,0.000492781907487364,0.28371645420964614,BIS-implied reporter USD allocation: global 5A USD liabilities to UAE allocated by reporter all-currency loans/deposits liability shares
2024-09-30,IE,IE: Ireland,1.481761,228.486473,575.744462,0.006485114766509614,3.733768912252333,BIS-implied reporter USD allocation: global 5A USD liabilities to UAE allocated by reporter all-currency loans/deposits liability shares
2024-09-30,BR,BR: Brazil,-0.7094320000000001,228.486473,575.744462,-0.0031049190382487113,-1.7876399412300616,BIS-implied reporter USD allocation: global 5A USD liabilities to UAE allocated by reporter all-currency loans/deposits liability shares
2024-09-30,ES,ES: Spain,1.718603,228.486473,575.744462,0.007521683789131798,4.3305677865078085,BIS-implied reporter USD allocation: global 5A USD liabilities to UAE allocated by reporter all-currency loans/deposits liability shares
2024-09-30,GB,GB: United Kingdom,111.93918799999999,228.486473,575.744462,0.4899160397998703,282.0664467597469,BIS-implied reporter USD allocation: global 5A USD liabilities to UAE allocated by reporter all-currency loans/deposits liability shares
2024-09-30,US,US: United States,36.578661999999994,228.486473,575.744462,0.1600911490283278,92.17159246827642,BIS-implied reporter USD allocation: global 5A USD liabilities to UAE allocated by reporter all-currency loans/deposits liability shares
2024-09-30,CH,CH: Switzerland,18.777361,228.486473,575.744462,0.08218149964615191,47.315543300126926,BIS-implied reporter USD allocation: global 5A USD liabilities to UAE allocated by reporter all-currency loans/deposits liability shares
2024-09-30,FR,FR: France,10.894566,228.486473,575.744462,0.04768144852058703,27.452329925866078,BIS-implied reporter USD allocation: global 5A USD liabilities to UAE allocated by reporter all-currency loans/deposits liability shares
2024-09-30,NL,NL: Netherlands,10.224931,228.486473,575.744462,0.044750706095410736,25.764971205022373,BIS-implied reporter USD allocation: global 5A USD liabilities to UAE allocated by reporter all-currency loans/deposits liability shares
2024-09-30,JE,JE: Jersey,9.4055,228.486473,575.744462,0.04116436249598023,23.700153738821115,BIS-implied reporter USD allocation: global 5A USD liabilities to UAE allocated by reporter all-currency loans/deposits liability shares
2024-09-30,BE,BE: Belgium,1.539649,228.486473,575.744462,0.006738468933344689,3.879636170732252,BIS-implied reporter USD allocation: global 5A USD liabilities to UAE allocated by reporter all-currency loans/deposits liability shares
2024-09-30,LU,LU: Luxembourg,3.802313,228.486473,575.744462,0.016641304625504023,9.581138978588925,BIS-implied reporter USD allocation: global 5A USD liabilities to UAE allocated by reporter all-currency loans/deposits liability shares
2024-09-30,IM,IM: Isle of Man,3.482698,228.486473,575.744462,0.01524246908043436,8.775767160266316,BIS-implied reporter USD allocation: global 5A USD liabilities to UAE allocated by reporter all-currency loans/deposits liability shares
2024-09-30,MO,MO: Macao SAR,2.673203,228.486473,575.744462,0.011699611643968088,6.735986611565342,BIS-implied reporter USD allocation: global 5A USD liabilities to UAE allocated by reporter all-currency loans/deposits liability shares
2024-09-30,AT,AT: Austria,2.460607,228.486473,575.744462,0.01076915831249231,6.200283258818713,BIS-implied reporter USD allocation: global 5A USD liabilities to UAE allocated by reporter all-currency loans/deposits liability shares
2024-09-30,SE,SE: Sweden,2.321238,228.486473,575.744462,0.010159192224915653,5.849098661888646,BIS-implied reporter USD allocation: global 5A USD liabilities to UAE allocated by reporter all-currency loans/deposits liability shares
2024-09-30,HK,HK: Hong Kong SAR,7.307392,228.486473,575.744462,0.03198172698827558,18.413302198695604,BIS-implied reporter USD allocation: global 5A USD liabilities to UAE allocated by reporter all-currency loans/deposits liability shares
2024-12-31,CL,CL: Chile,-0.01781,239.02755299999998,609.141255,-7.451023857488095e-05,-0.04538726023585239,BIS-implied reporter USD allocation: global 5A USD liabilities to UAE allocated by reporter all-currency loans/deposits liability shares
2024-12-31,KR,KR: Korea,-0.028834000000000002,239.02755299999998,609.141255,-0.00012063044464166859,-0.07348098044023403,BIS-implied reporter USD allocation: global 5A USD liabilities to UAE allocated by reporter all-currency loans/deposits liability shares
2024-12-31,FI,FI: Finland,-0.5361319999999999,239.02755299999998,609.141255,-0.002242971545627629,-1.3662865022329036,BIS-implied reporter USD allocation: global 5A USD liabilities to UAE allocated by reporter all-currency loans/deposits liability shares
2024-12-31,IM,IM: Isle of Man,2.941882,239.02755299999998,609.141255,0.012307710818593371,7.497134414215044,BIS-implied reporter USD allocation: global 5A USD liabilities to UAE allocated by reporter all-currency loans/deposits liability shares
2024-12-31,PH,PH: Philippines,0.346009,239.02755299999998,609.141255,0.001447569519318135,0.8817743136971955,BIS-implied reporter USD allocation: global 5A USD liabilities to UAE allocated by reporter all-currency loans/deposits liability shares
2024-12-31,IE,IE: Ireland,-0.559275,239.02755299999998,609.141255,-0.002339793019593854,-1.4252644563956398,BIS-implied reporter USD allocation: global 5A USD liabilities to UAE allocated by reporter all-currency loans/deposits liability shares
2024-12-31,TW,TW: Chinese Taipei,3.417119,239.02755299999998,609.141255,0.01429592093929021,8.708235222340017,BIS-implied reporter USD allocation: global 5A USD liabilities to UAE allocated by reporter all-currency loans/deposits liability shares
2024-12-31,AT,AT: Austria,4.037844,239.02755299999998,609.141255,0.016892797291867018,10.290099742828476,BIS-implied reporter USD allocation: global 5A USD liabilities to UAE allocated by reporter all-currency loans/deposits liability shares
2024-12-31,AU,AU: Australia,3.992351,239.02755299999998,609.141255,0.016702471953097393,10.174164727112046,BIS-implied reporter USD allocation: global 5A USD liabilities to UAE allocated by reporter all-currency loans/deposits liability shares
2024-12-31,GB,GB: United Kingdom,99.597792,239.02755299999998,609.141255,0.41667912652730876,253.81644606514865,BIS-implied reporter USD allocation: global 5A USD liabilities to UAE allocated by reporter all-currency loans/deposits liability shares
2024-12-31,US,US: United States,34.634775999999995,239.02755299999998,609.141255,0.1448986761789759,88.26376145549997,BIS-implied reporter USD allocation: global 5A USD liabilities to UAE allocated by reporter all-currency loans/deposits liability shares
2024-12-31,CH,CH: Switzerland,19.417735,239.02755299999998,609.141255,0.0812363878401918,49.48443524064117,BIS-implied reporter USD allocation: global 5A USD liabilities to UAE allocated by reporter all-currency loans/deposits liability shares
2024-12-31,JE,JE: Jersey,10.550287999999998,239.02755299999998,609.141255,0.0441383759637116,26.88650572819712,BIS-implied reporter USD allocation: global 5A USD liabilities to UAE allocated by reporter all-currency loans/deposits liability shares
2024-12-31,FR,FR: France,20.68112,239.02755299999998,609.141255,0.08652190820863234,52.704063751201105,BIS-implied reporter USD allocation: global 5A USD liabilities to UAE allocated by reporter all-currency loans/deposits liability shares
2024-12-31,HK,HK: Hong Kong SAR,6.716074,239.02755299999998,609.141255,0.028097488827992984,17.115339607032126,BIS-implied reporter USD allocation: global 5A USD liabilities to UAE allocated by reporter all-currency loans/deposits liability shares
2024-12-31,BE,BE: Belgium,6.03998,239.02755299999998,609.141255,0.025268969724172342,15.392371930339344,BIS-implied reporter USD allocation: global 5A USD liabilities to UAE allocated by reporter all-currency loans/deposits liability shares
2024-12-31,DK,DK: Denmark,4.478918999999999,239.02755299999998,609.141255,0.0187380866506214,11.414141618658267,BIS-implied reporter USD allocation: global 5A USD liabilities to UAE allocated by reporter all-currency loans/deposits liability shares
2024-12-31,ES,ES: Spain,4.288380999999999,239.02755299999998,609.141255,0.017940948422795425,10.928571838151877,BIS-implied reporter USD allocation: global 5A USD liabilities to UAE allocated by reporter all-currency loans/deposits liability shares
2024-12-31,LU,LU: Luxembourg,4.059677000000001,239.02755299999998,609.141255,0.016984138226106515,10.345739274143996,BIS-implied reporter USD allocation: global 5A USD liabilities to UAE allocated by reporter all-currency loans/deposits liability shares
2024-12-31,NL,NL: Netherlands,7.5963460000000005,239.02755299999998,609.141255,0.0317802107106874,19.358637436472566,BIS-implied reporter USD allocation: global 5A USD liabilities to UAE allocated by reporter all-currency loans/deposits liability shares
2025-03-31,PH,PH: Philippines,0.22487,276.976998,696.205972,0.0008118724718072076,0.5652304633745795,BIS-implied reporter USD allocation: global 5A USD liabilities to UAE allocated by reporter all-currency loans/deposits liability shares
2025-03-31,FI,FI: Finland,0.05911,276.976998,696.205972,0.00021341122341141124,0.1485781682308507,BIS-implied reporter USD allocation: global 5A USD liabilities to UAE allocated by reporter all-currency loans/deposits liability shares
2025-03-31,MX,MX: Mexico,-0.001781,276.976998,696.205972,-6.430136844793156e-06,-0.004476699672122232,BIS-implied reporter USD allocation: global 5A USD liabilities to UAE allocated by reporter all-currency loans/deposits liability shares
2025-03-31,MO,MO: Macao SAR,1.231801,276.976998,696.205972,0.00444730432091693,3.096239827523771,BIS-implied reporter USD allocation: global 5A USD liabilities to UAE allocated by reporter all-currency loans/deposits liability shares
2025-03-31,DK,DK: Denmark,0.506224,276.976998,696.205972,0.0018276752353276644,1.2724384137116254,BIS-implied reporter USD allocation: global 5A USD liabilities to UAE allocated by reporter all-currency loans/deposits liability shares
2025-03-31,CA,CA: Canada,1.370065,276.976998,696.205972,0.004946493787906533,3.4437785156014296,BIS-implied reporter USD allocation: global 5A USD liabilities to UAE allocated by reporter all-currency loans/deposits liability shares
2025-03-31,NL,NL: Netherlands,7.971293999999999,276.976998,696.205972,0.028779624508747114,20.036546454907306,BIS-implied reporter USD allocation: global 5A USD liabilities to UAE allocated by reporter all-currency loans/deposits liability shares
2025-03-31,AU,AU: Australia,3.208209,276.976998,696.205972,0.011582943793765864,8.064114642560131,BIS-implied reporter USD allocation: global 5A USD liabilities to UAE allocated by reporter all-currency loans/deposits liability shares
2025-03-31,GB,GB: United Kingdom,118.10810399999998,276.976998,696.205972,0.42641845659689037,296.8750760537779,BIS-implied reporter USD allocation: global 5A USD liabilities to UAE allocated by reporter all-currency loans/deposits liability shares
2025-03-31,US,US: United States,48.847612000000005,276.976998,696.205972,0.17635981454315572,122.78275610575746,BIS-implied reporter USD allocation: global 5A USD liabilities to UAE allocated by reporter all-currency loans/deposits liability shares
2025-03-31,CH,CH: Switzerland,23.907776,276.976998,696.205972,0.08631682837431864,60.09429139829969,BIS-implied reporter USD allocation: global 5A USD liabilities to UAE allocated by reporter all-currency loans/deposits liability shares
2025-03-31,JE,JE: Jersey,9.916536,276.976998,696.205972,0.03580274200242434,24.92608279606306,BIS-implied reporter USD allocation: global 5A USD liabilities to UAE allocated by reporter all-currency loans/deposits liability shares
2025-03-31,LU,LU: Luxembourg,8.377925000000001,276.976998,696.205972,0.03024772836912617,21.058649130019457,BIS-implied reporter USD allocation: global 5A USD liabilities to UAE allocated by reporter all-currency loans/deposits liability shares
2025-03-31,FR,FR: France,16.709956000000002,276.976998,696.205972,0.06032976066842924,42.00193966669114,BIS-implied reporter USD allocation: global 5A USD liabilities to UAE allocated by reporter all-currency loans/deposits liability shares
2025-03-31,HK,HK: Hong Kong SAR,6.416942,276.976998,696.205972,0.02316777944138163,16.129546405068712,BIS-implied reporter USD allocation: global 5A USD liabilities to UAE allocated by reporter all-currency loans/deposits liability shares
2025-03-31,ES,ES: Spain,6.237319,276.976998,696.205972,0.02251926710535003,15.678048243807844,BIS-implied reporter USD allocation: global 5A USD liabilities to UAE allocated by reporter all-currency loans/deposits liability shares
2025-03-31,IM,IM: Isle of Man,4.761023,276.976998,696.205972,0.01718923605345741,11.96724879453476,BIS-implied reporter USD allocation: global 5A USD liabilities to UAE allocated by reporter all-currency loans/deposits liability shares
2025-03-31,SE,SE: Sweden,4.370832999999999,276.976998,696.205972,0.01578049091282302,10.986472014599117,BIS-implied reporter USD allocation: global 5A USD liabilities to UAE allocated by reporter all-currency loans/deposits liability shares
2025-03-31,BE,BE: Belgium,7.671811999999999,276.976998,696.205972,0.027698372266999585,19.28377218696429,BIS-implied reporter USD allocation: global 5A USD liabilities to UAE allocated by reporter all-currency loans/deposits liability shares
2025-03-31,AT,AT: Austria,2.730959,276.976998,696.205972,0.009859876523031707,6.8645049185172695,BIS-implied reporter USD allocation: global 5A USD liabilities to UAE allocated by reporter all-currency loans/deposits liability shares
2025-06-30,FI,FI: Finland,0.052952,279.606348,739.925502,0.00018938053580958039,0.14012748802793276,BIS-implied reporter USD allocation: global 5A USD liabilities to UAE allocated by reporter all-currency loans/deposits liability shares
2025-06-30,MX,MX: Mexico,-0.005678,279.606348,739.925502,-2.030712121028096e-05,-0.015025756855691987,BIS-implied reporter USD allocation: global 5A USD liabilities to UAE allocated by reporter all-currency loans/deposits liability shares
2025-06-30,DK,DK: Denmark,1.74099,279.606348,739.925502,0.006226575370885356,4.6072019070431836,BIS-implied reporter USD allocation: global 5A USD liabilities to UAE allocated by reporter all-currency loans/deposits liability shares
2025-06-30,IT,IT: Italy,0.728469,279.606348,739.925502,0.002605337844475548,1.927755912453168,BIS-implied reporter USD allocation: global 5A USD liabilities to UAE allocated by reporter all-currency loans/deposits liability shares
2025-06-30,SE,SE: Sweden,1.951821,279.606348,739.925502,0.006980603315916132,5.165126412792109,BIS-implied reporter USD allocation: global 5A USD liabilities to UAE allocated by reporter all-currency loans/deposits liability shares
2025-06-30,KR,KR: Korea,0.863073,279.606348,739.925502,0.0030867432237268086,2.2839600293611575,BIS-implied reporter USD allocation: global 5A USD liabilities to UAE allocated by reporter all-currency loans/deposits liability shares
2025-06-30,ES,ES: Spain,3.124486,279.606348,739.925502,0.011174588925999634,8.26836332071392,BIS-implied reporter USD allocation: global 5A USD liabilities to UAE allocated by reporter all-currency loans/deposits liability shares
2025-06-30,GB,GB: United Kingdom,118.447939,279.606348,739.925502,0.4236239264496241,313.45014643744923,BIS-implied reporter USD allocation: global 5A USD liabilities to UAE allocated by reporter all-currency loans/deposits liability shares
2025-06-30,US,US: United States,38.685477,279.606348,739.925502,0.13835693387047135,102.37382374928933,BIS-implied reporter USD allocation: global 5A USD liabilities to UAE allocated by reporter all-currency loans/deposits liability shares
2025-06-30,FR,FR: France,26.193638999999997,279.606348,739.925502,0.09368041601115579,69.31652884462329,BIS-implied reporter USD allocation: global 5A USD liabilities to UAE allocated by reporter all-currency loans/deposits liability shares
2025-06-30,TW,TW: Chinese Taipei,2.528918,279.606348,739.925502,0.009044565754994946,6.692304856636645,BIS-implied reporter USD allocation: global 5A USD liabilities to UAE allocated by reporter all-currency loans/deposits liability shares
2025-06-30,JE,JE: Jersey,11.737908,279.606348,739.925502,0.04198011985049781,31.062161254399758,BIS-implied reporter USD allocation: global 5A USD liabilities to UAE allocated by reporter all-currency loans/deposits liability shares
2025-06-30,HK,HK: Hong Kong SAR,9.390728,279.606348,739.925502,0.033585532185413755,24.85079176222943,BIS-implied reporter USD allocation: global 5A USD liabilities to UAE allocated by reporter all-currency loans/deposits liability shares
2025-06-30,CH,CH: Switzerland,23.431659000000003,279.606348,739.925502,0.0838023141019674,62.00746933065991,BIS-implied reporter USD allocation: global 5A USD liabilities to UAE allocated by reporter all-currency loans/deposits liability shares
2025-06-30,NL,NL: Netherlands,8.368678,279.606348,739.925502,0.02993021460299606,22.146129065089593,BIS-implied reporter USD allocation: global 5A USD liabilities to UAE allocated by reporter all-currency loans/deposits liability shares
2025-06-30,BE,BE: Belgium,5.455711,279.606348,739.925502,0.01951211422424501,14.43751091245583,BIS-implied reporter USD allocation: global 5A USD liabilities to UAE allocated by reporter all-currency loans/deposits liability shares
2025-06-30,IM,IM: Isle of Man,4.5158190000000005,279.606348,739.925502,0.01615063117236523,11.95026387782919,BIS-implied reporter USD allocation: global 5A USD liabilities to UAE allocated by reporter all-currency loans/deposits liability shares
2025-06-30,CA,CA: Canada,3.756357,279.606348,739.925502,0.013434448205017147,9.940490832190312,BIS-implied reporter USD allocation: global 5A USD liabilities to UAE allocated by reporter all-currency loans/deposits liability shares
2025-06-30,AT,AT: Austria,3.203355,279.606348,739.925502,0.011456660490412041,8.477075264611697,BIS-implied reporter USD allocation: global 5A USD liabilities to UAE allocated by reporter all-currency loans/deposits liability shares
2025-06-30,LU,LU: Luxembourg,8.412285,279.606348,739.925502,0.030086173150832757,22.26152677188885,BIS-implied reporter USD allocation: global 5A USD liabilities to UAE allocated by reporter all-currency loans/deposits liability shares
2025-09-30,MX,MX: Mexico,-0.001235,326.811467,725.9824920000001,-3.778937169300733e-06,-0.0027434422232803725,BIS-implied reporter USD allocation: global 5A USD liabilities to UAE allocated by reporter all-currency loans/deposits liability shares
2025-09-30,CL,CL: Chile,-0.034488,326.811467,725.9824920000001,-0.00010552873287031878,-0.07661201246679634,BIS-implied reporter USD allocation: global 5A USD liabilities to UAE allocated by reporter all-currency loans/deposits liability shares
2025-09-30,BR,BR: Brazil,2.0811669999999998,326.811467,725.9824920000001,0.006368096624957164,4.623126657083192,BIS-implied reporter USD allocation: global 5A USD liabilities to UAE allocated by reporter all-currency loans/deposits liability shares
2025-09-30,DK,DK: Denmark,0.732129,326.811467,725.9824920000001,0.0022402182111926935,1.626359199585454,BIS-implied reporter USD allocation: global 5A USD liabilities to UAE allocated by reporter all-currency loans/deposits liability shares
2025-09-30,AT,AT: Austria,2.7725929999999996,326.811467,725.9824920000001,0.008483769022706904,6.159067776657164,BIS-implied reporter USD allocation: global 5A USD liabilities to UAE allocated by reporter all-currency loans/deposits liability shares
2025-09-30,LU,LU: Luxembourg,6.663371,326.811467,725.9824920000001,0.020389036716389145,14.80208368484369,BIS-implied reporter USD allocation: global 5A USD liabilities to UAE allocated by reporter all-currency loans/deposits liability shares
2025-09-30,IM,IM: Isle of Man,4.373956,326.811467,725.9824920000001,0.01338372866824774,9.716352690826337,BIS-implied reporter USD allocation: global 5A USD liabilities to UAE allocated by reporter all-currency loans/deposits liability shares
2025-09-30,BE,BE: Belgium,4.755274,326.811467,725.9824920000001,0.014550511472720143,10.563416578839961,BIS-implied reporter USD allocation: global 5A USD liabilities to UAE allocated by reporter all-currency loans/deposits liability shares
2025-09-30,ES,ES: Spain,4.8628730000000004,326.811467,725.9824920000001,0.014879750226144912,10.802438149514249,BIS-implied reporter USD allocation: global 5A USD liabilities to UAE allocated by reporter all-currency loans/deposits liability shares
2025-09-30,CA,CA: Canada,5.161382,326.811467,725.9824920000001,0.015793148408712352,11.46554923828283,BIS-implied reporter USD allocation: global 5A USD liabilities to UAE allocated by reporter all-currency loans/deposits liability shares
2025-09-30,HK,HK: Hong Kong SAR,6.1114,326.811467,725.9824920000001,0.01870007823195506,13.575929395429691,BIS-implied reporter USD allocation: global 5A USD liabilities to UAE allocated by reporter all-currency loans/deposits liability shares
2025-09-30,NL,NL: Netherlands,9.383398999999999,326.811467,725.9824920000001,0.02871196376961889,20.84438300768164,BIS-implied reporter USD allocation: global 5A USD liabilities to UAE allocated by reporter all-currency loans/deposits liability shares
2025-09-30,JE,JE: Jersey,10.684622,326.811467,725.9824920000001,0.03269353458763428,23.73493371221893,BIS-implied reporter USD allocation: global 5A USD liabilities to UAE allocated by reporter all-currency loans/deposits liability shares
2025-09-30,CH,CH: Switzerland,20.598675999999998,326.811467,725.9824920000001,0.06302923269213194,45.75811941868182,BIS-implied reporter USD allocation: global 5A USD liabilities to UAE allocated by reporter all-currency loans/deposits liability shares
2025-09-30,FR,FR: France,42.003621,326.811467,725.9824920000001,0.12852554222034077,93.30729342677421,BIS-implied reporter USD allocation: global 5A USD liabilities to UAE allocated by reporter all-currency loans/deposits liability shares
2025-09-30,US,US: United States,53.12665,326.811467,725.9824920000001,0.16256054442545004,118.01610914286495,BIS-implied reporter USD allocation: global 5A USD liabilities to UAE allocated by reporter all-currency loans/deposits liability shares
2025-09-30,GB,GB: United Kingdom,144.2503,326.811467,725.9824920000001,0.44138689907107825,320.4391609237739,BIS-implied reporter USD allocation: global 5A USD liabilities to UAE allocated by reporter all-currency loans/deposits liability shares
2025-09-30,IE,IE: Ireland,-0.274852,326.811467,725.9824920000001,-0.0008410108816652997,-0.6105591756704914,BIS-implied reporter USD allocation: global 5A USD liabilities to UAE allocated by reporter all-currency loans/deposits liability shares
2025-09-30,AU,AU: Australia,3.1867270000000003,326.811467,725.9824920000001,0.009750964460497344,7.079029478435299,BIS-implied reporter USD allocation: global 5A USD liabilities to UAE allocated by reporter all-currency loans/deposits liability shares
2025-09-30,SE,SE: Sweden,-1.041808,326.811467,725.9824920000001,-0.0031877951210322743,-2.3142834459524524,BIS-implied reporter USD allocation: global 5A USD liabilities to UAE allocated by reporter all-currency loans/deposits liability shares
