series,series_name,frequency,year,month,date,value
M1,Money Supply M1: USD mn: Monthly: United Arab Emirates,monthly,1991,6,1991-06,8551.64
M1,Money Supply M1: USD mn: Monthly: United Arab Emirates,monthly,1991,7,1991-07,8524.39
M1,Money Supply M1: USD mn: Monthly: United Arab Emirates,monthly,1991,8,1991-08,8542.1
M1,Money Supply M1: USD mn: Monthly: United Arab Emirates,monthly,1991,9,1991-09,8590.04
M1,Money Supply M1: USD mn: Monthly: United Arab Emirates,monthly,1991,10,1991-10,8609.93
M1,Money Supply M1: USD mn: Monthly: United Arab Emirates,monthly,1991,11,1991-11,8672.04
M1,Money Supply M1: USD mn: Monthly: United Arab Emirates,monthly,1991,12,1991-12,8807.7
M1,Money Supply M1: USD mn: Monthly: United Arab Emirates,monthly,1992,1,1992-01,8872.8
M1,Money Supply M1: USD mn: Monthly: United Arab Emirates,monthly,1992,2,1992-02,9014.18
M1,Money Supply M1: USD mn: Monthly: United Arab Emirates,monthly,1992,3,1992-03,9086.91
M1,Money Supply M1: USD mn: Monthly: United Arab Emirates,monthly,1992,4,1992-04,9079.28
M1,Money Supply M1: USD mn: Monthly: United Arab Emirates,monthly,1992,5,1992-05,9130.22
M1,Money Supply M1: USD mn: Monthly: United Arab Emirates,monthly,1992,6,1992-06,9154.2
M1,Money Supply M1: USD mn: Monthly: United Arab Emirates,monthly,1992,7,1992-07,9059.67
M1,Money Supply M1: USD mn: Monthly: United Arab Emirates,monthly,1992,8,1992-08,9057.49
M1,Money Supply M1: USD mn: Monthly: United Arab Emirates,monthly,1992,9,1992-09,9128.04
M1,Money Supply M1: USD mn: Monthly: United Arab Emirates,monthly,1992,10,1992-10,9192.88
M1,Money Supply M1: USD mn: Monthly: United Arab Emirates,monthly,1992,11,1992-11,9252.81
M1,Money Supply M1: USD mn: Monthly: United Arab Emirates,monthly,1992,12,1992-12,9344.06
M1,Money Supply M1: USD mn: Monthly: United Arab Emirates,monthly,1993,1,1993-01,9388.74
M1,Money Supply M1: USD mn: Monthly: United Arab Emirates,monthly,1993,2,1993-02,9585.41
M1,Money Supply M1: USD mn: Monthly: United Arab Emirates,monthly,1993,3,1993-03,9643.98
M1,Money Supply M1: USD mn: Monthly: United Arab Emirates,monthly,1993,4,1993-04,9649.97
M1,Money Supply M1: USD mn: Monthly: United Arab Emirates,monthly,1993,5,1993-05,9945.53
M1,Money Supply M1: USD mn: Monthly: United Arab Emirates,monthly,1993,6,1993-06,9916.93
M1,Money Supply M1: USD mn: Monthly: United Arab Emirates,monthly,1993,7,1993-07,9767.92
M1,Money Supply M1: USD mn: Monthly: United Arab Emirates,monthly,1993,8,1993-08,9737.69
M1,Money Supply M1: USD mn: Monthly: United Arab Emirates,monthly,1993,9,1993-09,9813.14
M1,Money Supply M1: USD mn: Monthly: United Arab Emirates,monthly,1993,10,1993-10,9934.36
M1,Money Supply M1: USD mn: Monthly: United Arab Emirates,monthly,1993,11,1993-11,10037.88
M1,Money Supply M1: USD mn: Monthly: United Arab Emirates,monthly,1993,12,1993-12,10213.85
M1,Money Supply M1: USD mn: Monthly: United Arab Emirates,monthly,1994,1,1994-01,10337.52
M1,Money Supply M1: USD mn: Monthly: United Arab Emirates,monthly,1994,2,1994-02,10449.21
M1,Money Supply M1: USD mn: Monthly: United Arab Emirates,monthly,1994,3,1994-03,10523.58
M1,Money Supply M1: USD mn: Monthly: United Arab Emirates,monthly,1994,4,1994-04,10578.88
M1,Money Supply M1: USD mn: Monthly: United Arab Emirates,monthly,1994,5,1994-05,10579.42
M1,Money Supply M1: USD mn: Monthly: United Arab Emirates,monthly,1994,6,1994-06,10663.32
M1,Money Supply M1: USD mn: Monthly: United Arab Emirates,monthly,1994,7,1994-07,10531.48
M1,Money Supply M1: USD mn: Monthly: United Arab Emirates,monthly,1994,8,1994-08,10355.5
M1,Money Supply M1: USD mn: Monthly: United Arab Emirates,monthly,1994,9,1994-09,10351.69
M1,Money Supply M1: USD mn: Monthly: United Arab Emirates,monthly,1994,10,1994-10,10366.67
M1,Money Supply M1: USD mn: Monthly: United Arab Emirates,monthly,1994,11,1994-11,10430.41
M1,Money Supply M1: USD mn: Monthly: United Arab Emirates,monthly,1994,12,1994-12,10488.71
M1,Money Supply M1: USD mn: Monthly: United Arab Emirates,monthly,1995,1,1995-01,10577.24
M1,Money Supply M1: USD mn: Monthly: United Arab Emirates,monthly,1995,2,1995-02,10877.98
M1,Money Supply M1: USD mn: Monthly: United Arab Emirates,monthly,1995,3,1995-03,10800.89
M1,Money Supply M1: USD mn: Monthly: United Arab Emirates,monthly,1995,4,1995-04,10785.63
M1,Money Supply M1: USD mn: Monthly: United Arab Emirates,monthly,1995,5,1995-05,10813.42
M1,Money Supply M1: USD mn: Monthly: United Arab Emirates,monthly,1995,6,1995-06,10868.17
M1,Money Supply M1: USD mn: Monthly: United Arab Emirates,monthly,1995,7,1995-07,10754.85
M1,Money Supply M1: USD mn: Monthly: United Arab Emirates,monthly,1995,8,1995-08,10639.08
M1,Money Supply M1: USD mn: Monthly: United Arab Emirates,monthly,1995,9,1995-09,10645.89
M1,Money Supply M1: USD mn: Monthly: United Arab Emirates,monthly,1995,10,1995-10,10734.69
M1,Money Supply M1: USD mn: Monthly: United Arab Emirates,monthly,1995,11,1995-11,10761.93
M1,Money Supply M1: USD mn: Monthly: United Arab Emirates,monthly,1995,12,1995-12,10935.73
M1,Money Supply M1: USD mn: Monthly: United Arab Emirates,monthly,1996,1,1996-01,11009.55
M1,Money Supply M1: USD mn: Monthly: United Arab Emirates,monthly,1996,2,1996-02,11037.06
M1,Money Supply M1: USD mn: Monthly: United Arab Emirates,monthly,1996,3,1996-03,11161.55
M1,Money Supply M1: USD mn: Monthly: United Arab Emirates,monthly,1996,4,1996-04,11374.84
M1,Money Supply M1: USD mn: Monthly: United Arab Emirates,monthly,1996,5,1996-05,11282.23
M1,Money Supply M1: USD mn: Monthly: United Arab Emirates,monthly,1996,6,1996-06,11372.66
M1,Money Supply M1: USD mn: Monthly: United Arab Emirates,monthly,1996,7,1996-07,11227.75
M1,Money Supply M1: USD mn: Monthly: United Arab Emirates,monthly,1996,8,1996-08,11687.02
M1,Money Supply M1: USD mn: Monthly: United Arab Emirates,monthly,1996,9,1996-09,11694.1
M1,Money Supply M1: USD mn: Monthly: United Arab Emirates,monthly,1996,10,1996-10,11068.12
M1,Money Supply M1: USD mn: Monthly: United Arab Emirates,monthly,1996,11,1996-11,11178.71
M1,Money Supply M1: USD mn: Monthly: United Arab Emirates,monthly,1996,12,1996-12,11328.54
M1,Money Supply M1: USD mn: Monthly: United Arab Emirates,monthly,1997,1,1997-01,11461.2
M1,Money Supply M1: USD mn: Monthly: United Arab Emirates,monthly,1997,2,1997-02,11550.0
M1,Money Supply M1: USD mn: Monthly: United Arab Emirates,monthly,1997,3,1997-03,11656.51
M1,Money Supply M1: USD mn: Monthly: United Arab Emirates,monthly,1997,4,1997-04,11588.14
M1,Money Supply M1: USD mn: Monthly: United Arab Emirates,monthly,1997,5,1997-05,11843.65
M1,Money Supply M1: USD mn: Monthly: United Arab Emirates,monthly,1997,6,1997-06,11910.67
M1,Money Supply M1: USD mn: Monthly: United Arab Emirates,monthly,1997,7,1997-07,11441.04
M1,Money Supply M1: USD mn: Monthly: United Arab Emirates,monthly,1997,8,1997-08,11786.18
M1,Money Supply M1: USD mn: Monthly: United Arab Emirates,monthly,1997,9,1997-09,11789.45
M1,Money Supply M1: USD mn: Monthly: United Arab Emirates,monthly,1997,10,1997-10,11891.32
M1,Money Supply M1: USD mn: Monthly: United Arab Emirates,monthly,1997,11,1997-11,11992.11
M1,Money Supply M1: USD mn: Monthly: United Arab Emirates,monthly,1997,12,1997-12,12170.99
M1,Money Supply M1: USD mn: Monthly: United Arab Emirates,monthly,1998,1,1998-01,12405.16
M1,Money Supply M1: USD mn: Monthly: United Arab Emirates,monthly,1998,2,1998-02,12448.45
M1,Money Supply M1: USD mn: Monthly: United Arab Emirates,monthly,1998,3,1998-03,12822.31
M1,Money Supply M1: USD mn: Monthly: United Arab Emirates,monthly,1998,4,1998-04,12790.18
M1,Money Supply M1: USD mn: Monthly: United Arab Emirates,monthly,1998,5,1998-05,12884.12
M1,Money Supply M1: USD mn: Monthly: United Arab Emirates,monthly,1998,6,1998-06,13062.48
M1,Money Supply M1: USD mn: Monthly: United Arab Emirates,monthly,1998,7,1998-07,12886.3
M1,Money Supply M1: USD mn: Monthly: United Arab Emirates,monthly,1998,8,1998-08,12909.45
M1,Money Supply M1: USD mn: Monthly: United Arab Emirates,monthly,1998,9,1998-09,12914.35
M1,Money Supply M1: USD mn: Monthly: United Arab Emirates,monthly,1998,10,1998-10,12869.97
M1,Money Supply M1: USD mn: Monthly: United Arab Emirates,monthly,1998,11,1998-11,12762.41
M1,Money Supply M1: USD mn: Monthly: United Arab Emirates,monthly,1998,12,1998-12,12828.3
M1,Money Supply M1: USD mn: Monthly: United Arab Emirates,monthly,1999,1,1999-01,12923.88
M1,Money Supply M1: USD mn: Monthly: United Arab Emirates,monthly,1999,2,1999-02,12970.44
M1,Money Supply M1: USD mn: Monthly: United Arab Emirates,monthly,1999,3,1999-03,13150.7
M1,Money Supply M1: USD mn: Monthly: United Arab Emirates,monthly,1999,4,1999-04,13199.17
M1,Money Supply M1: USD mn: Monthly: United Arab Emirates,monthly,1999,5,1999-05,13352.47
M1,Money Supply M1: USD mn: Monthly: United Arab Emirates,monthly,1999,6,1999-06,13430.89
M1,Money Supply M1: USD mn: Monthly: United Arab Emirates,monthly,1999,7,1999-07,13170.85
M1,Money Supply M1: USD mn: Monthly: United Arab Emirates,monthly,1999,8,1999-08,13133.55
M1,Money Supply M1: USD mn: Monthly: United Arab Emirates,monthly,1999,9,1999-09,13101.14
M1,Money Supply M1: USD mn: Monthly: United Arab Emirates,monthly,1999,10,1999-10,13121.29
M1,Money Supply M1: USD mn: Monthly: United Arab Emirates,monthly,1999,11,1999-11,13168.94
M1,Money Supply M1: USD mn: Monthly: United Arab Emirates,monthly,1999,12,1999-12,13500.6
M1,Money Supply M1: USD mn: Monthly: United Arab Emirates,monthly,2000,1,2000-01,14113.8
M1,Money Supply M1: USD mn: Monthly: United Arab Emirates,monthly,2000,2,2000-02,14152.74
M1,Money Supply M1: USD mn: Monthly: United Arab Emirates,monthly,2000,3,2000-03,14315.57
M1,Money Supply M1: USD mn: Monthly: United Arab Emirates,monthly,2000,4,2000-04,14282.9
M1,Money Supply M1: USD mn: Monthly: United Arab Emirates,monthly,2000,5,2000-05,14312.03
M1,Money Supply M1: USD mn: Monthly: United Arab Emirates,monthly,2000,6,2000-06,14465.61
M1,Money Supply M1: USD mn: Monthly: United Arab Emirates,monthly,2000,7,2000-07,14250.22
M1,Money Supply M1: USD mn: Monthly: United Arab Emirates,monthly,2000,8,2000-08,14252.95
M1,Money Supply M1: USD mn: Monthly: United Arab Emirates,monthly,2000,9,2000-09,14169.35
M1,Money Supply M1: USD mn: Monthly: United Arab Emirates,monthly,2000,10,2000-10,14160.91
M1,Money Supply M1: USD mn: Monthly: United Arab Emirates,monthly,2000,11,2000-11,14267.65
M1,Money Supply M1: USD mn: Monthly: United Arab Emirates,monthly,2000,12,2000-12,14539.4
M1,Money Supply M1: USD mn: Monthly: United Arab Emirates,monthly,2001,1,2001-01,14482.49
M1,Money Supply M1: USD mn: Monthly: United Arab Emirates,monthly,2001,2,2001-02,14765.13
M1,Money Supply M1: USD mn: Monthly: United Arab Emirates,monthly,2001,3,2001-03,14797.26
M1,Money Supply M1: USD mn: Monthly: United Arab Emirates,monthly,2001,4,2001-04,14793.72
M1,Money Supply M1: USD mn: Monthly: United Arab Emirates,monthly,2001,5,2001-05,15019.73
M1,Money Supply M1: USD mn: Monthly: United Arab Emirates,monthly,2001,6,2001-06,15344.03
M1,Money Supply M1: USD mn: Monthly: United Arab Emirates,monthly,2001,7,2001-07,15125.92
M1,Money Supply M1: USD mn: Monthly: United Arab Emirates,monthly,2001,8,2001-08,15402.3
M1,Money Supply M1: USD mn: Monthly: United Arab Emirates,monthly,2001,9,2001-09,15637.02
M1,Money Supply M1: USD mn: Monthly: United Arab Emirates,monthly,2001,10,2001-10,15439.33
M1,Money Supply M1: USD mn: Monthly: United Arab Emirates,monthly,2001,11,2001-11,15704.27
M1,Money Supply M1: USD mn: Monthly: United Arab Emirates,monthly,2001,12,2001-12,16008.97
M1,Money Supply M1: USD mn: Monthly: United Arab Emirates,monthly,2002,1,2002-01,16269.56
M1,Money Supply M1: USD mn: Monthly: United Arab Emirates,monthly,2002,2,2002-02,16618.37
M1,Money Supply M1: USD mn: Monthly: United Arab Emirates,monthly,2002,3,2002-03,16905.64
M1,Money Supply M1: USD mn: Monthly: United Arab Emirates,monthly,2002,4,2002-04,17170.03
M1,Money Supply M1: USD mn: Monthly: United Arab Emirates,monthly,2002,5,2002-05,17397.94
M1,Money Supply M1: USD mn: Monthly: United Arab Emirates,monthly,2002,6,2002-06,17555.33
M1,Money Supply M1: USD mn: Monthly: United Arab Emirates,monthly,2002,7,2002-07,17478.54
M1,Money Supply M1: USD mn: Monthly: United Arab Emirates,monthly,2002,8,2002-08,17530.82
M1,Money Supply M1: USD mn: Monthly: United Arab Emirates,monthly,2002,9,2002-09,17528.92
M1,Money Supply M1: USD mn: Monthly: United Arab Emirates,monthly,2002,10,2002-10,17623.4
M1,Money Supply M1: USD mn: Monthly: United Arab Emirates,monthly,2002,11,2002-11,17992.63
M1,Money Supply M1: USD mn: Monthly: United Arab Emirates,monthly,2002,12,2002-12,18075.68
M1,Money Supply M1: USD mn: Monthly: United Arab Emirates,monthly,2003,1,2003-01,18630.07
M1,Money Supply M1: USD mn: Monthly: United Arab Emirates,monthly,2003,2,2003-02,18878.95
M1,Money Supply M1: USD mn: Monthly: United Arab Emirates,monthly,2003,3,2003-03,19205.98
M1,Money Supply M1: USD mn: Monthly: United Arab Emirates,monthly,2003,4,2003-04,19800.94
M1,Money Supply M1: USD mn: Monthly: United Arab Emirates,monthly,2003,5,2003-05,20078.13
M1,Money Supply M1: USD mn: Monthly: United Arab Emirates,monthly,2003,6,2003-06,20132.87
M1,Money Supply M1: USD mn: Monthly: United Arab Emirates,monthly,2003,7,2003-07,20453.63
M1,Money Supply M1: USD mn: Monthly: United Arab Emirates,monthly,2003,8,2003-08,20321.02
M1,Money Supply M1: USD mn: Monthly: United Arab Emirates,monthly,2003,9,2003-09,20559.82
M1,Money Supply M1: USD mn: Monthly: United Arab Emirates,monthly,2003,10,2003-10,20687.53
M1,Money Supply M1: USD mn: Monthly: United Arab Emirates,monthly,2003,11,2003-11,21001.48
M1,Money Supply M1: USD mn: Monthly: United Arab Emirates,monthly,2003,12,2003-12,21127.56
M1,Money Supply M1: USD mn: Monthly: United Arab Emirates,monthly,2004,1,2004-01,21900.87
M1,Money Supply M1: USD mn: Monthly: United Arab Emirates,monthly,2004,2,2004-02,22654.31
M1,Money Supply M1: USD mn: Monthly: United Arab Emirates,monthly,2004,3,2004-03,23066.02
M1,Money Supply M1: USD mn: Monthly: United Arab Emirates,monthly,2004,4,2004-04,23518.3
M1,Money Supply M1: USD mn: Monthly: United Arab Emirates,monthly,2004,5,2004-05,23812.65
M1,Money Supply M1: USD mn: Monthly: United Arab Emirates,monthly,2004,6,2004-06,24608.02
M1,Money Supply M1: USD mn: Monthly: United Arab Emirates,monthly,2004,7,2004-07,24348.25
M1,Money Supply M1: USD mn: Monthly: United Arab Emirates,monthly,2004,8,2004-08,25209.24
M1,Money Supply M1: USD mn: Monthly: United Arab Emirates,monthly,2004,9,2004-09,24807.88
M1,Money Supply M1: USD mn: Monthly: United Arab Emirates,monthly,2004,10,2004-10,26010.06
M1,Money Supply M1: USD mn: Monthly: United Arab Emirates,monthly,2004,11,2004-11,25353.83
M1,Money Supply M1: USD mn: Monthly: United Arab Emirates,monthly,2004,12,2004-12,27269.42
M1,Money Supply M1: USD mn: Monthly: United Arab Emirates,monthly,2005,1,2005-01,28688.89
M1,Money Supply M1: USD mn: Monthly: United Arab Emirates,monthly,2005,2,2005-02,28661.93
M1,Money Supply M1: USD mn: Monthly: United Arab Emirates,monthly,2005,3,2005-03,30923.06
M1,Money Supply M1: USD mn: Monthly: United Arab Emirates,monthly,2005,4,2005-04,35975.21
M1,Money Supply M1: USD mn: Monthly: United Arab Emirates,monthly,2005,5,2005-05,33161.59
M1,Money Supply M1: USD mn: Monthly: United Arab Emirates,monthly,2005,6,2005-06,33317.07
M1,Money Supply M1: USD mn: Monthly: United Arab Emirates,monthly,2005,7,2005-07,35680.04
M1,Money Supply M1: USD mn: Monthly: United Arab Emirates,monthly,2005,8,2005-08,32481.4
M1,Money Supply M1: USD mn: Monthly: United Arab Emirates,monthly,2005,9,2005-09,33579.29
M1,Money Supply M1: USD mn: Monthly: United Arab Emirates,monthly,2005,10,2005-10,33974.12
M1,Money Supply M1: USD mn: Monthly: United Arab Emirates,monthly,2005,11,2005-11,32232.52
M1,Money Supply M1: USD mn: Monthly: United Arab Emirates,monthly,2005,12,2005-12,33704.0
M1,Money Supply M1: USD mn: Monthly: United Arab Emirates,monthly,2006,1,2006-01,33623.95
M1,Money Supply M1: USD mn: Monthly: United Arab Emirates,monthly,2006,2,2006-02,34324.02
M1,Money Supply M1: USD mn: Monthly: United Arab Emirates,monthly,2006,3,2006-03,37527.56
M1,Money Supply M1: USD mn: Monthly: United Arab Emirates,monthly,2006,4,2006-04,35397.94
M1,Money Supply M1: USD mn: Monthly: United Arab Emirates,monthly,2006,5,2006-05,36075.41
M1,Money Supply M1: USD mn: Monthly: United Arab Emirates,monthly,2006,6,2006-06,36123.88
M1,Money Supply M1: USD mn: Monthly: United Arab Emirates,monthly,2006,7,2006-07,35113.12
M1,Money Supply M1: USD mn: Monthly: United Arab Emirates,monthly,2006,8,2006-08,34722.11
M1,Money Supply M1: USD mn: Monthly: United Arab Emirates,monthly,2006,9,2006-09,35799.3
M1,Money Supply M1: USD mn: Monthly: United Arab Emirates,monthly,2006,10,2006-10,35744.03
M1,Money Supply M1: USD mn: Monthly: United Arab Emirates,monthly,2006,11,2006-11,36634.16
M1,Money Supply M1: USD mn: Monthly: United Arab Emirates,monthly,2006,12,2006-12,37943.62
M1,Money Supply M1: USD mn: Monthly: United Arab Emirates,monthly,2007,1,2007-01,39166.77
M1,Money Supply M1: USD mn: Monthly: United Arab Emirates,monthly,2007,2,2007-02,40558.46
M1,Money Supply M1: USD mn: Monthly: United Arab Emirates,monthly,2007,3,2007-03,42268.47
M1,Money Supply M1: USD mn: Monthly: United Arab Emirates,monthly,2007,4,2007-04,43690.66
M1,Money Supply M1: USD mn: Monthly: United Arab Emirates,monthly,2007,5,2007-05,46698.42
M1,Money Supply M1: USD mn: Monthly: United Arab Emirates,monthly,2007,6,2007-06,46118.43
M1,Money Supply M1: USD mn: Monthly: United Arab Emirates,monthly,2007,7,2007-07,46539.4
M1,Money Supply M1: USD mn: Monthly: United Arab Emirates,monthly,2007,8,2007-08,45959.69
M1,Money Supply M1: USD mn: Monthly: United Arab Emirates,monthly,2007,9,2007-09,48061.52
M1,Money Supply M1: USD mn: Monthly: United Arab Emirates,monthly,2007,10,2007-10,50381.74
M1,Money Supply M1: USD mn: Monthly: United Arab Emirates,monthly,2007,11,2007-11,53419.73
M1,Money Supply M1: USD mn: Monthly: United Arab Emirates,monthly,2007,12,2007-12,54729.19
M1,Money Supply M1: USD mn: Monthly: United Arab Emirates,monthly,2008,1,2008-01,57349.48
M1,Money Supply M1: USD mn: Monthly: United Arab Emirates,monthly,2008,2,2008-02,61465.74
M1,Money Supply M1: USD mn: Monthly: United Arab Emirates,monthly,2008,3,2008-03,65673.51
M1,Money Supply M1: USD mn: Monthly: United Arab Emirates,monthly,2008,4,2008-04,69207.07
M1,Money Supply M1: USD mn: Monthly: United Arab Emirates,monthly,2008,5,2008-05,71391.95
M1,Money Supply M1: USD mn: Monthly: United Arab Emirates,monthly,2008,6,2008-06,71724.97
M1,Money Supply M1: USD mn: Monthly: United Arab Emirates,monthly,2008,7,2008-07,73604.89
M1,Money Supply M1: USD mn: Monthly: United Arab Emirates,monthly,2008,8,2008-08,70056.35
M1,Money Supply M1: USD mn: Monthly: United Arab Emirates,monthly,2008,9,2008-09,69332.32
M1,Money Supply M1: USD mn: Monthly: United Arab Emirates,monthly,2008,10,2008-10,65944.98
M1,Money Supply M1: USD mn: Monthly: United Arab Emirates,monthly,2008,11,2008-11,64939.13
M1,Money Supply M1: USD mn: Monthly: United Arab Emirates,monthly,2008,12,2008-12,61937.9
M1,Money Supply M1: USD mn: Monthly: United Arab Emirates,monthly,2009,1,2009-01,62840.29
M1,Money Supply M1: USD mn: Monthly: United Arab Emirates,monthly,2009,2,2009-02,64104.55
M1,Money Supply M1: USD mn: Monthly: United Arab Emirates,monthly,2009,3,2009-03,62802.71
M1,Money Supply M1: USD mn: Monthly: United Arab Emirates,monthly,2009,4,2009-04,63128.37
M1,Money Supply M1: USD mn: Monthly: United Arab Emirates,monthly,2009,5,2009-05,65233.21
M1,Money Supply M1: USD mn: Monthly: United Arab Emirates,monthly,2009,6,2009-06,64627.62
M1,Money Supply M1: USD mn: Monthly: United Arab Emirates,monthly,2009,7,2009-07,64362.68
M1,Money Supply M1: USD mn: Monthly: United Arab Emirates,monthly,2009,8,2009-08,64695.42
M1,Money Supply M1: USD mn: Monthly: United Arab Emirates,monthly,2009,9,2009-09,65461.39
M1,Money Supply M1: USD mn: Monthly: United Arab Emirates,monthly,2009,10,2009-10,65843.14
M1,Money Supply M1: USD mn: Monthly: United Arab Emirates,monthly,2009,11,2009-11,66043.83
M1,Money Supply M1: USD mn: Monthly: United Arab Emirates,monthly,2009,12,2009-12,66115.98
M1,Money Supply M1: USD mn: Monthly: United Arab Emirates,monthly,2010,1,2010-01,67675.96
M1,Money Supply M1: USD mn: Monthly: United Arab Emirates,monthly,2010,2,2010-02,68045.19
M1,Money Supply M1: USD mn: Monthly: United Arab Emirates,monthly,2010,3,2010-03,67806.38
M1,Money Supply M1: USD mn: Monthly: United Arab Emirates,monthly,2010,4,2010-04,68699.51
M1,Money Supply M1: USD mn: Monthly: United Arab Emirates,monthly,2010,5,2010-05,67411.83
M1,Money Supply M1: USD mn: Monthly: United Arab Emirates,monthly,2010,6,2010-06,68373.03
M1,Money Supply M1: USD mn: Monthly: United Arab Emirates,monthly,2010,7,2010-07,67485.62
M1,Money Supply M1: USD mn: Monthly: United Arab Emirates,monthly,2010,8,2010-08,66374.66
M1,Money Supply M1: USD mn: Monthly: United Arab Emirates,monthly,2010,9,2010-09,66652.13
M1,Money Supply M1: USD mn: Monthly: United Arab Emirates,monthly,2010,10,2010-10,68282.08
M1,Money Supply M1: USD mn: Monthly: United Arab Emirates,monthly,2010,11,2010-11,68304.14
M1,Money Supply M1: USD mn: Monthly: United Arab Emirates,monthly,2010,12,2010-12,68697.06
M1,Money Supply M1: USD mn: Monthly: United Arab Emirates,monthly,2011,1,2011-01,69770.17
M1,Money Supply M1: USD mn: Monthly: United Arab Emirates,monthly,2011,2,2011-02,71333.95
M1,Money Supply M1: USD mn: Monthly: United Arab Emirates,monthly,2011,3,2011-03,73765.0
M1,Money Supply M1: USD mn: Monthly: United Arab Emirates,monthly,2011,4,2011-04,76392.91
M1,Money Supply M1: USD mn: Monthly: United Arab Emirates,monthly,2011,5,2011-05,76222.72
M1,Money Supply M1: USD mn: Monthly: United Arab Emirates,monthly,2011,6,2011-06,76653.76
M1,Money Supply M1: USD mn: Monthly: United Arab Emirates,monthly,2011,7,2011-07,76840.56
M1,Money Supply M1: USD mn: Monthly: United Arab Emirates,monthly,2011,8,2011-08,75492.7
M1,Money Supply M1: USD mn: Monthly: United Arab Emirates,monthly,2011,9,2011-09,74438.92
M1,Money Supply M1: USD mn: Monthly: United Arab Emirates,monthly,2011,10,2011-10,75732.87
M1,Money Supply M1: USD mn: Monthly: United Arab Emirates,monthly,2011,11,2011-11,77312.17
M1,Money Supply M1: USD mn: Monthly: United Arab Emirates,monthly,2011,12,2011-12,77174.93
M1,Money Supply M1: USD mn: Monthly: United Arab Emirates,monthly,2012,1,2012-01,79327.15
M1,Money Supply M1: USD mn: Monthly: United Arab Emirates,monthly,2012,2,2012-02,80489.3
M1,Money Supply M1: USD mn: Monthly: United Arab Emirates,monthly,2012,3,2012-03,81575.48
M1,Money Supply M1: USD mn: Monthly: United Arab Emirates,monthly,2012,4,2012-04,83176.84
M1,Money Supply M1: USD mn: Monthly: United Arab Emirates,monthly,2012,5,2012-05,81981.47
M1,Money Supply M1: USD mn: Monthly: United Arab Emirates,monthly,2012,6,2012-06,82678.0
M1,Money Supply M1: USD mn: Monthly: United Arab Emirates,monthly,2012,7,2012-07,83241.1
M1,Money Supply M1: USD mn: Monthly: United Arab Emirates,monthly,2012,8,2012-08,82890.39
M1,Money Supply M1: USD mn: Monthly: United Arab Emirates,monthly,2012,9,2012-09,84161.46
M1,Money Supply M1: USD mn: Monthly: United Arab Emirates,monthly,2012,10,2012-10,85252.81
M1,Money Supply M1: USD mn: Monthly: United Arab Emirates,monthly,2012,11,2012-11,85219.32
M1,Money Supply M1: USD mn: Monthly: United Arab Emirates,monthly,2012,12,2012-12,90036.75
M1,Money Supply M1: USD mn: Monthly: United Arab Emirates,monthly,2013,1,2013-01,88594.4
M1,Money Supply M1: USD mn: Monthly: United Arab Emirates,monthly,2013,2,2013-02,91675.96
M1,Money Supply M1: USD mn: Monthly: United Arab Emirates,monthly,2013,3,2013-03,94408.7
M1,Money Supply M1: USD mn: Monthly: United Arab Emirates,monthly,2013,4,2013-04,96758.05
M1,Money Supply M1: USD mn: Monthly: United Arab Emirates,monthly,2013,5,2013-05,98211.83
M1,Money Supply M1: USD mn: Monthly: United Arab Emirates,monthly,2013,6,2013-06,99654.17
M1,Money Supply M1: USD mn: Monthly: United Arab Emirates,monthly,2013,7,2013-07,99122.38
M1,Money Supply M1: USD mn: Monthly: United Arab Emirates,monthly,2013,8,2013-08,100033.21
M1,Money Supply M1: USD mn: Monthly: United Arab Emirates,monthly,2013,9,2013-09,104932.87
M1,Money Supply M1: USD mn: Monthly: United Arab Emirates,monthly,2013,10,2013-10,103697.47
M1,Money Supply M1: USD mn: Monthly: United Arab Emirates,monthly,2013,11,2013-11,106910.54
M1,Money Supply M1: USD mn: Monthly: United Arab Emirates,monthly,2013,12,2013-12,112293.52
M1,Money Supply M1: USD mn: Monthly: United Arab Emirates,monthly,2014,1,2014-01,111240.01
M1,Money Supply M1: USD mn: Monthly: United Arab Emirates,monthly,2014,2,2014-02,113254.99
M1,Money Supply M1: USD mn: Monthly: United Arab Emirates,monthly,2014,3,2014-03,120676.09
M1,Money Supply M1: USD mn: Monthly: United Arab Emirates,monthly,2014,4,2014-04,121342.12
M1,Money Supply M1: USD mn: Monthly: United Arab Emirates,monthly,2014,5,2014-05,121941.17
M1,Money Supply M1: USD mn: Monthly: United Arab Emirates,monthly,2014,6,2014-06,127045.59
M1,Money Supply M1: USD mn: Monthly: United Arab Emirates,monthly,2014,7,2014-07,123329.87
M1,Money Supply M1: USD mn: Monthly: United Arab Emirates,monthly,2014,8,2014-08,122730.82
M1,Money Supply M1: USD mn: Monthly: United Arab Emirates,monthly,2014,9,2014-09,126319.93
M1,Money Supply M1: USD mn: Monthly: United Arab Emirates,monthly,2014,10,2014-10,123711.08
M1,Money Supply M1: USD mn: Monthly: United Arab Emirates,monthly,2014,11,2014-11,125589.91
M1,Money Supply M1: USD mn: Monthly: United Arab Emirates,monthly,2014,12,2014-12,124019.32
M1,Money Supply M1: USD mn: Monthly: United Arab Emirates,monthly,2015,1,2015-01,125966.22
M1,Money Supply M1: USD mn: Monthly: United Arab Emirates,monthly,2015,2,2015-02,127982.29
M1,Money Supply M1: USD mn: Monthly: United Arab Emirates,monthly,2015,3,2015-03,129674.05
M1,Money Supply M1: USD mn: Monthly: United Arab Emirates,monthly,2015,4,2015-04,130426.67
M1,Money Supply M1: USD mn: Monthly: United Arab Emirates,monthly,2015,5,2015-05,133107.95
M1,Money Supply M1: USD mn: Monthly: United Arab Emirates,monthly,2015,6,2015-06,131655.53
M1,Money Supply M1: USD mn: Monthly: United Arab Emirates,monthly,2015,7,2015-07,130754.51
M1,Money Supply M1: USD mn: Monthly: United Arab Emirates,monthly,2015,8,2015-08,129694.74
M1,Money Supply M1: USD mn: Monthly: United Arab Emirates,monthly,2015,9,2015-09,128791.54
M1,Money Supply M1: USD mn: Monthly: United Arab Emirates,monthly,2015,10,2015-10,129356.83
M1,Money Supply M1: USD mn: Monthly: United Arab Emirates,monthly,2015,11,2015-11,129796.58
M1,Money Supply M1: USD mn: Monthly: United Arab Emirates,monthly,2015,12,2015-12,129683.58
M1,Money Supply M1: USD mn: Monthly: United Arab Emirates,monthly,2016,1,2016-01,134178.88
M1,Money Supply M1: USD mn: Monthly: United Arab Emirates,monthly,2016,2,2016-02,134431.3
M1,Money Supply M1: USD mn: Monthly: United Arab Emirates,monthly,2016,3,2016-03,138771.39
M1,Money Supply M1: USD mn: Monthly: United Arab Emirates,monthly,2016,4,2016-04,139615.23
M1,Money Supply M1: USD mn: Monthly: United Arab Emirates,monthly,2016,5,2016-05,138397.26
M1,Money Supply M1: USD mn: Monthly: United Arab Emirates,monthly,2016,6,2016-06,136240.69
M1,Money Supply M1: USD mn: Monthly: United Arab Emirates,monthly,2016,7,2016-07,133210.33
M1,Money Supply M1: USD mn: Monthly: United Arab Emirates,monthly,2016,8,2016-08,134144.03
M1,Money Supply M1: USD mn: Monthly: United Arab Emirates,monthly,2016,9,2016-09,133922.65
M1,Money Supply M1: USD mn: Monthly: United Arab Emirates,monthly,2016,10,2016-10,133897.33
M1,Money Supply M1: USD mn: Monthly: United Arab Emirates,monthly,2016,11,2016-11,133952.06
M1,Money Supply M1: USD mn: Monthly: United Arab Emirates,monthly,2016,12,2016-12,134345.25
M1,Money Supply M1: USD mn: Monthly: United Arab Emirates,monthly,2017,1,2017-01,135926.47
M1,Money Supply M1: USD mn: Monthly: United Arab Emirates,monthly,2017,2,2017-02,138408.15
M1,Money Supply M1: USD mn: Monthly: United Arab Emirates,monthly,2017,3,2017-03,142621.09
M1,Money Supply M1: USD mn: Monthly: United Arab Emirates,monthly,2017,4,2017-04,143395.22
M1,Money Supply M1: USD mn: Monthly: United Arab Emirates,monthly,2017,5,2017-05,142603.93
M1,Money Supply M1: USD mn: Monthly: United Arab Emirates,monthly,2017,6,2017-06,143323.06
M1,Money Supply M1: USD mn: Monthly: United Arab Emirates,monthly,2017,7,2017-07,140740.63
M1,Money Supply M1: USD mn: Monthly: United Arab Emirates,monthly,2017,8,2017-08,139576.57
M1,Money Supply M1: USD mn: Monthly: United Arab Emirates,monthly,2017,9,2017-09,138371.12
M1,Money Supply M1: USD mn: Monthly: United Arab Emirates,monthly,2017,10,2017-10,139237.29
M1,Money Supply M1: USD mn: Monthly: United Arab Emirates,monthly,2017,11,2017-11,138770.58
M1,Money Supply M1: USD mn: Monthly: United Arab Emirates,monthly,2017,12,2017-12,139331.5
M1,Money Supply M1: USD mn: Monthly: United Arab Emirates,monthly,2018,1,2018-01,140846.0
M1,Money Supply M1: USD mn: Monthly: United Arab Emirates,monthly,2018,2,2018-02,144047.36
M1,Money Supply M1: USD mn: Monthly: United Arab Emirates,monthly,2018,3,2018-03,144301.69
M1,Money Supply M1: USD mn: Monthly: United Arab Emirates,monthly,2018,4,2018-04,146133.95
M1,Money Supply M1: USD mn: Monthly: United Arab Emirates,monthly,2018,5,2018-05,141461.12
M1,Money Supply M1: USD mn: Monthly: United Arab Emirates,monthly,2018,6,2018-06,140190.86
M1,Money Supply M1: USD mn: Monthly: United Arab Emirates,monthly,2018,7,2018-07,140418.5
M1,Money Supply M1: USD mn: Monthly: United Arab Emirates,monthly,2018,8,2018-08,138166.09
M1,Money Supply M1: USD mn: Monthly: United Arab Emirates,monthly,2018,9,2018-09,137091.07
M1,Money Supply M1: USD mn: Monthly: United Arab Emirates,monthly,2018,10,2018-10,135204.07
M1,Money Supply M1: USD mn: Monthly: United Arab Emirates,monthly,2018,11,2018-11,135835.25
M1,Money Supply M1: USD mn: Monthly: United Arab Emirates,monthly,2018,12,2018-12,137516.12
M1,Money Supply M1: USD mn: Monthly: United Arab Emirates,monthly,2019,1,2019-01,137570.31
M1,Money Supply M1: USD mn: Monthly: United Arab Emirates,monthly,2019,2,2019-02,141704.27
M1,Money Supply M1: USD mn: Monthly: United Arab Emirates,monthly,2019,3,2019-03,144680.72
M1,Money Supply M1: USD mn: Monthly: United Arab Emirates,monthly,2019,4,2019-04,143375.07
M1,Money Supply M1: USD mn: Monthly: United Arab Emirates,monthly,2019,5,2019-05,143348.11
M1,Money Supply M1: USD mn: Monthly: United Arab Emirates,monthly,2019,6,2019-06,143544.71
M1,Money Supply M1: USD mn: Monthly: United Arab Emirates,monthly,2019,7,2019-07,142128.24
M1,Money Supply M1: USD mn: Monthly: United Arab Emirates,monthly,2019,8,2019-08,143872.28
M1,Money Supply M1: USD mn: Monthly: United Arab Emirates,monthly,2019,9,2019-09,144639.6
M1,Money Supply M1: USD mn: Monthly: United Arab Emirates,monthly,2019,10,2019-10,142963.91
M1,Money Supply M1: USD mn: Monthly: United Arab Emirates,monthly,2019,11,2019-11,144691.61
M1,Money Supply M1: USD mn: Monthly: United Arab Emirates,monthly,2019,12,2019-12,145511.22
M1,Money Supply M1: USD mn: Monthly: United Arab Emirates,monthly,2020,1,2020-01,152431.03
M1,Money Supply M1: USD mn: Monthly: United Arab Emirates,monthly,2020,2,2020-02,149399.03
M1,Money Supply M1: USD mn: Monthly: United Arab Emirates,monthly,2020,3,2020-03,153031.98
M1,Money Supply M1: USD mn: Monthly: United Arab Emirates,monthly,2020,4,2020-04,157842.06
M1,Money Supply M1: USD mn: Monthly: United Arab Emirates,monthly,2020,5,2020-05,158929.33
M1,Money Supply M1: USD mn: Monthly: United Arab Emirates,monthly,2020,6,2020-06,157043.69
M1,Money Supply M1: USD mn: Monthly: United Arab Emirates,monthly,2020,7,2020-07,157616.05
M1,Money Supply M1: USD mn: Monthly: United Arab Emirates,monthly,2020,8,2020-08,159638.65
M1,Money Supply M1: USD mn: Monthly: United Arab Emirates,monthly,2020,9,2020-09,159928.1
M1,Money Supply M1: USD mn: Monthly: United Arab Emirates,monthly,2020,10,2020-10,161718.16
M1,Money Supply M1: USD mn: Monthly: United Arab Emirates,monthly,2020,11,2020-11,164425.85
M1,Money Supply M1: USD mn: Monthly: United Arab Emirates,monthly,2020,12,2020-12,168655.94
M1,Money Supply M1: USD mn: Monthly: United Arab Emirates,monthly,2021,1,2021-01,172328.37
M1,Money Supply M1: USD mn: Monthly: United Arab Emirates,monthly,2021,2,2021-02,175437.97
M1,Money Supply M1: USD mn: Monthly: United Arab Emirates,monthly,2021,3,2021-03,180160.64
M1,Money Supply M1: USD mn: Monthly: United Arab Emirates,monthly,2021,4,2021-04,180738.72
M1,Money Supply M1: USD mn: Monthly: United Arab Emirates,monthly,2021,5,2021-05,181270.51
M1,Money Supply M1: USD mn: Monthly: United Arab Emirates,monthly,2021,6,2021-06,184859.07
M1,Money Supply M1: USD mn: Monthly: United Arab Emirates,monthly,2021,7,2021-07,183334.77
M1,Money Supply M1: USD mn: Monthly: United Arab Emirates,monthly,2021,8,2021-08,185290.12
M1,Money Supply M1: USD mn: Monthly: United Arab Emirates,monthly,2021,9,2021-09,187287.66
M1,Money Supply M1: USD mn: Monthly: United Arab Emirates,monthly,2021,10,2021-10,188147.3
M1,Money Supply M1: USD mn: Monthly: United Arab Emirates,monthly,2021,11,2021-11,192067.24
M1,Money Supply M1: USD mn: Monthly: United Arab Emirates,monthly,2021,12,2021-12,196373.57
M1,Money Supply M1: USD mn: Monthly: United Arab Emirates,monthly,2022,1,2022-01,197645.73
M1,Money Supply M1: USD mn: Monthly: United Arab Emirates,monthly,2022,2,2022-02,199168.13
M1,Money Supply M1: USD mn: Monthly: United Arab Emirates,monthly,2022,3,2022-03,203547.43
M1,Money Supply M1: USD mn: Monthly: United Arab Emirates,monthly,2022,4,2022-04,204128.24
M1,Money Supply M1: USD mn: Monthly: United Arab Emirates,monthly,2022,5,2022-05,198619.45
M1,Money Supply M1: USD mn: Monthly: United Arab Emirates,monthly,2022,6,2022-06,202994.68
M1,Money Supply M1: USD mn: Monthly: United Arab Emirates,monthly,2022,7,2022-07,201479.9
M1,Money Supply M1: USD mn: Monthly: United Arab Emirates,monthly,2022,8,2022-08,201154.78
M1,Money Supply M1: USD mn: Monthly: United Arab Emirates,monthly,2022,9,2022-09,202109.45
M1,Money Supply M1: USD mn: Monthly: United Arab Emirates,monthly,2022,10,2022-10,202148.11
M1,Money Supply M1: USD mn: Monthly: United Arab Emirates,monthly,2022,11,2022-11,203941.99
M1,Money Supply M1: USD mn: Monthly: United Arab Emirates,monthly,2022,12,2022-12,206096.92
M1,Money Supply M1: USD mn: Monthly: United Arab Emirates,monthly,2023,1,2023-01,210039.74
M1,Money Supply M1: USD mn: Monthly: United Arab Emirates,monthly,2023,2,2023-02,212767.85
M1,Money Supply M1: USD mn: Monthly: United Arab Emirates,monthly,2023,3,2023-03,212010.88
M1,Money Supply M1: USD mn: Monthly: United Arab Emirates,monthly,2023,4,2023-04,216366.49
M1,Money Supply M1: USD mn: Monthly: United Arab Emirates,monthly,2023,5,2023-05,223493.25
M1,Money Supply M1: USD mn: Monthly: United Arab Emirates,monthly,2023,6,2023-06,218746.34
M1,Money Supply M1: USD mn: Monthly: United Arab Emirates,monthly,2023,7,2023-07,218122.52
M1,Money Supply M1: USD mn: Monthly: United Arab Emirates,monthly,2023,8,2023-08,217091.34
M1,Money Supply M1: USD mn: Monthly: United Arab Emirates,monthly,2023,9,2023-09,221864.66
M1,Money Supply M1: USD mn: Monthly: United Arab Emirates,monthly,2023,10,2023-10,222899.92
M1,Money Supply M1: USD mn: Monthly: United Arab Emirates,monthly,2023,11,2023-11,222398.08
M1,Money Supply M1: USD mn: Monthly: United Arab Emirates,monthly,2023,12,2023-12,231065.47
M1,Money Supply M1: USD mn: Monthly: United Arab Emirates,monthly,2024,1,2024-01,231273.23
M1,Money Supply M1: USD mn: Monthly: United Arab Emirates,monthly,2024,2,2024-02,235899.78
M1,Money Supply M1: USD mn: Monthly: United Arab Emirates,monthly,2024,3,2024-03,244334.36
M1,Money Supply M1: USD mn: Monthly: United Arab Emirates,monthly,2024,4,2024-04,248254.31
M1,Money Supply M1: USD mn: Monthly: United Arab Emirates,monthly,2024,5,2024-05,244685.08
M1,Money Supply M1: USD mn: Monthly: United Arab Emirates,monthly,2024,6,2024-06,245993.18
M1,Money Supply M1: USD mn: Monthly: United Arab Emirates,monthly,2024,7,2024-07,247400.67
M1,Money Supply M1: USD mn: Monthly: United Arab Emirates,monthly,2024,8,2024-08,247085.98
M1,Money Supply M1: USD mn: Monthly: United Arab Emirates,monthly,2024,9,2024-09,249325.7
M1,Money Supply M1: USD mn: Monthly: United Arab Emirates,monthly,2024,10,2024-10,253025.68
M1,Money Supply M1: USD mn: Monthly: United Arab Emirates,monthly,2024,11,2024-11,257075.11
M1,Money Supply M1: USD mn: Monthly: United Arab Emirates,monthly,2024,12,2024-12,262944.34
M1,Money Supply M1: USD mn: Monthly: United Arab Emirates,monthly,2025,1,2025-01,268086.62
M1,Money Supply M1: USD mn: Monthly: United Arab Emirates,monthly,2025,2,2025-02,272790.21
M1,Money Supply M1: USD mn: Monthly: United Arab Emirates,monthly,2025,3,2025-03,273802.65
M1,Money Supply M1: USD mn: Monthly: United Arab Emirates,monthly,2025,4,2025-04,280800.97
M1,Money Supply M1: USD mn: Monthly: United Arab Emirates,monthly,2025,5,2025-05,281797.42
M1,Money Supply M1: USD mn: Monthly: United Arab Emirates,monthly,2025,6,2025-06,284671.26
M1,Money Supply M1: USD mn: Monthly: United Arab Emirates,monthly,2025,7,2025-07,285618.73
M1,Money Supply M1: USD mn: Monthly: United Arab Emirates,monthly,2025,8,2025-08,285359.67
M1,Money Supply M1: USD mn: Monthly: United Arab Emirates,monthly,2025,9,2025-09,286481.31
M1,Money Supply M1: USD mn: Monthly: United Arab Emirates,monthly,2025,10,2025-10,295499.07
M1,Money Supply M1: USD mn: Monthly: United Arab Emirates,monthly,2025,11,2025-11,290662.32
M1,Money Supply M1: USD mn: Monthly: United Arab Emirates,monthly,2025,12,2025-12,296503.52
M1,Money Supply M1: USD mn: Monthly: United Arab Emirates,monthly,2026,1,2026-01,299704.01
M1,Money Supply M1: USD mn: Monthly: United Arab Emirates,monthly,2026,2,2026-02,304738.83
M2,Money Supply M2: USD mn: Monthly: United Arab Emirates,monthly,1991,6,1991-06,29388.83
M2,Money Supply M2: USD mn: Monthly: United Arab Emirates,monthly,1991,7,1991-07,29119.15
M2,Money Supply M2: USD mn: Monthly: United Arab Emirates,monthly,1991,8,1991-08,29092.73
M2,Money Supply M2: USD mn: Monthly: United Arab Emirates,monthly,1991,9,1991-09,29084.01
M2,Money Supply M2: USD mn: Monthly: United Arab Emirates,monthly,1991,10,1991-10,29302.48
M2,Money Supply M2: USD mn: Monthly: United Arab Emirates,monthly,1991,11,1991-11,29578.43
M2,Money Supply M2: USD mn: Monthly: United Arab Emirates,monthly,1991,12,1991-12,30129.78
M2,Money Supply M2: USD mn: Monthly: United Arab Emirates,monthly,1992,1,1992-01,29980.77
M2,Money Supply M2: USD mn: Monthly: United Arab Emirates,monthly,1992,2,1992-02,30211.77
M2,Money Supply M2: USD mn: Monthly: United Arab Emirates,monthly,1992,3,1992-03,30136.59
M2,Money Supply M2: USD mn: Monthly: United Arab Emirates,monthly,1992,4,1992-04,29924.11
M2,Money Supply M2: USD mn: Monthly: United Arab Emirates,monthly,1992,5,1992-05,30113.98
M2,Money Supply M2: USD mn: Monthly: United Arab Emirates,monthly,1992,6,1992-06,30189.7
M2,Money Supply M2: USD mn: Monthly: United Arab Emirates,monthly,1992,7,1992-07,29757.4
M2,Money Supply M2: USD mn: Monthly: United Arab Emirates,monthly,1992,8,1992-08,29917.03
M2,Money Supply M2: USD mn: Monthly: United Arab Emirates,monthly,1992,9,1992-09,30012.91
M2,Money Supply M2: USD mn: Monthly: United Arab Emirates,monthly,1992,10,1992-10,30107.17
M2,Money Supply M2: USD mn: Monthly: United Arab Emirates,monthly,1992,11,1992-11,30434.05
M2,Money Supply M2: USD mn: Monthly: United Arab Emirates,monthly,1992,12,1992-12,30965.24
M2,Money Supply M2: USD mn: Monthly: United Arab Emirates,monthly,1993,1,1993-01,30955.44
M2,Money Supply M2: USD mn: Monthly: United Arab Emirates,monthly,1993,2,1993-02,31261.62
M2,Money Supply M2: USD mn: Monthly: United Arab Emirates,monthly,1993,3,1993-03,30494.53
M2,Money Supply M2: USD mn: Monthly: United Arab Emirates,monthly,1993,4,1993-04,30615.2
M2,Money Supply M2: USD mn: Monthly: United Arab Emirates,monthly,1993,5,1993-05,31052.68
M2,Money Supply M2: USD mn: Monthly: United Arab Emirates,monthly,1993,6,1993-06,31077.2
M2,Money Supply M2: USD mn: Monthly: United Arab Emirates,monthly,1993,7,1993-07,29497.52
M2,Money Supply M2: USD mn: Monthly: United Arab Emirates,monthly,1993,8,1993-08,29468.38
M2,Money Supply M2: USD mn: Monthly: United Arab Emirates,monthly,1993,9,1993-09,29441.41
M2,Money Supply M2: USD mn: Monthly: United Arab Emirates,monthly,1993,10,1993-10,29648.71
M2,Money Supply M2: USD mn: Monthly: United Arab Emirates,monthly,1993,11,1993-11,29814.6
M2,Money Supply M2: USD mn: Monthly: United Arab Emirates,monthly,1993,12,1993-12,30666.69
M2,Money Supply M2: USD mn: Monthly: United Arab Emirates,monthly,1994,1,1994-01,30360.78
M2,Money Supply M2: USD mn: Monthly: United Arab Emirates,monthly,1994,2,1994-02,30456.93
M2,Money Supply M2: USD mn: Monthly: United Arab Emirates,monthly,1994,3,1994-03,30496.43
M2,Money Supply M2: USD mn: Monthly: United Arab Emirates,monthly,1994,4,1994-04,30746.23
M2,Money Supply M2: USD mn: Monthly: United Arab Emirates,monthly,1994,5,1994-05,30885.16
M2,Money Supply M2: USD mn: Monthly: United Arab Emirates,monthly,1994,6,1994-06,30960.07
M2,Money Supply M2: USD mn: Monthly: United Arab Emirates,monthly,1994,7,1994-07,31197.6
M2,Money Supply M2: USD mn: Monthly: United Arab Emirates,monthly,1994,8,1994-08,31025.17
M2,Money Supply M2: USD mn: Monthly: United Arab Emirates,monthly,1994,9,1994-09,31203.87
M2,Money Supply M2: USD mn: Monthly: United Arab Emirates,monthly,1994,10,1994-10,31384.2
M2,Money Supply M2: USD mn: Monthly: United Arab Emirates,monthly,1994,11,1994-11,31571.62
M2,Money Supply M2: USD mn: Monthly: United Arab Emirates,monthly,1994,12,1994-12,32138.49
M2,Money Supply M2: USD mn: Monthly: United Arab Emirates,monthly,1995,1,1995-01,31985.4
M2,Money Supply M2: USD mn: Monthly: United Arab Emirates,monthly,1995,2,1995-02,32325.36
M2,Money Supply M2: USD mn: Monthly: United Arab Emirates,monthly,1995,3,1995-03,32491.53
M2,Money Supply M2: USD mn: Monthly: United Arab Emirates,monthly,1995,4,1995-04,32863.36
M2,Money Supply M2: USD mn: Monthly: United Arab Emirates,monthly,1995,5,1995-05,33042.33
M2,Money Supply M2: USD mn: Monthly: United Arab Emirates,monthly,1995,6,1995-06,33250.18
M2,Money Supply M2: USD mn: Monthly: United Arab Emirates,monthly,1995,7,1995-07,33249.63
M2,Money Supply M2: USD mn: Monthly: United Arab Emirates,monthly,1995,8,1995-08,33341.43
M2,Money Supply M2: USD mn: Monthly: United Arab Emirates,monthly,1995,9,1995-09,33593.41
M2,Money Supply M2: USD mn: Monthly: United Arab Emirates,monthly,1995,10,1995-10,33768.29
M2,Money Supply M2: USD mn: Monthly: United Arab Emirates,monthly,1995,11,1995-11,33981.04
M2,Money Supply M2: USD mn: Monthly: United Arab Emirates,monthly,1995,12,1995-12,34193.25
M2,Money Supply M2: USD mn: Monthly: United Arab Emirates,monthly,1996,1,1996-01,33277.96
M2,Money Supply M2: USD mn: Monthly: United Arab Emirates,monthly,1996,2,1996-02,33434.87
M2,Money Supply M2: USD mn: Monthly: United Arab Emirates,monthly,1996,3,1996-03,33565.08
M2,Money Supply M2: USD mn: Monthly: United Arab Emirates,monthly,1996,4,1996-04,33899.05
M2,Money Supply M2: USD mn: Monthly: United Arab Emirates,monthly,1996,5,1996-05,34371.13
M2,Money Supply M2: USD mn: Monthly: United Arab Emirates,monthly,1996,6,1996-06,34860.91
M2,Money Supply M2: USD mn: Monthly: United Arab Emirates,monthly,1996,7,1996-07,34736.97
M2,Money Supply M2: USD mn: Monthly: United Arab Emirates,monthly,1996,8,1996-08,35285.32
M2,Money Supply M2: USD mn: Monthly: United Arab Emirates,monthly,1996,9,1996-09,35148.57
M2,Money Supply M2: USD mn: Monthly: United Arab Emirates,monthly,1996,10,1996-10,34810.79
M2,Money Supply M2: USD mn: Monthly: United Arab Emirates,monthly,1996,11,1996-11,35066.58
M2,Money Supply M2: USD mn: Monthly: United Arab Emirates,monthly,1996,12,1996-12,35725.8
M2,Money Supply M2: USD mn: Monthly: United Arab Emirates,monthly,1997,1,1997-01,35809.15
M2,Money Supply M2: USD mn: Monthly: United Arab Emirates,monthly,1997,2,1997-02,35918.66
M2,Money Supply M2: USD mn: Monthly: United Arab Emirates,monthly,1997,3,1997-03,36162.74
M2,Money Supply M2: USD mn: Monthly: United Arab Emirates,monthly,1997,4,1997-04,36353.97
M2,Money Supply M2: USD mn: Monthly: United Arab Emirates,monthly,1997,5,1997-05,37049.14
M2,Money Supply M2: USD mn: Monthly: United Arab Emirates,monthly,1997,6,1997-06,36507.06
M2,Money Supply M2: USD mn: Monthly: United Arab Emirates,monthly,1997,7,1997-07,36061.4
M2,Money Supply M2: USD mn: Monthly: United Arab Emirates,monthly,1997,8,1997-08,36655.25
M2,Money Supply M2: USD mn: Monthly: United Arab Emirates,monthly,1997,9,1997-09,36670.5
M2,Money Supply M2: USD mn: Monthly: United Arab Emirates,monthly,1997,10,1997-10,36927.38
M2,Money Supply M2: USD mn: Monthly: United Arab Emirates,monthly,1997,11,1997-11,37235.74
M2,Money Supply M2: USD mn: Monthly: United Arab Emirates,monthly,1997,12,1997-12,37858.53
M2,Money Supply M2: USD mn: Monthly: United Arab Emirates,monthly,1998,1,1998-01,37953.56
M2,Money Supply M2: USD mn: Monthly: United Arab Emirates,monthly,1998,2,1998-02,38559.41
M2,Money Supply M2: USD mn: Monthly: United Arab Emirates,monthly,1998,3,1998-03,38376.71
M2,Money Supply M2: USD mn: Monthly: United Arab Emirates,monthly,1998,4,1998-04,38538.72
M2,Money Supply M2: USD mn: Monthly: United Arab Emirates,monthly,1998,5,1998-05,38599.44
M2,Money Supply M2: USD mn: Monthly: United Arab Emirates,monthly,1998,6,1998-06,38968.67
M2,Money Supply M2: USD mn: Monthly: United Arab Emirates,monthly,1998,7,1998-07,38931.37
M2,Money Supply M2: USD mn: Monthly: United Arab Emirates,monthly,1998,8,1998-08,39119.25
M2,Money Supply M2: USD mn: Monthly: United Arab Emirates,monthly,1998,9,1998-09,38909.04
M2,Money Supply M2: USD mn: Monthly: United Arab Emirates,monthly,1998,10,1998-10,39009.52
M2,Money Supply M2: USD mn: Monthly: United Arab Emirates,monthly,1998,11,1998-11,38879.63
M2,Money Supply M2: USD mn: Monthly: United Arab Emirates,monthly,1998,12,1998-12,38939.27
M2,Money Supply M2: USD mn: Monthly: United Arab Emirates,monthly,1999,1,1999-01,38974.66
M2,Money Supply M2: USD mn: Monthly: United Arab Emirates,monthly,1999,2,1999-02,39445.46
M2,Money Supply M2: USD mn: Monthly: United Arab Emirates,monthly,1999,3,1999-03,39935.59
M2,Money Supply M2: USD mn: Monthly: United Arab Emirates,monthly,1999,4,1999-04,39698.69
M2,Money Supply M2: USD mn: Monthly: United Arab Emirates,monthly,1999,5,1999-05,40243.01
M2,Money Supply M2: USD mn: Monthly: United Arab Emirates,monthly,1999,6,1999-06,40494.06
M2,Money Supply M2: USD mn: Monthly: United Arab Emirates,monthly,1999,7,1999-07,40518.3
M2,Money Supply M2: USD mn: Monthly: United Arab Emirates,monthly,1999,8,1999-08,40394.13
M2,Money Supply M2: USD mn: Monthly: United Arab Emirates,monthly,1999,9,1999-09,40490.8
M2,Money Supply M2: USD mn: Monthly: United Arab Emirates,monthly,1999,10,1999-10,41020.41
M2,Money Supply M2: USD mn: Monthly: United Arab Emirates,monthly,1999,11,1999-11,41129.33
M2,Money Supply M2: USD mn: Monthly: United Arab Emirates,monthly,1999,12,1999-12,46714.62
M2,Money Supply M2: USD mn: Monthly: United Arab Emirates,monthly,2000,1,2000-01,41908.63
M2,Money Supply M2: USD mn: Monthly: United Arab Emirates,monthly,2000,2,2000-02,42234.84
M2,Money Supply M2: USD mn: Monthly: United Arab Emirates,monthly,2000,3,2000-03,47581.61
M2,Money Supply M2: USD mn: Monthly: United Arab Emirates,monthly,2000,4,2000-04,42913.4
M2,Money Supply M2: USD mn: Monthly: United Arab Emirates,monthly,2000,5,2000-05,44408.29
M2,Money Supply M2: USD mn: Monthly: United Arab Emirates,monthly,2000,6,2000-06,48654.72
M2,Money Supply M2: USD mn: Monthly: United Arab Emirates,monthly,2000,7,2000-07,44246.82
M2,Money Supply M2: USD mn: Monthly: United Arab Emirates,monthly,2000,8,2000-08,44310.81
M2,Money Supply M2: USD mn: Monthly: United Arab Emirates,monthly,2000,9,2000-09,44735.32
M2,Money Supply M2: USD mn: Monthly: United Arab Emirates,monthly,2000,10,2000-10,45198.22
M2,Money Supply M2: USD mn: Monthly: United Arab Emirates,monthly,2000,11,2000-11,45322.11
M2,Money Supply M2: USD mn: Monthly: United Arab Emirates,monthly,2000,12,2000-12,50570.58
M2,Money Supply M2: USD mn: Monthly: United Arab Emirates,monthly,2001,1,2001-01,51300.05
M2,Money Supply M2: USD mn: Monthly: United Arab Emirates,monthly,2001,2,2001-02,51965.27
M2,Money Supply M2: USD mn: Monthly: United Arab Emirates,monthly,2001,3,2001-03,52275.68
M2,Money Supply M2: USD mn: Monthly: United Arab Emirates,monthly,2001,4,2001-04,52503.05
M2,Money Supply M2: USD mn: Monthly: United Arab Emirates,monthly,2001,5,2001-05,53030.48
M2,Money Supply M2: USD mn: Monthly: United Arab Emirates,monthly,2001,6,2001-06,53861.8
M2,Money Supply M2: USD mn: Monthly: United Arab Emirates,monthly,2001,7,2001-07,53480.31
M2,Money Supply M2: USD mn: Monthly: United Arab Emirates,monthly,2001,8,2001-08,54242.74
M2,Money Supply M2: USD mn: Monthly: United Arab Emirates,monthly,2001,9,2001-09,53683.17
M2,Money Supply M2: USD mn: Monthly: United Arab Emirates,monthly,2001,10,2001-10,53902.91
M2,Money Supply M2: USD mn: Monthly: United Arab Emirates,monthly,2001,11,2001-11,54053.49
M2,Money Supply M2: USD mn: Monthly: United Arab Emirates,monthly,2001,12,2001-12,54638.65
M2,Money Supply M2: USD mn: Monthly: United Arab Emirates,monthly,2002,1,2002-01,54776.43
M2,Money Supply M2: USD mn: Monthly: United Arab Emirates,monthly,2002,2,2002-02,55211.01
M2,Money Supply M2: USD mn: Monthly: United Arab Emirates,monthly,2002,3,2002-03,55746.07
M2,Money Supply M2: USD mn: Monthly: United Arab Emirates,monthly,2002,4,2002-04,56257.44
M2,Money Supply M2: USD mn: Monthly: United Arab Emirates,monthly,2002,5,2002-05,56579.84
M2,Money Supply M2: USD mn: Monthly: United Arab Emirates,monthly,2002,6,2002-06,56604.34
M2,Money Supply M2: USD mn: Monthly: United Arab Emirates,monthly,2002,7,2002-07,56775.34
M2,Money Supply M2: USD mn: Monthly: United Arab Emirates,monthly,2002,8,2002-08,57294.88
M2,Money Supply M2: USD mn: Monthly: United Arab Emirates,monthly,2002,9,2002-09,57695.7
M2,Money Supply M2: USD mn: Monthly: United Arab Emirates,monthly,2002,10,2002-10,59659.48
M2,Money Supply M2: USD mn: Monthly: United Arab Emirates,monthly,2002,11,2002-11,59171.8
M2,Money Supply M2: USD mn: Monthly: United Arab Emirates,monthly,2002,12,2002-12,59314.76
M2,Money Supply M2: USD mn: Monthly: United Arab Emirates,monthly,2003,1,2003-01,59609.65
M2,Money Supply M2: USD mn: Monthly: United Arab Emirates,monthly,2003,2,2003-02,60806.39
M2,Money Supply M2: USD mn: Monthly: United Arab Emirates,monthly,2003,3,2003-03,61300.87
M2,Money Supply M2: USD mn: Monthly: United Arab Emirates,monthly,2003,4,2003-04,62254.17
M2,Money Supply M2: USD mn: Monthly: United Arab Emirates,monthly,2003,5,2003-05,61105.91
M2,Money Supply M2: USD mn: Monthly: United Arab Emirates,monthly,2003,6,2003-06,61958.73
M2,Money Supply M2: USD mn: Monthly: United Arab Emirates,monthly,2003,7,2003-07,64052.13
M2,Money Supply M2: USD mn: Monthly: United Arab Emirates,monthly,2003,8,2003-08,63272.55
M2,Money Supply M2: USD mn: Monthly: United Arab Emirates,monthly,2003,9,2003-09,63750.16
M2,Money Supply M2: USD mn: Monthly: United Arab Emirates,monthly,2003,10,2003-10,64539.81
M2,Money Supply M2: USD mn: Monthly: United Arab Emirates,monthly,2003,11,2003-11,65606.11
M2,Money Supply M2: USD mn: Monthly: United Arab Emirates,monthly,2003,12,2003-12,66652.27
M2,Money Supply M2: USD mn: Monthly: United Arab Emirates,monthly,2004,1,2004-01,67418.23
M2,Money Supply M2: USD mn: Monthly: United Arab Emirates,monthly,2004,2,2004-02,68907.68
M2,Money Supply M2: USD mn: Monthly: United Arab Emirates,monthly,2004,3,2004-03,70102.78
M2,Money Supply M2: USD mn: Monthly: United Arab Emirates,monthly,2004,4,2004-04,70635.66
M2,Money Supply M2: USD mn: Monthly: United Arab Emirates,monthly,2004,5,2004-05,70655.53
M2,Money Supply M2: USD mn: Monthly: United Arab Emirates,monthly,2004,6,2004-06,71593.86
M2,Money Supply M2: USD mn: Monthly: United Arab Emirates,monthly,2004,7,2004-07,71128.78
M2,Money Supply M2: USD mn: Monthly: United Arab Emirates,monthly,2004,8,2004-08,74353.83
M2,Money Supply M2: USD mn: Monthly: United Arab Emirates,monthly,2004,9,2004-09,72607.88
M2,Money Supply M2: USD mn: Monthly: United Arab Emirates,monthly,2004,10,2004-10,74188.28
M2,Money Supply M2: USD mn: Monthly: United Arab Emirates,monthly,2004,11,2004-11,75556.56
M2,Money Supply M2: USD mn: Monthly: United Arab Emirates,monthly,2004,12,2004-12,77991.14
M2,Money Supply M2: USD mn: Monthly: United Arab Emirates,monthly,2005,1,2005-01,81128.24
M2,Money Supply M2: USD mn: Monthly: United Arab Emirates,monthly,2005,2,2005-02,81829.94
M2,Money Supply M2: USD mn: Monthly: United Arab Emirates,monthly,2005,3,2005-03,84172.76
M2,Money Supply M2: USD mn: Monthly: United Arab Emirates,monthly,2005,4,2005-04,90022.18
M2,Money Supply M2: USD mn: Monthly: United Arab Emirates,monthly,2005,5,2005-05,90041.51
M2,Money Supply M2: USD mn: Monthly: United Arab Emirates,monthly,2005,6,2005-06,91269.29
M2,Money Supply M2: USD mn: Monthly: United Arab Emirates,monthly,2005,7,2005-07,93985.96
M2,Money Supply M2: USD mn: Monthly: United Arab Emirates,monthly,2005,8,2005-08,89257.58
M2,Money Supply M2: USD mn: Monthly: United Arab Emirates,monthly,2005,9,2005-09,93967.99
M2,Money Supply M2: USD mn: Monthly: United Arab Emirates,monthly,2005,10,2005-10,94811.29
M2,Money Supply M2: USD mn: Monthly: United Arab Emirates,monthly,2005,11,2005-11,95057.17
M2,Money Supply M2: USD mn: Monthly: United Arab Emirates,monthly,2005,12,2005-12,100270.78
M2,Money Supply M2: USD mn: Monthly: United Arab Emirates,monthly,2006,1,2006-01,101041.1
M2,Money Supply M2: USD mn: Monthly: United Arab Emirates,monthly,2006,2,2006-02,102308.63
M2,Money Supply M2: USD mn: Monthly: United Arab Emirates,monthly,2006,3,2006-03,106807.47
M2,Money Supply M2: USD mn: Monthly: United Arab Emirates,monthly,2006,4,2006-04,107378.2
M2,Money Supply M2: USD mn: Monthly: United Arab Emirates,monthly,2006,5,2006-05,106237.29
M2,Money Supply M2: USD mn: Monthly: United Arab Emirates,monthly,2006,6,2006-06,108381.33
M2,Money Supply M2: USD mn: Monthly: United Arab Emirates,monthly,2006,7,2006-07,109556.56
M2,Money Supply M2: USD mn: Monthly: United Arab Emirates,monthly,2006,8,2006-08,109571.8
M2,Money Supply M2: USD mn: Monthly: United Arab Emirates,monthly,2006,9,2006-09,112248.18
M2,Money Supply M2: USD mn: Monthly: United Arab Emirates,monthly,2006,10,2006-10,113139.13
M2,Money Supply M2: USD mn: Monthly: United Arab Emirates,monthly,2006,11,2006-11,116854.85
M2,Money Supply M2: USD mn: Monthly: United Arab Emirates,monthly,2006,12,2006-12,120755.19
M2,Money Supply M2: USD mn: Monthly: United Arab Emirates,monthly,2007,1,2007-01,122306.18
M2,Money Supply M2: USD mn: Monthly: United Arab Emirates,monthly,2007,2,2007-02,124998.08
M2,Money Supply M2: USD mn: Monthly: United Arab Emirates,monthly,2007,3,2007-03,131354.79
M2,Money Supply M2: USD mn: Monthly: United Arab Emirates,monthly,2007,4,2007-04,136199.99
M2,Money Supply M2: USD mn: Monthly: United Arab Emirates,monthly,2007,5,2007-05,139673.1
M2,Money Supply M2: USD mn: Monthly: United Arab Emirates,monthly,2007,6,2007-06,141470.24
M2,Money Supply M2: USD mn: Monthly: United Arab Emirates,monthly,2007,7,2007-07,143857.99
M2,Money Supply M2: USD mn: Monthly: United Arab Emirates,monthly,2007,8,2007-08,144928.37
M2,Money Supply M2: USD mn: Monthly: United Arab Emirates,monthly,2007,9,2007-09,150067.38
M2,Money Supply M2: USD mn: Monthly: United Arab Emirates,monthly,2007,10,2007-10,156072.01
M2,Money Supply M2: USD mn: Monthly: United Arab Emirates,monthly,2007,11,2007-11,161722.11
M2,Money Supply M2: USD mn: Monthly: United Arab Emirates,monthly,2007,12,2007-12,166067.38
M2,Money Supply M2: USD mn: Monthly: United Arab Emirates,monthly,2008,1,2008-01,174827.08
M2,Money Supply M2: USD mn: Monthly: United Arab Emirates,monthly,2008,2,2008-02,178017.82
M2,Money Supply M2: USD mn: Monthly: United Arab Emirates,monthly,2008,3,2008-03,182038.79
M2,Money Supply M2: USD mn: Monthly: United Arab Emirates,monthly,2008,4,2008-04,188746.21
M2,Money Supply M2: USD mn: Monthly: United Arab Emirates,monthly,2008,5,2008-05,194458.67
M2,Money Supply M2: USD mn: Monthly: United Arab Emirates,monthly,2008,6,2008-06,196200.53
M2,Money Supply M2: USD mn: Monthly: United Arab Emirates,monthly,2008,7,2008-07,198989.64
M2,Money Supply M2: USD mn: Monthly: United Arab Emirates,monthly,2008,8,2008-08,200589.64
M2,Money Supply M2: USD mn: Monthly: United Arab Emirates,monthly,2008,9,2008-09,197563.91
M2,Money Supply M2: USD mn: Monthly: United Arab Emirates,monthly,2008,10,2008-10,194189.91
M2,Money Supply M2: USD mn: Monthly: United Arab Emirates,monthly,2008,11,2008-11,198811.01
M2,Money Supply M2: USD mn: Monthly: United Arab Emirates,monthly,2008,12,2008-12,195640.69
M2,Money Supply M2: USD mn: Monthly: United Arab Emirates,monthly,2009,1,2009-01,198385.42
M2,Money Supply M2: USD mn: Monthly: United Arab Emirates,monthly,2009,2,2009-02,203045.19
M2,Money Supply M2: USD mn: Monthly: United Arab Emirates,monthly,2009,3,2009-03,199504.82
M2,Money Supply M2: USD mn: Monthly: United Arab Emirates,monthly,2009,4,2009-04,203512.17
M2,Money Supply M2: USD mn: Monthly: United Arab Emirates,monthly,2009,5,2009-05,206664.25
M2,Money Supply M2: USD mn: Monthly: United Arab Emirates,monthly,2009,6,2009-06,207560.64
M2,Money Supply M2: USD mn: Monthly: United Arab Emirates,monthly,2009,7,2009-07,210890.8
M2,Money Supply M2: USD mn: Monthly: United Arab Emirates,monthly,2009,8,2009-08,211952.74
M2,Money Supply M2: USD mn: Monthly: United Arab Emirates,monthly,2009,9,2009-09,210490.8
M2,Money Supply M2: USD mn: Monthly: United Arab Emirates,monthly,2009,10,2009-10,214181.74
M2,Money Supply M2: USD mn: Monthly: United Arab Emirates,monthly,2009,11,2009-11,214812.1
M2,Money Supply M2: USD mn: Monthly: United Arab Emirates,monthly,2009,12,2009-12,213695.97
M2,Money Supply M2: USD mn: Monthly: United Arab Emirates,monthly,2010,1,2010-01,214984.19
M2,Money Supply M2: USD mn: Monthly: United Arab Emirates,monthly,2010,2,2010-02,215518.98
M2,Money Supply M2: USD mn: Monthly: United Arab Emirates,monthly,2010,3,2010-03,215707.68
M2,Money Supply M2: USD mn: Monthly: United Arab Emirates,monthly,2010,4,2010-04,216436.61
M2,Money Supply M2: USD mn: Monthly: United Arab Emirates,monthly,2010,5,2010-05,214743.49
M2,Money Supply M2: USD mn: Monthly: United Arab Emirates,monthly,2010,6,2010-06,218217.41
M2,Money Supply M2: USD mn: Monthly: United Arab Emirates,monthly,2010,7,2010-07,221230.08
M2,Money Supply M2: USD mn: Monthly: United Arab Emirates,monthly,2010,8,2010-08,219243.15
M2,Money Supply M2: USD mn: Monthly: United Arab Emirates,monthly,2010,9,2010-09,220751.93
M2,Money Supply M2: USD mn: Monthly: United Arab Emirates,monthly,2010,10,2010-10,229179.16
M2,Money Supply M2: USD mn: Monthly: United Arab Emirates,monthly,2010,11,2010-11,225661.93
M2,Money Supply M2: USD mn: Monthly: United Arab Emirates,monthly,2010,12,2010-12,226158.87
M2,Money Supply M2: USD mn: Monthly: United Arab Emirates,monthly,2011,1,2011-01,228564.32
M2,Money Supply M2: USD mn: Monthly: United Arab Emirates,monthly,2011,2,2011-02,234834.7
M2,Money Supply M2: USD mn: Monthly: United Arab Emirates,monthly,2011,3,2011-03,239318.03
M2,Money Supply M2: USD mn: Monthly: United Arab Emirates,monthly,2011,4,2011-04,243621.36
M2,Money Supply M2: USD mn: Monthly: United Arab Emirates,monthly,2011,5,2011-05,241065.88
M2,Money Supply M2: USD mn: Monthly: United Arab Emirates,monthly,2011,6,2011-06,244005.02
M2,Money Supply M2: USD mn: Monthly: United Arab Emirates,monthly,2011,7,2011-07,240197.54
M2,Money Supply M2: USD mn: Monthly: United Arab Emirates,monthly,2011,8,2011-08,235157.37
M2,Money Supply M2: USD mn: Monthly: United Arab Emirates,monthly,2011,9,2011-09,233605.57
M2,Money Supply M2: USD mn: Monthly: United Arab Emirates,monthly,2011,10,2011-10,235011.7
M2,Money Supply M2: USD mn: Monthly: United Arab Emirates,monthly,2011,11,2011-11,235883.04
M2,Money Supply M2: USD mn: Monthly: United Arab Emirates,monthly,2011,12,2011-12,236879.09
M2,Money Supply M2: USD mn: Monthly: United Arab Emirates,monthly,2012,1,2012-01,239565.0
M2,Money Supply M2: USD mn: Monthly: United Arab Emirates,monthly,2012,2,2012-02,245198.76
M2,Money Supply M2: USD mn: Monthly: United Arab Emirates,monthly,2012,3,2012-03,251763.77
M2,Money Supply M2: USD mn: Monthly: United Arab Emirates,monthly,2012,4,2012-04,246000.12
M2,Money Supply M2: USD mn: Monthly: United Arab Emirates,monthly,2012,5,2012-05,238605.7
M2,Money Supply M2: USD mn: Monthly: United Arab Emirates,monthly,2012,6,2012-06,237256.49
M2,Money Supply M2: USD mn: Monthly: United Arab Emirates,monthly,2012,7,2012-07,238727.69
M2,Money Supply M2: USD mn: Monthly: United Arab Emirates,monthly,2012,8,2012-08,239410.33
M2,Money Supply M2: USD mn: Monthly: United Arab Emirates,monthly,2012,9,2012-09,242249.54
M2,Money Supply M2: USD mn: Monthly: United Arab Emirates,monthly,2012,10,2012-10,242038.52
M2,Money Supply M2: USD mn: Monthly: United Arab Emirates,monthly,2012,11,2012-11,248254.99
M2,Money Supply M2: USD mn: Monthly: United Arab Emirates,monthly,2012,12,2012-12,250159.96
M2,Money Supply M2: USD mn: Monthly: United Arab Emirates,monthly,2013,1,2013-01,250324.43
M2,Money Supply M2: USD mn: Monthly: United Arab Emirates,monthly,2013,2,2013-02,258707.82
M2,Money Supply M2: USD mn: Monthly: United Arab Emirates,monthly,2013,3,2013-03,261255.13
M2,Money Supply M2: USD mn: Monthly: United Arab Emirates,monthly,2013,4,2013-04,259548.39
M2,Money Supply M2: USD mn: Monthly: United Arab Emirates,monthly,2013,5,2013-05,261977.79
M2,Money Supply M2: USD mn: Monthly: United Arab Emirates,monthly,2013,6,2013-06,265203.93
M2,Money Supply M2: USD mn: Monthly: United Arab Emirates,monthly,2013,7,2013-07,265626.81
M2,Money Supply M2: USD mn: Monthly: United Arab Emirates,monthly,2013,8,2013-08,267843.01
M2,Money Supply M2: USD mn: Monthly: United Arab Emirates,monthly,2013,9,2013-09,275231.16
M2,Money Supply M2: USD mn: Monthly: United Arab Emirates,monthly,2013,10,2013-10,285277.18
M2,Money Supply M2: USD mn: Monthly: United Arab Emirates,monthly,2013,11,2013-11,294344.57
M2,Money Supply M2: USD mn: Monthly: United Arab Emirates,monthly,2013,12,2013-12,303463.43
M2,Money Supply M2: USD mn: Monthly: United Arab Emirates,monthly,2014,1,2014-01,300362.27
M2,Money Supply M2: USD mn: Monthly: United Arab Emirates,monthly,2014,2,2014-02,304038.24
M2,Money Supply M2: USD mn: Monthly: United Arab Emirates,monthly,2014,3,2014-03,321406.25
M2,Money Supply M2: USD mn: Monthly: United Arab Emirates,monthly,2014,4,2014-04,318006.93
M2,Money Supply M2: USD mn: Monthly: United Arab Emirates,monthly,2014,5,2014-05,318605.98
M2,Money Supply M2: USD mn: Monthly: United Arab Emirates,monthly,2014,6,2014-06,326681.13
M2,Money Supply M2: USD mn: Monthly: United Arab Emirates,monthly,2014,7,2014-07,319559.01
M2,Money Supply M2: USD mn: Monthly: United Arab Emirates,monthly,2014,8,2014-08,319912.99
M2,Money Supply M2: USD mn: Monthly: United Arab Emirates,monthly,2014,9,2014-09,325061.8
M2,Money Supply M2: USD mn: Monthly: United Arab Emirates,monthly,2014,10,2014-10,318524.29
M2,Money Supply M2: USD mn: Monthly: United Arab Emirates,monthly,2014,11,2014-11,322472.55
M2,Money Supply M2: USD mn: Monthly: United Arab Emirates,monthly,2014,12,2014-12,318477.73
M2,Money Supply M2: USD mn: Monthly: United Arab Emirates,monthly,2015,1,2015-01,326022.72
M2,Money Supply M2: USD mn: Monthly: United Arab Emirates,monthly,2015,2,2015-02,329005.98
M2,Money Supply M2: USD mn: Monthly: United Arab Emirates,monthly,2015,3,2015-03,328588.28
M2,Money Supply M2: USD mn: Monthly: United Arab Emirates,monthly,2015,4,2015-04,330075.28
M2,Money Supply M2: USD mn: Monthly: United Arab Emirates,monthly,2015,5,2015-05,334864.38
M2,Money Supply M2: USD mn: Monthly: United Arab Emirates,monthly,2015,6,2015-06,331770.85
M2,Money Supply M2: USD mn: Monthly: United Arab Emirates,monthly,2015,7,2015-07,334621.77
M2,Money Supply M2: USD mn: Monthly: United Arab Emirates,monthly,2015,8,2015-08,331972.35
M2,Money Supply M2: USD mn: Monthly: United Arab Emirates,monthly,2015,9,2015-09,327431.03
M2,Money Supply M2: USD mn: Monthly: United Arab Emirates,monthly,2015,10,2015-10,329782.29
M2,Money Supply M2: USD mn: Monthly: United Arab Emirates,monthly,2015,11,2015-11,329270.37
M2,Money Supply M2: USD mn: Monthly: United Arab Emirates,monthly,2015,12,2015-12,335193.86
M2,Money Supply M2: USD mn: Monthly: United Arab Emirates,monthly,2016,1,2016-01,337139.13
M2,Money Supply M2: USD mn: Monthly: United Arab Emirates,monthly,2016,2,2016-02,337206.39
M2,Money Supply M2: USD mn: Monthly: United Arab Emirates,monthly,2016,3,2016-03,343818.77
M2,Money Supply M2: USD mn: Monthly: United Arab Emirates,monthly,2016,4,2016-04,339632.53
M2,Money Supply M2: USD mn: Monthly: United Arab Emirates,monthly,2016,5,2016-05,335089.84
M2,Money Supply M2: USD mn: Monthly: United Arab Emirates,monthly,2016,6,2016-06,333450.91
M2,Money Supply M2: USD mn: Monthly: United Arab Emirates,monthly,2016,7,2016-07,336402.85
M2,Money Supply M2: USD mn: Monthly: United Arab Emirates,monthly,2016,8,2016-08,334401.76
M2,Money Supply M2: USD mn: Monthly: United Arab Emirates,monthly,2016,9,2016-09,338856.76
M2,Money Supply M2: USD mn: Monthly: United Arab Emirates,monthly,2016,10,2016-10,339687.26
M2,Money Supply M2: USD mn: Monthly: United Arab Emirates,monthly,2016,11,2016-11,342293.38
M2,Money Supply M2: USD mn: Monthly: United Arab Emirates,monthly,2016,12,2016-12,345713.4
M2,Money Supply M2: USD mn: Monthly: United Arab Emirates,monthly,2017,1,2017-01,346997.81
M2,Money Supply M2: USD mn: Monthly: United Arab Emirates,monthly,2017,2,2017-02,350824.08
M2,Money Supply M2: USD mn: Monthly: United Arab Emirates,monthly,2017,3,2017-03,358455.13
M2,Money Supply M2: USD mn: Monthly: United Arab Emirates,monthly,2017,4,2017-04,358863.02
M2,Money Supply M2: USD mn: Monthly: United Arab Emirates,monthly,2017,5,2017-05,359072.69
M2,Money Supply M2: USD mn: Monthly: United Arab Emirates,monthly,2017,6,2017-06,357040.83
M2,Money Supply M2: USD mn: Monthly: United Arab Emirates,monthly,2017,7,2017-07,356321.7
M2,Money Supply M2: USD mn: Monthly: United Arab Emirates,monthly,2017,8,2017-08,351188.41
M2,Money Supply M2: USD mn: Monthly: United Arab Emirates,monthly,2017,9,2017-09,354338.58
M2,Money Supply M2: USD mn: Monthly: United Arab Emirates,monthly,2017,10,2017-10,350791.14
M2,Money Supply M2: USD mn: Monthly: United Arab Emirates,monthly,2017,11,2017-11,352083.99
M2,Money Supply M2: USD mn: Monthly: United Arab Emirates,monthly,2017,12,2017-12,359515.44
M2,Money Supply M2: USD mn: Monthly: United Arab Emirates,monthly,2018,1,2018-01,359785.28
M2,Money Supply M2: USD mn: Monthly: United Arab Emirates,monthly,2018,2,2018-02,361909.45
M2,Money Supply M2: USD mn: Monthly: United Arab Emirates,monthly,2018,3,2018-03,364324.7
M2,Money Supply M2: USD mn: Monthly: United Arab Emirates,monthly,2018,4,2018-04,369574.53
M2,Money Supply M2: USD mn: Monthly: United Arab Emirates,monthly,2018,5,2018-05,367230.08
M2,Money Supply M2: USD mn: Monthly: United Arab Emirates,monthly,2018,6,2018-06,366029.26
M2,Money Supply M2: USD mn: Monthly: United Arab Emirates,monthly,2018,7,2018-07,366627.49
M2,Money Supply M2: USD mn: Monthly: United Arab Emirates,monthly,2018,8,2018-08,360260.71
M2,Money Supply M2: USD mn: Monthly: United Arab Emirates,monthly,2018,9,2018-09,363563.36
M2,Money Supply M2: USD mn: Monthly: United Arab Emirates,monthly,2018,10,2018-10,356665.61
M2,Money Supply M2: USD mn: Monthly: United Arab Emirates,monthly,2018,11,2018-11,362847.5
M2,Money Supply M2: USD mn: Monthly: United Arab Emirates,monthly,2018,12,2018-12,368308.36
M2,Money Supply M2: USD mn: Monthly: United Arab Emirates,monthly,2019,1,2019-01,367483.04
M2,Money Supply M2: USD mn: Monthly: United Arab Emirates,monthly,2019,2,2019-02,371806.25
M2,Money Supply M2: USD mn: Monthly: United Arab Emirates,monthly,2019,3,2019-03,373814.69
M2,Money Supply M2: USD mn: Monthly: United Arab Emirates,monthly,2019,4,2019-04,375559.55
M2,Money Supply M2: USD mn: Monthly: United Arab Emirates,monthly,2019,5,2019-05,371792.09
M2,Money Supply M2: USD mn: Monthly: United Arab Emirates,monthly,2019,6,2019-06,379886.58
M2,Money Supply M2: USD mn: Monthly: United Arab Emirates,monthly,2019,7,2019-07,383369.49
M2,Money Supply M2: USD mn: Monthly: United Arab Emirates,monthly,2019,8,2019-08,383003.53
M2,Money Supply M2: USD mn: Monthly: United Arab Emirates,monthly,2019,9,2019-09,382696.38
M2,Money Supply M2: USD mn: Monthly: United Arab Emirates,monthly,2019,10,2019-10,385807.07
M2,Money Supply M2: USD mn: Monthly: United Arab Emirates,monthly,2019,11,2019-11,387931.23
M2,Money Supply M2: USD mn: Monthly: United Arab Emirates,monthly,2019,12,2019-12,396826.81
M2,Money Supply M2: USD mn: Monthly: United Arab Emirates,monthly,2020,1,2020-01,400547.43
M2,Money Supply M2: USD mn: Monthly: United Arab Emirates,monthly,2020,2,2020-02,400384.87
M2,Money Supply M2: USD mn: Monthly: United Arab Emirates,monthly,2020,3,2020-03,408191.55
M2,Money Supply M2: USD mn: Monthly: United Arab Emirates,monthly,2020,4,2020-04,410900.6
M2,Money Supply M2: USD mn: Monthly: United Arab Emirates,monthly,2020,5,2020-05,407381.47
M2,Money Supply M2: USD mn: Monthly: United Arab Emirates,monthly,2020,6,2020-06,409037.02
M2,Money Supply M2: USD mn: Monthly: United Arab Emirates,monthly,2020,7,2020-07,418359.28
M2,Money Supply M2: USD mn: Monthly: United Arab Emirates,monthly,2020,8,2020-08,424148.8
M2,Money Supply M2: USD mn: Monthly: United Arab Emirates,monthly,2020,9,2020-09,411938.58
M2,Money Supply M2: USD mn: Monthly: United Arab Emirates,monthly,2020,10,2020-10,416814.55
M2,Money Supply M2: USD mn: Monthly: United Arab Emirates,monthly,2020,11,2020-11,406906.32
M2,Money Supply M2: USD mn: Monthly: United Arab Emirates,monthly,2020,12,2020-12,414646.0
M2,Money Supply M2: USD mn: Monthly: United Arab Emirates,monthly,2021,1,2021-01,417463.16
M2,Money Supply M2: USD mn: Monthly: United Arab Emirates,monthly,2021,2,2021-02,419392.91
M2,Money Supply M2: USD mn: Monthly: United Arab Emirates,monthly,2021,3,2021-03,417074.6
M2,Money Supply M2: USD mn: Monthly: United Arab Emirates,monthly,2021,4,2021-04,410258.26
M2,Money Supply M2: USD mn: Monthly: United Arab Emirates,monthly,2021,5,2021-05,409175.89
M2,Money Supply M2: USD mn: Monthly: United Arab Emirates,monthly,2021,6,2021-06,417361.05
M2,Money Supply M2: USD mn: Monthly: United Arab Emirates,monthly,2021,7,2021-07,414460.3
M2,Money Supply M2: USD mn: Monthly: United Arab Emirates,monthly,2021,8,2021-08,417167.72
M2,Money Supply M2: USD mn: Monthly: United Arab Emirates,monthly,2021,9,2021-09,416635.38
M2,Money Supply M2: USD mn: Monthly: United Arab Emirates,monthly,2021,10,2021-10,420023.0
M2,Money Supply M2: USD mn: Monthly: United Arab Emirates,monthly,2021,11,2021-11,425126.6
M2,Money Supply M2: USD mn: Monthly: United Arab Emirates,monthly,2021,12,2021-12,437632.53
M2,Money Supply M2: USD mn: Monthly: United Arab Emirates,monthly,2022,1,2022-01,437736.81
M2,Money Supply M2: USD mn: Monthly: United Arab Emirates,monthly,2022,2,2022-02,439625.72
M2,Money Supply M2: USD mn: Monthly: United Arab Emirates,monthly,2022,3,2022-03,445890.93
M2,Money Supply M2: USD mn: Monthly: United Arab Emirates,monthly,2022,4,2022-04,438774.25
M2,Money Supply M2: USD mn: Monthly: United Arab Emirates,monthly,2022,5,2022-05,439012.24
M2,Money Supply M2: USD mn: Monthly: United Arab Emirates,monthly,2022,6,2022-06,453730.28
M2,Money Supply M2: USD mn: Monthly: United Arab Emirates,monthly,2022,7,2022-07,449326.47
M2,Money Supply M2: USD mn: Monthly: United Arab Emirates,monthly,2022,8,2022-08,455254.58
M2,Money Supply M2: USD mn: Monthly: United Arab Emirates,monthly,2022,9,2022-09,460100.33
M2,Money Supply M2: USD mn: Monthly: United Arab Emirates,monthly,2022,10,2022-10,455683.72
M2,Money Supply M2: USD mn: Monthly: United Arab Emirates,monthly,2022,11,2022-11,468941.17
M2,Money Supply M2: USD mn: Monthly: United Arab Emirates,monthly,2022,12,2022-12,475917.07
M2,Money Supply M2: USD mn: Monthly: United Arab Emirates,monthly,2023,1,2023-01,480338.58
M2,Money Supply M2: USD mn: Monthly: United Arab Emirates,monthly,2023,2,2023-02,488408.56
M2,Money Supply M2: USD mn: Monthly: United Arab Emirates,monthly,2023,3,2023-03,498993.18
M2,Money Supply M2: USD mn: Monthly: United Arab Emirates,monthly,2023,4,2023-04,508624.49
M2,Money Supply M2: USD mn: Monthly: United Arab Emirates,monthly,2023,5,2023-05,517223.54
M2,Money Supply M2: USD mn: Monthly: United Arab Emirates,monthly,2023,6,2023-06,517218.91
M2,Money Supply M2: USD mn: Monthly: United Arab Emirates,monthly,2023,7,2023-07,518182.29
M2,Money Supply M2: USD mn: Monthly: United Arab Emirates,monthly,2023,8,2023-08,518586.92
M2,Money Supply M2: USD mn: Monthly: United Arab Emirates,monthly,2023,9,2023-09,531591.14
M2,Money Supply M2: USD mn: Monthly: United Arab Emirates,monthly,2023,10,2023-10,535465.61
M2,Money Supply M2: USD mn: Monthly: United Arab Emirates,monthly,2023,11,2023-11,539029.67
M2,Money Supply M2: USD mn: Monthly: United Arab Emirates,monthly,2023,12,2023-12,562849.95
M2,Money Supply M2: USD mn: Monthly: United Arab Emirates,monthly,2024,1,2024-01,564317.62
M2,Money Supply M2: USD mn: Monthly: United Arab Emirates,monthly,2024,2,2024-02,585139.4
M2,Money Supply M2: USD mn: Monthly: United Arab Emirates,monthly,2024,3,2024-03,593239.88
M2,Money Supply M2: USD mn: Monthly: United Arab Emirates,monthly,2024,4,2024-04,597047.64
M2,Money Supply M2: USD mn: Monthly: United Arab Emirates,monthly,2024,5,2024-05,600291.48
M2,Money Supply M2: USD mn: Monthly: United Arab Emirates,monthly,2024,6,2024-06,602728.92
M2,Money Supply M2: USD mn: Monthly: United Arab Emirates,monthly,2024,7,2024-07,612678.68
M2,Money Supply M2: USD mn: Monthly: United Arab Emirates,monthly,2024,8,2024-08,614122.55
M2,Money Supply M2: USD mn: Monthly: United Arab Emirates,monthly,2024,9,2024-09,624600.27
M2,Money Supply M2: USD mn: Monthly: United Arab Emirates,monthly,2024,10,2024-10,630329.72
M2,Money Supply M2: USD mn: Monthly: United Arab Emirates,monthly,2024,11,2024-11,632554.89
M2,Money Supply M2: USD mn: Monthly: United Arab Emirates,monthly,2024,12,2024-12,642450.26
M2,Money Supply M2: USD mn: Monthly: United Arab Emirates,monthly,2025,1,2025-01,643543.71
M2,Money Supply M2: USD mn: Monthly: United Arab Emirates,monthly,2025,2,2025-02,654716.1
M2,Money Supply M2: USD mn: Monthly: United Arab Emirates,monthly,2025,3,2025-03,675813.93
M2,Money Supply M2: USD mn: Monthly: United Arab Emirates,monthly,2025,4,2025-04,675236.35
M2,Money Supply M2: USD mn: Monthly: United Arab Emirates,monthly,2025,5,2025-05,685678.7
M2,Money Supply M2: USD mn: Monthly: United Arab Emirates,monthly,2025,6,2025-06,701251.35
M2,Money Supply M2: USD mn: Monthly: United Arab Emirates,monthly,2025,7,2025-07,705554.58
M2,Money Supply M2: USD mn: Monthly: United Arab Emirates,monthly,2025,8,2025-08,709885.33
M2,Money Supply M2: USD mn: Monthly: United Arab Emirates,monthly,2025,9,2025-09,717094.07
M2,Money Supply M2: USD mn: Monthly: United Arab Emirates,monthly,2025,10,2025-10,727865.6
M2,Money Supply M2: USD mn: Monthly: United Arab Emirates,monthly,2025,11,2025-11,738881.73
current_account,Current Account Balance: USD mn: Annual: United Arab Emirates,annual,1996,12,1996-12,8175.0
current_account,Current Account Balance: USD mn: Annual: United Arab Emirates,annual,1997,12,1997-12,7812.0
current_account,Current Account Balance: USD mn: Annual: United Arab Emirates,annual,1998,12,1998-12,1398.0
current_account,Current Account Balance: USD mn: Annual: United Arab Emirates,annual,1999,12,1999-12,4992.0
current_account,Current Account Balance: USD mn: Annual: United Arab Emirates,annual,2000,12,2000-12,15255.0
current_account,Current Account Balance: USD mn: Annual: United Arab Emirates,annual,2001,12,2001-12,11094.0
current_account,Current Account Balance: USD mn: Annual: United Arab Emirates,annual,2002,12,2002-12,4518.0
current_account,Current Account Balance: USD mn: Annual: United Arab Emirates,annual,2003,12,2003-12,8658.0
current_account,Current Account Balance: USD mn: Annual: United Arab Emirates,annual,2004,12,2004-12,12093.0
current_account,Current Account Balance: USD mn: Annual: United Arab Emirates,annual,2005,12,2005-12,25873.0
current_account,Current Account Balance: USD mn: Annual: United Arab Emirates,annual,2006,12,2006-12,37549.0
current_account,Current Account Balance: USD mn: Annual: United Arab Emirates,annual,2007,12,2007-12,21145.0
current_account,Current Account Balance: USD mn: Annual: United Arab Emirates,annual,2008,12,2008-12,23782.0
current_account,Current Account Balance: USD mn: Annual: United Arab Emirates,annual,2009,12,2009-12,9352.0
current_account,Current Account Balance: USD mn: Annual: United Arab Emirates,annual,2010,12,2010-12,8745.0
current_account,Current Account Balance: USD mn: Annual: United Arab Emirates,annual,2011,12,2011-12,52453.0
current_account,Current Account Balance: USD mn: Annual: United Arab Emirates,annual,2012,12,2012-12,81259.0
current_account,Current Account Balance: USD mn: Annual: United Arab Emirates,annual,2013,12,2013-12,75622.0
current_account,Current Account Balance: USD mn: Annual: United Arab Emirates,annual,2014,12,2014-12,55091.0
current_account,Current Account Balance: USD mn: Annual: United Arab Emirates,annual,2015,12,2015-12,19067.0
current_account,Current Account Balance: USD mn: Annual: United Arab Emirates,annual,2016,12,2016-12,14710.0
current_account,Current Account Balance: USD mn: Annual: United Arab Emirates,annual,2017,12,2017-12,29005.0
current_account,Current Account Balance: USD mn: Annual: United Arab Emirates,annual,2018,12,2018-12,41994.0
current_account,Current Account Balance: USD mn: Annual: United Arab Emirates,annual,2019,12,2019-12,38835.0
current_account,Current Account Balance: USD mn: Annual: United Arab Emirates,annual,2020,12,2020-12,22607.0
current_account,Current Account Balance: USD mn: Annual: United Arab Emirates,annual,2021,12,2021-12,49482.0
fdi,Foreign Direct Investment: USD mn: Annual: United Arab Emirates,annual,1970,12,1970-12,459.0
fdi,Foreign Direct Investment: USD mn: Annual: United Arab Emirates,annual,1971,12,1971-12,458.0
fdi,Foreign Direct Investment: USD mn: Annual: United Arab Emirates,annual,1972,12,1972-12,462.0
fdi,Foreign Direct Investment: USD mn: Annual: United Arab Emirates,annual,1973,12,1973-12,455.0
fdi,Foreign Direct Investment: USD mn: Annual: United Arab Emirates,annual,1974,12,1974-12,453.0
fdi,Foreign Direct Investment: USD mn: Annual: United Arab Emirates,annual,1975,12,1975-12,467.0
fdi,Foreign Direct Investment: USD mn: Annual: United Arab Emirates,annual,1976,12,1976-12,501.0
fdi,Foreign Direct Investment: USD mn: Annual: United Arab Emirates,annual,1977,12,1977-12,563.0
fdi,Foreign Direct Investment: USD mn: Annual: United Arab Emirates,annual,1978,12,1978-12,490.0
fdi,Foreign Direct Investment: USD mn: Annual: United Arab Emirates,annual,1979,12,1979-12,516.0
fdi,Foreign Direct Investment: USD mn: Annual: United Arab Emirates,annual,1980,12,1980-12,549.0
fdi,Foreign Direct Investment: USD mn: Annual: United Arab Emirates,annual,1981,12,1981-12,434.0
fdi,Foreign Direct Investment: USD mn: Annual: United Arab Emirates,annual,1982,12,1982-12,546.0
fdi,Foreign Direct Investment: USD mn: Annual: United Arab Emirates,annual,1983,12,1983-12,497.0
fdi,Foreign Direct Investment: USD mn: Annual: United Arab Emirates,annual,1984,12,1984-12,621.0
fdi,Foreign Direct Investment: USD mn: Annual: United Arab Emirates,annual,1985,12,1985-12,230.0
fdi,Foreign Direct Investment: USD mn: Annual: United Arab Emirates,annual,1986,12,1986-12,561.0
fdi,Foreign Direct Investment: USD mn: Annual: United Arab Emirates,annual,1987,12,1987-12,498.0
fdi,Foreign Direct Investment: USD mn: Annual: United Arab Emirates,annual,1988,12,1988-12,640.0
fdi,Foreign Direct Investment: USD mn: Annual: United Arab Emirates,annual,1989,12,1989-12,490.0
fdi,Foreign Direct Investment: USD mn: Annual: United Arab Emirates,annual,1990,12,1990-12,335.0
fdi,Foreign Direct Investment: USD mn: Annual: United Arab Emirates,annual,1991,12,1991-12,477.0
fdi,Foreign Direct Investment: USD mn: Annual: United Arab Emirates,annual,1992,12,1992-12,581.0
fdi,Foreign Direct Investment: USD mn: Annual: United Arab Emirates,annual,1993,12,1993-12,852.0
fdi,Foreign Direct Investment: USD mn: Annual: United Arab Emirates,annual,1994,12,1994-12,514.0
fdi,Foreign Direct Investment: USD mn: Annual: United Arab Emirates,annual,1995,12,1995-12,851.0
fdi,Foreign Direct Investment: USD mn: Annual: United Arab Emirates,annual,1996,12,1996-12,752.0
fdi,Foreign Direct Investment: USD mn: Annual: United Arab Emirates,annual,1997,12,1997-12,684.0
fdi,Foreign Direct Investment: USD mn: Annual: United Arab Emirates,annual,1998,12,1998-12,709.0
fdi,Foreign Direct Investment: USD mn: Annual: United Arab Emirates,annual,1999,12,1999-12,-534.0
fdi,Foreign Direct Investment: USD mn: Annual: United Arab Emirates,annual,2000,12,2000-12,-55.0
fdi,Foreign Direct Investment: USD mn: Annual: United Arab Emirates,annual,2001,12,2001-12,1635.0
fdi,Foreign Direct Investment: USD mn: Annual: United Arab Emirates,annual,2002,12,2002-12,546.0
fdi,Foreign Direct Investment: USD mn: Annual: United Arab Emirates,annual,2003,12,2003-12,4707.0
fdi,Foreign Direct Investment: USD mn: Annual: United Arab Emirates,annual,2004,12,2004-12,10455.0
fdi,Foreign Direct Investment: USD mn: Annual: United Arab Emirates,annual,2005,12,2005-12,11351.0
fdi,Foreign Direct Investment: USD mn: Annual: United Arab Emirates,annual,2006,12,2006-12,13257.0
fdi,Foreign Direct Investment: USD mn: Annual: United Arab Emirates,annual,2007,12,2007-12,14638.0
fdi,Foreign Direct Investment: USD mn: Annual: United Arab Emirates,annual,2008,12,2008-12,14175.0
fdi,Foreign Direct Investment: USD mn: Annual: United Arab Emirates,annual,2009,12,2009-12,4454.0
fdi,Foreign Direct Investment: USD mn: Annual: United Arab Emirates,annual,2010,12,2010-12,5951.0
fdi,Foreign Direct Investment: USD mn: Annual: United Arab Emirates,annual,2011,12,2011-12,8130.0
fdi,Foreign Direct Investment: USD mn: Annual: United Arab Emirates,annual,2012,12,2012-12,10063.0
fdi,Foreign Direct Investment: USD mn: Annual: United Arab Emirates,annual,2013,12,2013-12,10934.0
fdi,Foreign Direct Investment: USD mn: Annual: United Arab Emirates,annual,2014,12,2014-12,11261.0
fdi,Foreign Direct Investment: USD mn: Annual: United Arab Emirates,annual,2015,12,2015-12,9273.0
fdi,Foreign Direct Investment: USD mn: Annual: United Arab Emirates,annual,2016,12,2016-12,10063.0
fdi,Foreign Direct Investment: USD mn: Annual: United Arab Emirates,annual,2017,12,2017-12,10798.0
fdi,Foreign Direct Investment: USD mn: Annual: United Arab Emirates,annual,2018,12,2018-12,10826.0
fdi,Foreign Direct Investment: USD mn: Annual: United Arab Emirates,annual,2019,12,2019-12,18314.0
fdi,Foreign Direct Investment: USD mn: Annual: United Arab Emirates,annual,2020,12,2020-12,20301.0
fdi,Foreign Direct Investment: USD mn: Annual: United Arab Emirates,annual,2021,12,2021-12,21118.0
forex_reserves_monthly,Foreign Exchange Reserves: USD mn: Monthly: United Arab Emirates,monthly,1973,6,1973-06,4565.5
forex_reserves_monthly,Foreign Exchange Reserves: USD mn: Monthly: United Arab Emirates,monthly,1973,7,1973-07,4573.4
forex_reserves_monthly,Foreign Exchange Reserves: USD mn: Monthly: United Arab Emirates,monthly,1973,8,1973-08,4577.5
forex_reserves_monthly,Foreign Exchange Reserves: USD mn: Monthly: United Arab Emirates,monthly,1973,9,1973-09,4573.2
forex_reserves_monthly,Foreign Exchange Reserves: USD mn: Monthly: United Arab Emirates,monthly,1973,10,1973-10,4590.3
forex_reserves_monthly,Foreign Exchange Reserves: USD mn: Monthly: United Arab Emirates,monthly,1973,11,1973-11,4600.3
forex_reserves_monthly,Foreign Exchange Reserves: USD mn: Monthly: United Arab Emirates,monthly,1973,12,1973-12,4598.5
forex_reserves_monthly,Foreign Exchange Reserves: USD mn: Monthly: United Arab Emirates,monthly,1974,1,1974-01,4604.3
forex_reserves_monthly,Foreign Exchange Reserves: USD mn: Monthly: United Arab Emirates,monthly,1974,2,1974-02,4580.5
forex_reserves_monthly,Foreign Exchange Reserves: USD mn: Monthly: United Arab Emirates,monthly,1974,3,1974-03,4587.8
forex_reserves_monthly,Foreign Exchange Reserves: USD mn: Monthly: United Arab Emirates,monthly,1974,4,1974-04,4602.8
forex_reserves_monthly,Foreign Exchange Reserves: USD mn: Monthly: United Arab Emirates,monthly,1974,5,1974-05,4617.5
forex_reserves_monthly,Foreign Exchange Reserves: USD mn: Monthly: United Arab Emirates,monthly,1974,6,1974-06,4585.3
forex_reserves_monthly,Foreign Exchange Reserves: USD mn: Monthly: United Arab Emirates,monthly,1974,7,1974-07,4642.4
forex_reserves_monthly,Foreign Exchange Reserves: USD mn: Monthly: United Arab Emirates,monthly,1974,8,1974-08,4609.1
forex_reserves_monthly,Foreign Exchange Reserves: USD mn: Monthly: United Arab Emirates,monthly,1974,9,1974-09,4660.8
forex_reserves_monthly,Foreign Exchange Reserves: USD mn: Monthly: United Arab Emirates,monthly,1974,10,1974-10,4821.9
forex_reserves_monthly,Foreign Exchange Reserves: USD mn: Monthly: United Arab Emirates,monthly,1974,11,1974-11,4878.5
forex_reserves_monthly,Foreign Exchange Reserves: USD mn: Monthly: United Arab Emirates,monthly,1974,12,1974-12,4879.0
forex_reserves_monthly,Foreign Exchange Reserves: USD mn: Monthly: United Arab Emirates,monthly,1975,1,1975-01,5037.7
forex_reserves_monthly,Foreign Exchange Reserves: USD mn: Monthly: United Arab Emirates,monthly,1975,2,1975-02,5097.4
forex_reserves_monthly,Foreign Exchange Reserves: USD mn: Monthly: United Arab Emirates,monthly,1975,3,1975-03,5235.0
forex_reserves_monthly,Foreign Exchange Reserves: USD mn: Monthly: United Arab Emirates,monthly,1975,4,1975-04,5251.8
forex_reserves_monthly,Foreign Exchange Reserves: USD mn: Monthly: United Arab Emirates,monthly,1975,5,1975-05,5215.9
forex_reserves_monthly,Foreign Exchange Reserves: USD mn: Monthly: United Arab Emirates,monthly,1975,6,1975-06,5287.3
forex_reserves_monthly,Foreign Exchange Reserves: USD mn: Monthly: United Arab Emirates,monthly,1975,7,1975-07,5330.3
forex_reserves_monthly,Foreign Exchange Reserves: USD mn: Monthly: United Arab Emirates,monthly,1975,8,1975-08,5352.0
forex_reserves_monthly,Foreign Exchange Reserves: USD mn: Monthly: United Arab Emirates,monthly,1975,9,1975-09,5363.4
forex_reserves_monthly,Foreign Exchange Reserves: USD mn: Monthly: United Arab Emirates,monthly,1975,10,1975-10,5363.5
forex_reserves_monthly,Foreign Exchange Reserves: USD mn: Monthly: United Arab Emirates,monthly,1975,11,1975-11,5456.6
forex_reserves_monthly,Foreign Exchange Reserves: USD mn: Monthly: United Arab Emirates,monthly,1975,12,1975-12,5364.8
forex_reserves_monthly,Foreign Exchange Reserves: USD mn: Monthly: United Arab Emirates,monthly,1976,1,1976-01,5587.6
forex_reserves_monthly,Foreign Exchange Reserves: USD mn: Monthly: United Arab Emirates,monthly,1976,2,1976-02,5586.5
forex_reserves_monthly,Foreign Exchange Reserves: USD mn: Monthly: United Arab Emirates,monthly,1976,3,1976-03,5581.1
forex_reserves_monthly,Foreign Exchange Reserves: USD mn: Monthly: United Arab Emirates,monthly,1976,4,1976-04,5733.0
forex_reserves_monthly,Foreign Exchange Reserves: USD mn: Monthly: United Arab Emirates,monthly,1976,5,1976-05,5808.1
forex_reserves_monthly,Foreign Exchange Reserves: USD mn: Monthly: United Arab Emirates,monthly,1976,6,1976-06,6009.3
forex_reserves_monthly,Foreign Exchange Reserves: USD mn: Monthly: United Arab Emirates,monthly,1976,7,1976-07,6049.0
forex_reserves_monthly,Foreign Exchange Reserves: USD mn: Monthly: United Arab Emirates,monthly,1976,8,1976-08,6138.8
forex_reserves_monthly,Foreign Exchange Reserves: USD mn: Monthly: United Arab Emirates,monthly,1976,9,1976-09,6170.4
forex_reserves_monthly,Foreign Exchange Reserves: USD mn: Monthly: United Arab Emirates,monthly,1976,10,1976-10,6131.5
forex_reserves_monthly,Foreign Exchange Reserves: USD mn: Monthly: United Arab Emirates,monthly,1976,11,1976-11,6247.9
forex_reserves_monthly,Foreign Exchange Reserves: USD mn: Monthly: United Arab Emirates,monthly,1976,12,1976-12,6285.2
forex_reserves_monthly,Foreign Exchange Reserves: USD mn: Monthly: United Arab Emirates,monthly,1977,1,1977-01,6074.1
forex_reserves_monthly,Foreign Exchange Reserves: USD mn: Monthly: United Arab Emirates,monthly,1977,2,1977-02,6088.3
forex_reserves_monthly,Foreign Exchange Reserves: USD mn: Monthly: United Arab Emirates,monthly,1977,3,1977-03,6152.0
forex_reserves_monthly,Foreign Exchange Reserves: USD mn: Monthly: United Arab Emirates,monthly,1977,4,1977-04,6125.8
forex_reserves_monthly,Foreign Exchange Reserves: USD mn: Monthly: United Arab Emirates,monthly,1977,5,1977-05,6180.9
forex_reserves_monthly,Foreign Exchange Reserves: USD mn: Monthly: United Arab Emirates,monthly,1977,6,1977-06,5993.5
forex_reserves_monthly,Foreign Exchange Reserves: USD mn: Monthly: United Arab Emirates,monthly,1977,7,1977-07,5891.1
forex_reserves_monthly,Foreign Exchange Reserves: USD mn: Monthly: United Arab Emirates,monthly,1977,8,1977-08,5930.1
forex_reserves_monthly,Foreign Exchange Reserves: USD mn: Monthly: United Arab Emirates,monthly,1977,9,1977-09,5713.3
forex_reserves_monthly,Foreign Exchange Reserves: USD mn: Monthly: United Arab Emirates,monthly,1977,10,1977-10,5712.1
forex_reserves_monthly,Foreign Exchange Reserves: USD mn: Monthly: United Arab Emirates,monthly,1977,11,1977-11,5765.2
forex_reserves_monthly,Foreign Exchange Reserves: USD mn: Monthly: United Arab Emirates,monthly,1977,12,1977-12,5194.4
forex_reserves_monthly,Foreign Exchange Reserves: USD mn: Monthly: United Arab Emirates,monthly,1978,1,1978-01,5175.0
forex_reserves_monthly,Foreign Exchange Reserves: USD mn: Monthly: United Arab Emirates,monthly,1978,2,1978-02,5216.3
forex_reserves_monthly,Foreign Exchange Reserves: USD mn: Monthly: United Arab Emirates,monthly,1978,3,1978-03,5072.4
forex_reserves_monthly,Foreign Exchange Reserves: USD mn: Monthly: United Arab Emirates,monthly,1978,4,1978-04,5173.6
forex_reserves_monthly,Foreign Exchange Reserves: USD mn: Monthly: United Arab Emirates,monthly,1978,5,1978-05,5116.9
forex_reserves_monthly,Foreign Exchange Reserves: USD mn: Monthly: United Arab Emirates,monthly,1978,6,1978-06,5154.3
forex_reserves_monthly,Foreign Exchange Reserves: USD mn: Monthly: United Arab Emirates,monthly,1978,7,1978-07,5191.6
forex_reserves_monthly,Foreign Exchange Reserves: USD mn: Monthly: United Arab Emirates,monthly,1978,8,1978-08,5199.8
forex_reserves_monthly,Foreign Exchange Reserves: USD mn: Monthly: United Arab Emirates,monthly,1978,9,1978-09,5151.2
forex_reserves_monthly,Foreign Exchange Reserves: USD mn: Monthly: United Arab Emirates,monthly,1978,10,1978-10,5201.4
forex_reserves_monthly,Foreign Exchange Reserves: USD mn: Monthly: United Arab Emirates,monthly,1978,11,1978-11,5091.8
forex_reserves_monthly,Foreign Exchange Reserves: USD mn: Monthly: United Arab Emirates,monthly,1978,12,1978-12,5229.7
forex_reserves_monthly,Foreign Exchange Reserves: USD mn: Monthly: United Arab Emirates,monthly,1979,1,1979-01,5113.1
forex_reserves_monthly,Foreign Exchange Reserves: USD mn: Monthly: United Arab Emirates,monthly,1979,2,1979-02,5209.2
forex_reserves_monthly,Foreign Exchange Reserves: USD mn: Monthly: United Arab Emirates,monthly,1979,3,1979-03,5243.1
forex_reserves_monthly,Foreign Exchange Reserves: USD mn: Monthly: United Arab Emirates,monthly,1979,4,1979-04,5276.6
forex_reserves_monthly,Foreign Exchange Reserves: USD mn: Monthly: United Arab Emirates,monthly,1979,5,1979-05,5275.6
forex_reserves_monthly,Foreign Exchange Reserves: USD mn: Monthly: United Arab Emirates,monthly,1979,6,1979-06,5284.8
forex_reserves_monthly,Foreign Exchange Reserves: USD mn: Monthly: United Arab Emirates,monthly,1979,7,1979-07,5318.5
forex_reserves_monthly,Foreign Exchange Reserves: USD mn: Monthly: United Arab Emirates,monthly,1979,8,1979-08,5392.7
forex_reserves_monthly,Foreign Exchange Reserves: USD mn: Monthly: United Arab Emirates,monthly,1979,9,1979-09,5394.0
forex_reserves_monthly,Foreign Exchange Reserves: USD mn: Monthly: United Arab Emirates,monthly,1979,10,1979-10,5466.9
forex_reserves_monthly,Foreign Exchange Reserves: USD mn: Monthly: United Arab Emirates,monthly,1979,11,1979-11,5513.5
forex_reserves_monthly,Foreign Exchange Reserves: USD mn: Monthly: United Arab Emirates,monthly,1979,12,1979-12,5841.6
forex_reserves_monthly,Foreign Exchange Reserves: USD mn: Monthly: United Arab Emirates,monthly,1980,1,1980-01,5555.1
forex_reserves_monthly,Foreign Exchange Reserves: USD mn: Monthly: United Arab Emirates,monthly,1980,2,1980-02,5541.0
forex_reserves_monthly,Foreign Exchange Reserves: USD mn: Monthly: United Arab Emirates,monthly,1980,3,1980-03,5476.6
forex_reserves_monthly,Foreign Exchange Reserves: USD mn: Monthly: United Arab Emirates,monthly,1980,4,1980-04,5815.6
forex_reserves_monthly,Foreign Exchange Reserves: USD mn: Monthly: United Arab Emirates,monthly,1980,5,1980-05,5749.6
forex_reserves_monthly,Foreign Exchange Reserves: USD mn: Monthly: United Arab Emirates,monthly,1980,6,1980-06,5908.5
forex_reserves_monthly,Foreign Exchange Reserves: USD mn: Monthly: United Arab Emirates,monthly,1980,7,1980-07,6390.0
forex_reserves_monthly,Foreign Exchange Reserves: USD mn: Monthly: United Arab Emirates,monthly,1980,8,1980-08,6399.5
forex_reserves_monthly,Foreign Exchange Reserves: USD mn: Monthly: United Arab Emirates,monthly,1980,9,1980-09,6611.3
forex_reserves_monthly,Foreign Exchange Reserves: USD mn: Monthly: United Arab Emirates,monthly,1980,10,1980-10,6473.9
forex_reserves_monthly,Foreign Exchange Reserves: USD mn: Monthly: United Arab Emirates,monthly,1980,11,1980-11,6327.4
forex_reserves_monthly,Foreign Exchange Reserves: USD mn: Monthly: United Arab Emirates,monthly,1980,12,1980-12,6397.1
forex_reserves_monthly,Foreign Exchange Reserves: USD mn: Monthly: United Arab Emirates,monthly,1981,1,1981-01,6756.2
forex_reserves_monthly,Foreign Exchange Reserves: USD mn: Monthly: United Arab Emirates,monthly,1981,2,1981-02,6690.0
forex_reserves_monthly,Foreign Exchange Reserves: USD mn: Monthly: United Arab Emirates,monthly,1981,3,1981-03,6687.8
forex_reserves_monthly,Foreign Exchange Reserves: USD mn: Monthly: United Arab Emirates,monthly,1981,4,1981-04,6712.6
forex_reserves_monthly,Foreign Exchange Reserves: USD mn: Monthly: United Arab Emirates,monthly,1981,5,1981-05,6730.1
forex_reserves_monthly,Foreign Exchange Reserves: USD mn: Monthly: United Arab Emirates,monthly,1981,6,1981-06,6611.1
forex_reserves_monthly,Foreign Exchange Reserves: USD mn: Monthly: United Arab Emirates,monthly,1981,7,1981-07,6967.1
forex_reserves_monthly,Foreign Exchange Reserves: USD mn: Monthly: United Arab Emirates,monthly,1981,8,1981-08,6970.9
forex_reserves_monthly,Foreign Exchange Reserves: USD mn: Monthly: United Arab Emirates,monthly,1981,9,1981-09,7169.6
forex_reserves_monthly,Foreign Exchange Reserves: USD mn: Monthly: United Arab Emirates,monthly,1981,10,1981-10,7496.4
forex_reserves_monthly,Foreign Exchange Reserves: USD mn: Monthly: United Arab Emirates,monthly,1981,11,1981-11,7422.4
forex_reserves_monthly,Foreign Exchange Reserves: USD mn: Monthly: United Arab Emirates,monthly,1981,12,1981-12,7507.0
forex_reserves_monthly,Foreign Exchange Reserves: USD mn: Monthly: United Arab Emirates,monthly,1982,1,1982-01,7412.2
forex_reserves_monthly,Foreign Exchange Reserves: USD mn: Monthly: United Arab Emirates,monthly,1982,2,1982-02,7419.7
forex_reserves_monthly,Foreign Exchange Reserves: USD mn: Monthly: United Arab Emirates,monthly,1982,3,1982-03,7221.6
forex_reserves_monthly,Foreign Exchange Reserves: USD mn: Monthly: United Arab Emirates,monthly,1982,4,1982-04,7439.0
forex_reserves_monthly,Foreign Exchange Reserves: USD mn: Monthly: United Arab Emirates,monthly,1982,5,1982-05,7217.9
forex_reserves_monthly,Foreign Exchange Reserves: USD mn: Monthly: United Arab Emirates,monthly,1982,6,1982-06,6431.9
forex_reserves_monthly,Foreign Exchange Reserves: USD mn: Monthly: United Arab Emirates,monthly,1982,7,1982-07,6347.3
forex_reserves_monthly,Foreign Exchange Reserves: USD mn: Monthly: United Arab Emirates,monthly,1982,8,1982-08,6239.8
forex_reserves_monthly,Foreign Exchange Reserves: USD mn: Monthly: United Arab Emirates,monthly,1982,9,1982-09,6260.4
forex_reserves_monthly,Foreign Exchange Reserves: USD mn: Monthly: United Arab Emirates,monthly,1982,10,1982-10,6201.2
forex_reserves_monthly,Foreign Exchange Reserves: USD mn: Monthly: United Arab Emirates,monthly,1982,11,1982-11,6200.7
forex_reserves_monthly,Foreign Exchange Reserves: USD mn: Monthly: United Arab Emirates,monthly,1982,12,1982-12,6449.1
forex_reserves_monthly,Foreign Exchange Reserves: USD mn: Monthly: United Arab Emirates,monthly,1983,1,1983-01,6312.7
forex_reserves_monthly,Foreign Exchange Reserves: USD mn: Monthly: United Arab Emirates,monthly,1983,2,1983-02,6485.1
forex_reserves_monthly,Foreign Exchange Reserves: USD mn: Monthly: United Arab Emirates,monthly,1983,3,1983-03,6465.5
forex_reserves_monthly,Foreign Exchange Reserves: USD mn: Monthly: United Arab Emirates,monthly,1983,4,1983-04,6464.1
forex_reserves_monthly,Foreign Exchange Reserves: USD mn: Monthly: United Arab Emirates,monthly,1983,5,1983-05,6589.6
forex_reserves_monthly,Foreign Exchange Reserves: USD mn: Monthly: United Arab Emirates,monthly,1983,6,1983-06,6613.2
forex_reserves_monthly,Foreign Exchange Reserves: USD mn: Monthly: United Arab Emirates,monthly,1983,7,1983-07,6736.9
forex_reserves_monthly,Foreign Exchange Reserves: USD mn: Monthly: United Arab Emirates,monthly,1983,8,1983-08,6510.9
forex_reserves_monthly,Foreign Exchange Reserves: USD mn: Monthly: United Arab Emirates,monthly,1983,9,1983-09,6430.3
forex_reserves_monthly,Foreign Exchange Reserves: USD mn: Monthly: United Arab Emirates,monthly,1983,10,1983-10,6422.4
forex_reserves_monthly,Foreign Exchange Reserves: USD mn: Monthly: United Arab Emirates,monthly,1983,11,1983-11,6201.4
forex_reserves_monthly,Foreign Exchange Reserves: USD mn: Monthly: United Arab Emirates,monthly,1983,12,1983-12,6294.6
forex_reserves_monthly,Foreign Exchange Reserves: USD mn: Monthly: United Arab Emirates,monthly,1984,1,1984-01,6056.0
forex_reserves_monthly,Foreign Exchange Reserves: USD mn: Monthly: United Arab Emirates,monthly,1984,2,1984-02,6183.1
forex_reserves_monthly,Foreign Exchange Reserves: USD mn: Monthly: United Arab Emirates,monthly,1984,3,1984-03,6259.1
forex_reserves_monthly,Foreign Exchange Reserves: USD mn: Monthly: United Arab Emirates,monthly,1984,4,1984-04,6162.8
forex_reserves_monthly,Foreign Exchange Reserves: USD mn: Monthly: United Arab Emirates,monthly,1984,5,1984-05,6280.5
forex_reserves_monthly,Foreign Exchange Reserves: USD mn: Monthly: United Arab Emirates,monthly,1984,6,1984-06,6331.3
forex_reserves_monthly,Foreign Exchange Reserves: USD mn: Monthly: United Arab Emirates,monthly,1984,7,1984-07,6223.9
forex_reserves_monthly,Foreign Exchange Reserves: USD mn: Monthly: United Arab Emirates,monthly,1984,8,1984-08,6277.9
forex_reserves_monthly,Foreign Exchange Reserves: USD mn: Monthly: United Arab Emirates,monthly,1984,9,1984-09,6312.7
forex_reserves_monthly,Foreign Exchange Reserves: USD mn: Monthly: United Arab Emirates,monthly,1984,10,1984-10,6399.3
forex_reserves_monthly,Foreign Exchange Reserves: USD mn: Monthly: United Arab Emirates,monthly,1984,11,1984-11,6364.6
forex_reserves_monthly,Foreign Exchange Reserves: USD mn: Monthly: United Arab Emirates,monthly,1984,12,1984-12,6515.6
forex_reserves_monthly,Foreign Exchange Reserves: USD mn: Monthly: United Arab Emirates,monthly,1985,1,1985-01,6437.7
forex_reserves_monthly,Foreign Exchange Reserves: USD mn: Monthly: United Arab Emirates,monthly,1985,2,1985-02,6496.5
forex_reserves_monthly,Foreign Exchange Reserves: USD mn: Monthly: United Arab Emirates,monthly,1985,3,1985-03,6635.1
forex_reserves_monthly,Foreign Exchange Reserves: USD mn: Monthly: United Arab Emirates,monthly,1985,4,1985-04,6743.4
forex_reserves_monthly,Foreign Exchange Reserves: USD mn: Monthly: United Arab Emirates,monthly,1985,5,1985-05,6795.1
forex_reserves_monthly,Foreign Exchange Reserves: USD mn: Monthly: United Arab Emirates,monthly,1985,6,1985-06,6809.5
forex_reserves_monthly,Foreign Exchange Reserves: USD mn: Monthly: United Arab Emirates,monthly,1985,7,1985-07,6998.5
forex_reserves_monthly,Foreign Exchange Reserves: USD mn: Monthly: United Arab Emirates,monthly,1985,8,1985-08,7153.6
forex_reserves_monthly,Foreign Exchange Reserves: USD mn: Monthly: United Arab Emirates,monthly,1985,9,1985-09,7102.5
forex_reserves_monthly,Foreign Exchange Reserves: USD mn: Monthly: United Arab Emirates,monthly,1985,10,1985-10,7085.0
forex_reserves_monthly,Foreign Exchange Reserves: USD mn: Monthly: United Arab Emirates,monthly,1985,11,1985-11,7258.6
forex_reserves_monthly,Foreign Exchange Reserves: USD mn: Monthly: United Arab Emirates,monthly,1985,12,1985-12,7419.1
forex_reserves_monthly,Foreign Exchange Reserves: USD mn: Monthly: United Arab Emirates,monthly,1986,1,1986-01,7389.4
forex_reserves_monthly,Foreign Exchange Reserves: USD mn: Monthly: United Arab Emirates,monthly,1986,2,1986-02,7478.2
forex_reserves_monthly,Foreign Exchange Reserves: USD mn: Monthly: United Arab Emirates,monthly,1986,3,1986-03,7412.1
forex_reserves_monthly,Foreign Exchange Reserves: USD mn: Monthly: United Arab Emirates,monthly,1986,4,1986-04,7439.6
forex_reserves_monthly,Foreign Exchange Reserves: USD mn: Monthly: United Arab Emirates,monthly,1986,5,1986-05,7594.9
forex_reserves_monthly,Foreign Exchange Reserves: USD mn: Monthly: United Arab Emirates,monthly,1986,6,1986-06,7414.0
forex_reserves_monthly,Foreign Exchange Reserves: USD mn: Monthly: United Arab Emirates,monthly,1986,7,1986-07,7942.0
forex_reserves_monthly,Foreign Exchange Reserves: USD mn: Monthly: United Arab Emirates,monthly,1986,8,1986-08,7751.9
forex_reserves_monthly,Foreign Exchange Reserves: USD mn: Monthly: United Arab Emirates,monthly,1986,9,1986-09,7793.2
forex_reserves_monthly,Foreign Exchange Reserves: USD mn: Monthly: United Arab Emirates,monthly,1986,10,1986-10,7614.1
forex_reserves_monthly,Foreign Exchange Reserves: USD mn: Monthly: United Arab Emirates,monthly,1986,11,1986-11,7656.7
forex_reserves_monthly,Foreign Exchange Reserves: USD mn: Monthly: United Arab Emirates,monthly,1986,12,1986-12,7566.2
forex_reserves_monthly,Foreign Exchange Reserves: USD mn: Monthly: United Arab Emirates,monthly,1987,1,1987-01,7824.2
forex_reserves_monthly,Foreign Exchange Reserves: USD mn: Monthly: United Arab Emirates,monthly,1987,2,1987-02,7950.8
forex_reserves_monthly,Foreign Exchange Reserves: USD mn: Monthly: United Arab Emirates,monthly,1987,3,1987-03,8019.9
forex_reserves_monthly,Foreign Exchange Reserves: USD mn: Monthly: United Arab Emirates,monthly,1987,4,1987-04,8133.0
forex_reserves_monthly,Foreign Exchange Reserves: USD mn: Monthly: United Arab Emirates,monthly,1987,5,1987-05,8543.7
forex_reserves_monthly,Foreign Exchange Reserves: USD mn: Monthly: United Arab Emirates,monthly,1987,6,1987-06,8432.3
forex_reserves_monthly,Foreign Exchange Reserves: USD mn: Monthly: United Arab Emirates,monthly,1987,7,1987-07,8349.9
forex_reserves_monthly,Foreign Exchange Reserves: USD mn: Monthly: United Arab Emirates,monthly,1987,8,1987-08,8298.8
forex_reserves_monthly,Foreign Exchange Reserves: USD mn: Monthly: United Arab Emirates,monthly,1987,9,1987-09,8386.4
forex_reserves_monthly,Foreign Exchange Reserves: USD mn: Monthly: United Arab Emirates,monthly,1987,10,1987-10,8250.4
forex_reserves_monthly,Foreign Exchange Reserves: USD mn: Monthly: United Arab Emirates,monthly,1987,11,1987-11,8413.0
forex_reserves_monthly,Foreign Exchange Reserves: USD mn: Monthly: United Arab Emirates,monthly,1987,12,1987-12,8897.8
forex_reserves_monthly,Foreign Exchange Reserves: USD mn: Monthly: United Arab Emirates,monthly,1988,1,1988-01,8592.4
forex_reserves_monthly,Foreign Exchange Reserves: USD mn: Monthly: United Arab Emirates,monthly,1988,2,1988-02,8796.5
forex_reserves_monthly,Foreign Exchange Reserves: USD mn: Monthly: United Arab Emirates,monthly,1988,3,1988-03,8900.1
forex_reserves_monthly,Foreign Exchange Reserves: USD mn: Monthly: United Arab Emirates,monthly,1988,4,1988-04,8922.6
forex_reserves_monthly,Foreign Exchange Reserves: USD mn: Monthly: United Arab Emirates,monthly,1988,5,1988-05,8624.6
forex_reserves_monthly,Foreign Exchange Reserves: USD mn: Monthly: United Arab Emirates,monthly,1988,6,1988-06,8595.6
forex_reserves_monthly,Foreign Exchange Reserves: USD mn: Monthly: United Arab Emirates,monthly,1988,7,1988-07,8536.7
forex_reserves_monthly,Foreign Exchange Reserves: USD mn: Monthly: United Arab Emirates,monthly,1988,8,1988-08,8263.4
forex_reserves_monthly,Foreign Exchange Reserves: USD mn: Monthly: United Arab Emirates,monthly,1988,9,1988-09,8381.2
forex_reserves_monthly,Foreign Exchange Reserves: USD mn: Monthly: United Arab Emirates,monthly,1988,10,1988-10,8390.5
forex_reserves_monthly,Foreign Exchange Reserves: USD mn: Monthly: United Arab Emirates,monthly,1988,11,1988-11,8536.3
forex_reserves_monthly,Foreign Exchange Reserves: USD mn: Monthly: United Arab Emirates,monthly,1988,12,1988-12,8652.0
forex_reserves_monthly,Foreign Exchange Reserves: USD mn: Monthly: United Arab Emirates,monthly,1989,1,1989-01,8630.5
forex_reserves_monthly,Foreign Exchange Reserves: USD mn: Monthly: United Arab Emirates,monthly,1989,2,1989-02,8683.6
forex_reserves_monthly,Foreign Exchange Reserves: USD mn: Monthly: United Arab Emirates,monthly,1989,3,1989-03,8763.1
forex_reserves_monthly,Foreign Exchange Reserves: USD mn: Monthly: United Arab Emirates,monthly,1989,4,1989-04,8583.4
forex_reserves_monthly,Foreign Exchange Reserves: USD mn: Monthly: United Arab Emirates,monthly,1989,5,1989-05,8620.6
forex_reserves_monthly,Foreign Exchange Reserves: USD mn: Monthly: United Arab Emirates,monthly,1989,6,1989-06,8474.5
forex_reserves_monthly,Foreign Exchange Reserves: USD mn: Monthly: United Arab Emirates,monthly,1989,7,1989-07,8413.9
forex_reserves_monthly,Foreign Exchange Reserves: USD mn: Monthly: United Arab Emirates,monthly,1989,8,1989-08,8452.7
forex_reserves_monthly,Foreign Exchange Reserves: USD mn: Monthly: United Arab Emirates,monthly,1989,9,1989-09,8433.3
forex_reserves_monthly,Foreign Exchange Reserves: USD mn: Monthly: United Arab Emirates,monthly,1989,10,1989-10,8507.0
forex_reserves_monthly,Foreign Exchange Reserves: USD mn: Monthly: United Arab Emirates,monthly,1989,11,1989-11,8544.6
forex_reserves_monthly,Foreign Exchange Reserves: USD mn: Monthly: United Arab Emirates,monthly,1989,12,1989-12,8673.1
forex_reserves_monthly,Foreign Exchange Reserves: USD mn: Monthly: United Arab Emirates,monthly,1990,1,1990-01,8607.1
forex_reserves_monthly,Foreign Exchange Reserves: USD mn: Monthly: United Arab Emirates,monthly,1990,2,1990-02,8747.6
forex_reserves_monthly,Foreign Exchange Reserves: USD mn: Monthly: United Arab Emirates,monthly,1990,3,1990-03,8878.9
forex_reserves_monthly,Foreign Exchange Reserves: USD mn: Monthly: United Arab Emirates,monthly,1990,4,1990-04,8764.3
forex_reserves_monthly,Foreign Exchange Reserves: USD mn: Monthly: United Arab Emirates,monthly,1990,5,1990-05,8757.3
forex_reserves_monthly,Foreign Exchange Reserves: USD mn: Monthly: United Arab Emirates,monthly,1990,6,1990-06,8888.0
forex_reserves_monthly,Foreign Exchange Reserves: USD mn: Monthly: United Arab Emirates,monthly,1990,7,1990-07,8678.9
forex_reserves_monthly,Foreign Exchange Reserves: USD mn: Monthly: United Arab Emirates,monthly,1990,8,1990-08,8708.9
forex_reserves_monthly,Foreign Exchange Reserves: USD mn: Monthly: United Arab Emirates,monthly,1990,9,1990-09,8556.1
forex_reserves_monthly,Foreign Exchange Reserves: USD mn: Monthly: United Arab Emirates,monthly,1990,10,1990-10,8572.1
forex_reserves_monthly,Foreign Exchange Reserves: USD mn: Monthly: United Arab Emirates,monthly,1990,11,1990-11,8574.1
forex_reserves_monthly,Foreign Exchange Reserves: USD mn: Monthly: United Arab Emirates,monthly,1990,12,1990-12,8786.4
forex_reserves_monthly,Foreign Exchange Reserves: USD mn: Monthly: United Arab Emirates,monthly,1991,1,1991-01,9007.9
forex_reserves_monthly,Foreign Exchange Reserves: USD mn: Monthly: United Arab Emirates,monthly,1991,2,1991-02,8949.1
forex_reserves_monthly,Foreign Exchange Reserves: USD mn: Monthly: United Arab Emirates,monthly,1991,3,1991-03,9154.1
forex_reserves_monthly,Foreign Exchange Reserves: USD mn: Monthly: United Arab Emirates,monthly,1991,4,1991-04,8973.8
forex_reserves_monthly,Foreign Exchange Reserves: USD mn: Monthly: United Arab Emirates,monthly,1991,5,1991-05,9101.2
forex_reserves_monthly,Foreign Exchange Reserves: USD mn: Monthly: United Arab Emirates,monthly,1991,6,1991-06,9020.7
forex_reserves_monthly,Foreign Exchange Reserves: USD mn: Monthly: United Arab Emirates,monthly,1991,7,1991-07,9267.8
forex_reserves_monthly,Foreign Exchange Reserves: USD mn: Monthly: United Arab Emirates,monthly,1991,8,1991-08,9267.1
forex_reserves_monthly,Foreign Exchange Reserves: USD mn: Monthly: United Arab Emirates,monthly,1991,9,1991-09,9346.8
forex_reserves_monthly,Foreign Exchange Reserves: USD mn: Monthly: United Arab Emirates,monthly,1991,10,1991-10,9289.6
forex_reserves_monthly,Foreign Exchange Reserves: USD mn: Monthly: United Arab Emirates,monthly,1991,11,1991-11,9436.3
forex_reserves_monthly,Foreign Exchange Reserves: USD mn: Monthly: United Arab Emirates,monthly,1991,12,1991-12,9559.7
forex_reserves_monthly,Foreign Exchange Reserves: USD mn: Monthly: United Arab Emirates,monthly,1992,1,1992-01,9489.7
forex_reserves_monthly,Foreign Exchange Reserves: USD mn: Monthly: United Arab Emirates,monthly,1992,2,1992-02,9790.3
forex_reserves_monthly,Foreign Exchange Reserves: USD mn: Monthly: United Arab Emirates,monthly,1992,3,1992-03,9840.2
forex_reserves_monthly,Foreign Exchange Reserves: USD mn: Monthly: United Arab Emirates,monthly,1992,4,1992-04,9515.4
forex_reserves_monthly,Foreign Exchange Reserves: USD mn: Monthly: United Arab Emirates,monthly,1992,5,1992-05,9398.3
forex_reserves_monthly,Foreign Exchange Reserves: USD mn: Monthly: United Arab Emirates,monthly,1992,6,1992-06,9378.3
forex_reserves_monthly,Foreign Exchange Reserves: USD mn: Monthly: United Arab Emirates,monthly,1992,7,1992-07,9519.9
forex_reserves_monthly,Foreign Exchange Reserves: USD mn: Monthly: United Arab Emirates,monthly,1992,8,1992-08,9586.5
forex_reserves_monthly,Foreign Exchange Reserves: USD mn: Monthly: United Arab Emirates,monthly,1992,9,1992-09,9958.1
forex_reserves_monthly,Foreign Exchange Reserves: USD mn: Monthly: United Arab Emirates,monthly,1992,10,1992-10,10055.6
forex_reserves_monthly,Foreign Exchange Reserves: USD mn: Monthly: United Arab Emirates,monthly,1992,11,1992-11,10100.2
forex_reserves_monthly,Foreign Exchange Reserves: USD mn: Monthly: United Arab Emirates,monthly,1992,12,1992-12,9933.4
forex_reserves_monthly,Foreign Exchange Reserves: USD mn: Monthly: United Arab Emirates,monthly,1993,1,1993-01,9888.9
forex_reserves_monthly,Foreign Exchange Reserves: USD mn: Monthly: United Arab Emirates,monthly,1993,2,1993-02,9917.5
forex_reserves_monthly,Foreign Exchange Reserves: USD mn: Monthly: United Arab Emirates,monthly,1993,3,1993-03,10165.0
forex_reserves_monthly,Foreign Exchange Reserves: USD mn: Monthly: United Arab Emirates,monthly,1993,4,1993-04,9988.1
forex_reserves_monthly,Foreign Exchange Reserves: USD mn: Monthly: United Arab Emirates,monthly,1993,5,1993-05,9930.0
forex_reserves_monthly,Foreign Exchange Reserves: USD mn: Monthly: United Arab Emirates,monthly,1993,6,1993-06,9723.9
forex_reserves_monthly,Foreign Exchange Reserves: USD mn: Monthly: United Arab Emirates,monthly,1993,7,1993-07,10284.8
forex_reserves_monthly,Foreign Exchange Reserves: USD mn: Monthly: United Arab Emirates,monthly,1993,8,1993-08,9877.8
forex_reserves_monthly,Foreign Exchange Reserves: USD mn: Monthly: United Arab Emirates,monthly,1993,9,1993-09,9866.1
forex_reserves_monthly,Foreign Exchange Reserves: USD mn: Monthly: United Arab Emirates,monthly,1993,10,1993-10,9973.3
forex_reserves_monthly,Foreign Exchange Reserves: USD mn: Monthly: United Arab Emirates,monthly,1993,11,1993-11,9964.2
forex_reserves_monthly,Foreign Exchange Reserves: USD mn: Monthly: United Arab Emirates,monthly,1993,12,1993-12,10317.0
forex_reserves_monthly,Foreign Exchange Reserves: USD mn: Monthly: United Arab Emirates,monthly,1994,1,1994-01,10387.3
forex_reserves_monthly,Foreign Exchange Reserves: USD mn: Monthly: United Arab Emirates,monthly,1994,2,1994-02,10261.7
forex_reserves_monthly,Foreign Exchange Reserves: USD mn: Monthly: United Arab Emirates,monthly,1994,3,1994-03,10243.2
forex_reserves_monthly,Foreign Exchange Reserves: USD mn: Monthly: United Arab Emirates,monthly,1994,4,1994-04,10936.5
forex_reserves_monthly,Foreign Exchange Reserves: USD mn: Monthly: United Arab Emirates,monthly,1994,5,1994-05,10862.7
forex_reserves_monthly,Foreign Exchange Reserves: USD mn: Monthly: United Arab Emirates,monthly,1994,6,1994-06,10819.8
forex_reserves_monthly,Foreign Exchange Reserves: USD mn: Monthly: United Arab Emirates,monthly,1994,7,1994-07,11066.9
forex_reserves_monthly,Foreign Exchange Reserves: USD mn: Monthly: United Arab Emirates,monthly,1994,8,1994-08,10957.0
forex_reserves_monthly,Foreign Exchange Reserves: USD mn: Monthly: United Arab Emirates,monthly,1994,9,1994-09,11354.0
forex_reserves_monthly,Foreign Exchange Reserves: USD mn: Monthly: United Arab Emirates,monthly,1994,10,1994-10,11040.6
forex_reserves_monthly,Foreign Exchange Reserves: USD mn: Monthly: United Arab Emirates,monthly,1994,11,1994-11,10846.0
forex_reserves_monthly,Foreign Exchange Reserves: USD mn: Monthly: United Arab Emirates,monthly,1994,12,1994-12,10872.1
forex_reserves_monthly,Foreign Exchange Reserves: USD mn: Monthly: United Arab Emirates,monthly,1995,1,1995-01,11468.5
forex_reserves_monthly,Foreign Exchange Reserves: USD mn: Monthly: United Arab Emirates,monthly,1995,2,1995-02,11781.1
forex_reserves_monthly,Foreign Exchange Reserves: USD mn: Monthly: United Arab Emirates,monthly,1995,3,1995-03,11528.4
forex_reserves_monthly,Foreign Exchange Reserves: USD mn: Monthly: United Arab Emirates,monthly,1995,4,1995-04,11635.8
forex_reserves_monthly,Foreign Exchange Reserves: USD mn: Monthly: United Arab Emirates,monthly,1995,5,1995-05,11715.7
forex_reserves_monthly,Foreign Exchange Reserves: USD mn: Monthly: United Arab Emirates,monthly,1995,6,1995-06,11767.2
forex_reserves_monthly,Foreign Exchange Reserves: USD mn: Monthly: United Arab Emirates,monthly,1995,7,1995-07,11404.3
forex_reserves_monthly,Foreign Exchange Reserves: USD mn: Monthly: United Arab Emirates,monthly,1995,8,1995-08,11356.3
forex_reserves_monthly,Foreign Exchange Reserves: USD mn: Monthly: United Arab Emirates,monthly,1995,9,1995-09,11538.8
forex_reserves_monthly,Foreign Exchange Reserves: USD mn: Monthly: United Arab Emirates,monthly,1995,10,1995-10,11552.1
forex_reserves_monthly,Foreign Exchange Reserves: USD mn: Monthly: United Arab Emirates,monthly,1995,11,1995-11,11514.9
forex_reserves_monthly,Foreign Exchange Reserves: USD mn: Monthly: United Arab Emirates,monthly,1995,12,1995-12,11622.9
forex_reserves_monthly,Foreign Exchange Reserves: USD mn: Monthly: United Arab Emirates,monthly,1996,1,1996-01,11977.6
forex_reserves_monthly,Foreign Exchange Reserves: USD mn: Monthly: United Arab Emirates,monthly,1996,2,1996-02,11952.7
forex_reserves_monthly,Foreign Exchange Reserves: USD mn: Monthly: United Arab Emirates,monthly,1996,3,1996-03,12124.7
forex_reserves_monthly,Foreign Exchange Reserves: USD mn: Monthly: United Arab Emirates,monthly,1996,4,1996-04,12181.6
forex_reserves_monthly,Foreign Exchange Reserves: USD mn: Monthly: United Arab Emirates,monthly,1996,5,1996-05,12157.3
forex_reserves_monthly,Foreign Exchange Reserves: USD mn: Monthly: United Arab Emirates,monthly,1996,6,1996-06,12023.0
forex_reserves_monthly,Foreign Exchange Reserves: USD mn: Monthly: United Arab Emirates,monthly,1996,7,1996-07,12009.7
forex_reserves_monthly,Foreign Exchange Reserves: USD mn: Monthly: United Arab Emirates,monthly,1996,8,1996-08,12758.2
forex_reserves_monthly,Foreign Exchange Reserves: USD mn: Monthly: United Arab Emirates,monthly,1996,9,1996-09,12073.9
forex_reserves_monthly,Foreign Exchange Reserves: USD mn: Monthly: United Arab Emirates,monthly,1996,10,1996-10,11972.6
forex_reserves_monthly,Foreign Exchange Reserves: USD mn: Monthly: United Arab Emirates,monthly,1996,11,1996-11,12179.2
forex_reserves_monthly,Foreign Exchange Reserves: USD mn: Monthly: United Arab Emirates,monthly,1996,12,1996-12,12190.1
forex_reserves_monthly,Foreign Exchange Reserves: USD mn: Monthly: United Arab Emirates,monthly,1997,1,1997-01,12770.5
forex_reserves_monthly,Foreign Exchange Reserves: USD mn: Monthly: United Arab Emirates,monthly,1997,2,1997-02,12593.4
forex_reserves_monthly,Foreign Exchange Reserves: USD mn: Monthly: United Arab Emirates,monthly,1997,3,1997-03,12880.4
forex_reserves_monthly,Foreign Exchange Reserves: USD mn: Monthly: United Arab Emirates,monthly,1997,4,1997-04,12849.7
forex_reserves_monthly,Foreign Exchange Reserves: USD mn: Monthly: United Arab Emirates,monthly,1997,5,1997-05,13098.1
forex_reserves_monthly,Foreign Exchange Reserves: USD mn: Monthly: United Arab Emirates,monthly,1997,6,1997-06,13119.9
forex_reserves_monthly,Foreign Exchange Reserves: USD mn: Monthly: United Arab Emirates,monthly,1997,7,1997-07,12317.2
forex_reserves_monthly,Foreign Exchange Reserves: USD mn: Monthly: United Arab Emirates,monthly,1997,8,1997-08,13929.1
forex_reserves_monthly,Foreign Exchange Reserves: USD mn: Monthly: United Arab Emirates,monthly,1997,9,1997-09,13256.6
forex_reserves_monthly,Foreign Exchange Reserves: USD mn: Monthly: United Arab Emirates,monthly,1997,10,1997-10,13027.8
forex_reserves_monthly,Foreign Exchange Reserves: USD mn: Monthly: United Arab Emirates,monthly,1997,11,1997-11,12755.7
forex_reserves_monthly,Foreign Exchange Reserves: USD mn: Monthly: United Arab Emirates,monthly,1997,12,1997-12,12538.6
forex_reserves_monthly,Foreign Exchange Reserves: USD mn: Monthly: United Arab Emirates,monthly,1998,1,1998-01,12932.3
forex_reserves_monthly,Foreign Exchange Reserves: USD mn: Monthly: United Arab Emirates,monthly,1998,2,1998-02,12963.0
forex_reserves_monthly,Foreign Exchange Reserves: USD mn: Monthly: United Arab Emirates,monthly,1998,3,1998-03,13041.6
forex_reserves_monthly,Foreign Exchange Reserves: USD mn: Monthly: United Arab Emirates,monthly,1998,4,1998-04,12801.0
forex_reserves_monthly,Foreign Exchange Reserves: USD mn: Monthly: United Arab Emirates,monthly,1998,5,1998-05,12815.1
forex_reserves_monthly,Foreign Exchange Reserves: USD mn: Monthly: United Arab Emirates,monthly,1998,6,1998-06,12598.8
forex_reserves_monthly,Foreign Exchange Reserves: USD mn: Monthly: United Arab Emirates,monthly,1998,7,1998-07,12537.9
forex_reserves_monthly,Foreign Exchange Reserves: USD mn: Monthly: United Arab Emirates,monthly,1998,8,1998-08,12608.8
forex_reserves_monthly,Foreign Exchange Reserves: USD mn: Monthly: United Arab Emirates,monthly,1998,9,1998-09,12764.9
forex_reserves_monthly,Foreign Exchange Reserves: USD mn: Monthly: United Arab Emirates,monthly,1998,10,1998-10,13311.3
forex_reserves_monthly,Foreign Exchange Reserves: USD mn: Monthly: United Arab Emirates,monthly,1998,11,1998-11,13098.2
forex_reserves_monthly,Foreign Exchange Reserves: USD mn: Monthly: United Arab Emirates,monthly,1998,12,1998-12,13175.7
forex_reserves_monthly,Foreign Exchange Reserves: USD mn: Monthly: United Arab Emirates,monthly,1999,1,1999-01,13449.8
forex_reserves_monthly,Foreign Exchange Reserves: USD mn: Monthly: United Arab Emirates,monthly,1999,2,1999-02,14832.6
forex_reserves_monthly,Foreign Exchange Reserves: USD mn: Monthly: United Arab Emirates,monthly,1999,3,1999-03,13135.7
forex_reserves_monthly,Foreign Exchange Reserves: USD mn: Monthly: United Arab Emirates,monthly,1999,4,1999-04,13022.8
forex_reserves_monthly,Foreign Exchange Reserves: USD mn: Monthly: United Arab Emirates,monthly,1999,5,1999-05,13742.0
forex_reserves_monthly,Foreign Exchange Reserves: USD mn: Monthly: United Arab Emirates,monthly,1999,6,1999-06,13379.5
forex_reserves_monthly,Foreign Exchange Reserves: USD mn: Monthly: United Arab Emirates,monthly,1999,7,1999-07,13562.4
forex_reserves_monthly,Foreign Exchange Reserves: USD mn: Monthly: United Arab Emirates,monthly,1999,8,1999-08,13580.1
forex_reserves_monthly,Foreign Exchange Reserves: USD mn: Monthly: United Arab Emirates,monthly,1999,9,1999-09,13843.5
forex_reserves_monthly,Foreign Exchange Reserves: USD mn: Monthly: United Arab Emirates,monthly,1999,10,1999-10,14116.3
forex_reserves_monthly,Foreign Exchange Reserves: USD mn: Monthly: United Arab Emirates,monthly,1999,11,1999-11,14360.0
forex_reserves_monthly,Foreign Exchange Reserves: USD mn: Monthly: United Arab Emirates,monthly,1999,12,1999-12,14888.4
forex_reserves_monthly,Foreign Exchange Reserves: USD mn: Monthly: United Arab Emirates,monthly,2000,1,2000-01,15126.4
forex_reserves_monthly,Foreign Exchange Reserves: USD mn: Monthly: United Arab Emirates,monthly,2000,2,2000-02,14882.5
forex_reserves_monthly,Foreign Exchange Reserves: USD mn: Monthly: United Arab Emirates,monthly,2000,3,2000-03,14938.0
forex_reserves_monthly,Foreign Exchange Reserves: USD mn: Monthly: United Arab Emirates,monthly,2000,4,2000-04,15273.2
forex_reserves_monthly,Foreign Exchange Reserves: USD mn: Monthly: United Arab Emirates,monthly,2000,5,2000-05,15505.3
forex_reserves_monthly,Foreign Exchange Reserves: USD mn: Monthly: United Arab Emirates,monthly,2000,6,2000-06,15662.7
forex_reserves_monthly,Foreign Exchange Reserves: USD mn: Monthly: United Arab Emirates,monthly,2000,7,2000-07,16068.1
forex_reserves_monthly,Foreign Exchange Reserves: USD mn: Monthly: United Arab Emirates,monthly,2000,8,2000-08,16262.9
forex_reserves_monthly,Foreign Exchange Reserves: USD mn: Monthly: United Arab Emirates,monthly,2000,9,2000-09,16590.1
forex_reserves_monthly,Foreign Exchange Reserves: USD mn: Monthly: United Arab Emirates,monthly,2000,10,2000-10,16731.7
forex_reserves_monthly,Foreign Exchange Reserves: USD mn: Monthly: United Arab Emirates,monthly,2000,11,2000-11,17311.7
forex_reserves_monthly,Foreign Exchange Reserves: USD mn: Monthly: United Arab Emirates,monthly,2000,12,2000-12,17815.2
forex_reserves_monthly,Foreign Exchange Reserves: USD mn: Monthly: United Arab Emirates,monthly,2001,1,2001-01,17838.0
forex_reserves_monthly,Foreign Exchange Reserves: USD mn: Monthly: United Arab Emirates,monthly,2001,2,2001-02,17987.6
forex_reserves_monthly,Foreign Exchange Reserves: USD mn: Monthly: United Arab Emirates,monthly,2001,3,2001-03,18189.2
forex_reserves_monthly,Foreign Exchange Reserves: USD mn: Monthly: United Arab Emirates,monthly,2001,4,2001-04,18256.9
forex_reserves_monthly,Foreign Exchange Reserves: USD mn: Monthly: United Arab Emirates,monthly,2001,5,2001-05,18337.7
forex_reserves_monthly,Foreign Exchange Reserves: USD mn: Monthly: United Arab Emirates,monthly,2001,6,2001-06,18360.7
forex_reserves_monthly,Foreign Exchange Reserves: USD mn: Monthly: United Arab Emirates,monthly,2001,7,2001-07,18228.5
forex_reserves_monthly,Foreign Exchange Reserves: USD mn: Monthly: United Arab Emirates,monthly,2001,8,2001-08,18432.2
forex_reserves_monthly,Foreign Exchange Reserves: USD mn: Monthly: United Arab Emirates,monthly,2001,9,2001-09,18768.2
forex_reserves_monthly,Foreign Exchange Reserves: USD mn: Monthly: United Arab Emirates,monthly,2001,10,2001-10,19157.9
forex_reserves_monthly,Foreign Exchange Reserves: USD mn: Monthly: United Arab Emirates,monthly,2001,11,2001-11,18668.2
forex_reserves_monthly,Foreign Exchange Reserves: USD mn: Monthly: United Arab Emirates,monthly,2001,12,2001-12,18429.5
forex_reserves_monthly,Foreign Exchange Reserves: USD mn: Monthly: United Arab Emirates,monthly,2002,1,2002-01,18230.2
forex_reserves_monthly,Foreign Exchange Reserves: USD mn: Monthly: United Arab Emirates,monthly,2002,2,2002-02,17799.4
forex_reserves_monthly,Foreign Exchange Reserves: USD mn: Monthly: United Arab Emirates,monthly,2002,3,2002-03,17631.1
forex_reserves_monthly,Foreign Exchange Reserves: USD mn: Monthly: United Arab Emirates,monthly,2002,4,2002-04,18202.0
forex_reserves_monthly,Foreign Exchange Reserves: USD mn: Monthly: United Arab Emirates,monthly,2002,5,2002-05,17939.1
forex_reserves_monthly,Foreign Exchange Reserves: USD mn: Monthly: United Arab Emirates,monthly,2002,6,2002-06,18466.7
forex_reserves_monthly,Foreign Exchange Reserves: USD mn: Monthly: United Arab Emirates,monthly,2002,7,2002-07,17948.7
forex_reserves_monthly,Foreign Exchange Reserves: USD mn: Monthly: United Arab Emirates,monthly,2002,8,2002-08,17964.5
forex_reserves_monthly,Foreign Exchange Reserves: USD mn: Monthly: United Arab Emirates,monthly,2002,9,2002-09,17921.2
forex_reserves_monthly,Foreign Exchange Reserves: USD mn: Monthly: United Arab Emirates,monthly,2002,10,2002-10,17865.2
forex_reserves_monthly,Foreign Exchange Reserves: USD mn: Monthly: United Arab Emirates,monthly,2002,11,2002-11,19446.5
forex_reserves_monthly,Foreign Exchange Reserves: USD mn: Monthly: United Arab Emirates,monthly,2002,12,2002-12,19408.5
forex_reserves_monthly,Foreign Exchange Reserves: USD mn: Monthly: United Arab Emirates,monthly,2003,1,2003-01,18888.9
forex_reserves_monthly,Foreign Exchange Reserves: USD mn: Monthly: United Arab Emirates,monthly,2003,2,2003-02,18115.0
forex_reserves_monthly,Foreign Exchange Reserves: USD mn: Monthly: United Arab Emirates,monthly,2003,3,2003-03,18259.8
forex_reserves_monthly,Foreign Exchange Reserves: USD mn: Monthly: United Arab Emirates,monthly,2003,4,2003-04,18506.2
forex_reserves_monthly,Foreign Exchange Reserves: USD mn: Monthly: United Arab Emirates,monthly,2003,5,2003-05,18583.8
forex_reserves_monthly,Foreign Exchange Reserves: USD mn: Monthly: United Arab Emirates,monthly,2003,6,2003-06,18477.6
forex_reserves_monthly,Foreign Exchange Reserves: USD mn: Monthly: United Arab Emirates,monthly,2003,7,2003-07,19490.1
forex_reserves_monthly,Foreign Exchange Reserves: USD mn: Monthly: United Arab Emirates,monthly,2003,8,2003-08,19341.2
forex_reserves_monthly,Foreign Exchange Reserves: USD mn: Monthly: United Arab Emirates,monthly,2003,9,2003-09,18919.6
forex_reserves_monthly,Foreign Exchange Reserves: USD mn: Monthly: United Arab Emirates,monthly,2003,10,2003-10,18831.9
forex_reserves_monthly,Foreign Exchange Reserves: USD mn: Monthly: United Arab Emirates,monthly,2003,11,2003-11,19056.9
forex_reserves_monthly,Foreign Exchange Reserves: USD mn: Monthly: United Arab Emirates,monthly,2003,12,2003-12,19242.8
forex_reserves_monthly,Foreign Exchange Reserves: USD mn: Monthly: United Arab Emirates,monthly,2004,1,2004-01,20820.3
forex_reserves_monthly,Foreign Exchange Reserves: USD mn: Monthly: United Arab Emirates,monthly,2004,2,2004-02,21245.3
forex_reserves_monthly,Foreign Exchange Reserves: USD mn: Monthly: United Arab Emirates,monthly,2004,3,2004-03,21896.5
forex_reserves_monthly,Foreign Exchange Reserves: USD mn: Monthly: United Arab Emirates,monthly,2004,4,2004-04,22250.3
forex_reserves_monthly,Foreign Exchange Reserves: USD mn: Monthly: United Arab Emirates,monthly,2004,5,2004-05,21068.2
forex_reserves_monthly,Foreign Exchange Reserves: USD mn: Monthly: United Arab Emirates,monthly,2004,6,2004-06,20404.7
forex_reserves_monthly,Foreign Exchange Reserves: USD mn: Monthly: United Arab Emirates,monthly,2004,7,2004-07,26675.2
forex_reserves_monthly,Foreign Exchange Reserves: USD mn: Monthly: United Arab Emirates,monthly,2004,8,2004-08,21439.0
forex_reserves_monthly,Foreign Exchange Reserves: USD mn: Monthly: United Arab Emirates,monthly,2004,9,2004-09,20540.3
forex_reserves_monthly,Foreign Exchange Reserves: USD mn: Monthly: United Arab Emirates,monthly,2004,10,2004-10,21171.2
forex_reserves_monthly,Foreign Exchange Reserves: USD mn: Monthly: United Arab Emirates,monthly,2004,11,2004-11,22294.9
forex_reserves_monthly,Foreign Exchange Reserves: USD mn: Monthly: United Arab Emirates,monthly,2004,12,2004-12,22720.3
forex_reserves_monthly,Foreign Exchange Reserves: USD mn: Monthly: United Arab Emirates,monthly,2005,1,2005-01,22482.5
forex_reserves_monthly,Foreign Exchange Reserves: USD mn: Monthly: United Arab Emirates,monthly,2005,2,2005-02,22280.0
forex_reserves_monthly,Foreign Exchange Reserves: USD mn: Monthly: United Arab Emirates,monthly,2005,3,2005-03,23594.9
forex_reserves_monthly,Foreign Exchange Reserves: USD mn: Monthly: United Arab Emirates,monthly,2005,4,2005-04,23920.0
forex_reserves_monthly,Foreign Exchange Reserves: USD mn: Monthly: United Arab Emirates,monthly,2005,5,2005-05,23953.8
forex_reserves_monthly,Foreign Exchange Reserves: USD mn: Monthly: United Arab Emirates,monthly,2005,6,2005-06,24074.5
forex_reserves_monthly,Foreign Exchange Reserves: USD mn: Monthly: United Arab Emirates,monthly,2005,7,2005-07,27738.1
forex_reserves_monthly,Foreign Exchange Reserves: USD mn: Monthly: United Arab Emirates,monthly,2005,8,2005-08,27503.4
forex_reserves_monthly,Foreign Exchange Reserves: USD mn: Monthly: United Arab Emirates,monthly,2005,9,2005-09,27402.0
forex_reserves_monthly,Foreign Exchange Reserves: USD mn: Monthly: United Arab Emirates,monthly,2005,10,2005-10,29196.7
forex_reserves_monthly,Foreign Exchange Reserves: USD mn: Monthly: United Arab Emirates,monthly,2005,11,2005-11,27097.6
forex_reserves_monthly,Foreign Exchange Reserves: USD mn: Monthly: United Arab Emirates,monthly,2005,12,2005-12,25379.0
forex_reserves_monthly,Foreign Exchange Reserves: USD mn: Monthly: United Arab Emirates,monthly,2006,1,2006-01,25640.5
forex_reserves_monthly,Foreign Exchange Reserves: USD mn: Monthly: United Arab Emirates,monthly,2006,2,2006-02,26782.8
forex_reserves_monthly,Foreign Exchange Reserves: USD mn: Monthly: United Arab Emirates,monthly,2006,3,2006-03,27110.3
forex_reserves_monthly,Foreign Exchange Reserves: USD mn: Monthly: United Arab Emirates,monthly,2006,4,2006-04,27824.7
forex_reserves_monthly,Foreign Exchange Reserves: USD mn: Monthly: United Arab Emirates,monthly,2006,5,2006-05,28925.5
forex_reserves_monthly,Foreign Exchange Reserves: USD mn: Monthly: United Arab Emirates,monthly,2006,6,2006-06,29399.0
forex_reserves_monthly,Foreign Exchange Reserves: USD mn: Monthly: United Arab Emirates,monthly,2006,7,2006-07,29952.9
forex_reserves_monthly,Foreign Exchange Reserves: USD mn: Monthly: United Arab Emirates,monthly,2006,8,2006-08,29581.0
forex_reserves_monthly,Foreign Exchange Reserves: USD mn: Monthly: United Arab Emirates,monthly,2006,9,2006-09,30752.1
forex_reserves_monthly,Foreign Exchange Reserves: USD mn: Monthly: United Arab Emirates,monthly,2006,10,2006-10,30212.8
forex_reserves_monthly,Foreign Exchange Reserves: USD mn: Monthly: United Arab Emirates,monthly,2006,11,2006-11,31452.7
forex_reserves_monthly,Foreign Exchange Reserves: USD mn: Monthly: United Arab Emirates,monthly,2006,12,2006-12,32023.2
forex_reserves_monthly,Foreign Exchange Reserves: USD mn: Monthly: United Arab Emirates,monthly,2007,1,2007-01,32762.6
forex_reserves_monthly,Foreign Exchange Reserves: USD mn: Monthly: United Arab Emirates,monthly,2007,2,2007-02,34623.2
forex_reserves_monthly,Foreign Exchange Reserves: USD mn: Monthly: United Arab Emirates,monthly,2007,3,2007-03,39307.8
forex_reserves_monthly,Foreign Exchange Reserves: USD mn: Monthly: United Arab Emirates,monthly,2007,4,2007-04,44136.6
forex_reserves_monthly,Foreign Exchange Reserves: USD mn: Monthly: United Arab Emirates,monthly,2007,5,2007-05,47000.9
forex_reserves_monthly,Foreign Exchange Reserves: USD mn: Monthly: United Arab Emirates,monthly,2007,6,2007-06,47434.3
forex_reserves_monthly,Foreign Exchange Reserves: USD mn: Monthly: United Arab Emirates,monthly,2007,7,2007-07,46718.5
forex_reserves_monthly,Foreign Exchange Reserves: USD mn: Monthly: United Arab Emirates,monthly,2007,8,2007-08,48008.2
forex_reserves_monthly,Foreign Exchange Reserves: USD mn: Monthly: United Arab Emirates,monthly,2007,9,2007-09,52978.7
forex_reserves_monthly,Foreign Exchange Reserves: USD mn: Monthly: United Arab Emirates,monthly,2007,10,2007-10,54943.4
forex_reserves_monthly,Foreign Exchange Reserves: USD mn: Monthly: United Arab Emirates,monthly,2007,11,2007-11,80115.5
forex_reserves_monthly,Foreign Exchange Reserves: USD mn: Monthly: United Arab Emirates,monthly,2007,12,2007-12,81673.2
forex_reserves_monthly,Foreign Exchange Reserves: USD mn: Monthly: United Arab Emirates,monthly,2008,1,2008-01,80032.6
forex_reserves_monthly,Foreign Exchange Reserves: USD mn: Monthly: United Arab Emirates,monthly,2008,2,2008-02,85869.8
forex_reserves_monthly,Foreign Exchange Reserves: USD mn: Monthly: United Arab Emirates,monthly,2008,3,2008-03,86986.8
forex_reserves_monthly,Foreign Exchange Reserves: USD mn: Monthly: United Arab Emirates,monthly,2008,4,2008-04,74320.8
forex_reserves_monthly,Foreign Exchange Reserves: USD mn: Monthly: United Arab Emirates,monthly,2008,5,2008-05,75425.5
forex_reserves_monthly,Foreign Exchange Reserves: USD mn: Monthly: United Arab Emirates,monthly,2008,6,2008-06,65052.4
forex_reserves_monthly,Foreign Exchange Reserves: USD mn: Monthly: United Arab Emirates,monthly,2008,7,2008-07,58639.3
forex_reserves_monthly,Foreign Exchange Reserves: USD mn: Monthly: United Arab Emirates,monthly,2008,8,2008-08,54262.4
forex_reserves_monthly,Foreign Exchange Reserves: USD mn: Monthly: United Arab Emirates,monthly,2008,9,2008-09,49064.3
forex_reserves_monthly,Foreign Exchange Reserves: USD mn: Monthly: United Arab Emirates,monthly,2008,10,2008-10,45789.4
forex_reserves_monthly,Foreign Exchange Reserves: USD mn: Monthly: United Arab Emirates,monthly,2008,11,2008-11,39338.4
forex_reserves_monthly,Foreign Exchange Reserves: USD mn: Monthly: United Arab Emirates,monthly,2008,12,2008-12,36067.9
forex_reserves_monthly,Foreign Exchange Reserves: USD mn: Monthly: United Arab Emirates,monthly,2009,1,2009-01,33132.6
forex_reserves_monthly,Foreign Exchange Reserves: USD mn: Monthly: United Arab Emirates,monthly,2009,2,2009-02,31306.2
forex_reserves_monthly,Foreign Exchange Reserves: USD mn: Monthly: United Arab Emirates,monthly,2009,3,2009-03,28550.9
forex_reserves_monthly,Foreign Exchange Reserves: USD mn: Monthly: United Arab Emirates,monthly,2009,4,2009-04,26120.6
forex_reserves_monthly,Foreign Exchange Reserves: USD mn: Monthly: United Arab Emirates,monthly,2009,5,2009-05,27468.7
forex_reserves_monthly,Foreign Exchange Reserves: USD mn: Monthly: United Arab Emirates,monthly,2009,6,2009-06,30382.0
forex_reserves_monthly,Foreign Exchange Reserves: USD mn: Monthly: United Arab Emirates,monthly,2009,7,2009-07,31292.5
forex_reserves_monthly,Foreign Exchange Reserves: USD mn: Monthly: United Arab Emirates,monthly,2009,8,2009-08,31426.2
forex_reserves_monthly,Foreign Exchange Reserves: USD mn: Monthly: United Arab Emirates,monthly,2009,9,2009-09,32151.9
forex_reserves_monthly,Foreign Exchange Reserves: USD mn: Monthly: United Arab Emirates,monthly,2009,10,2009-10,33283.8
forex_reserves_monthly,Foreign Exchange Reserves: USD mn: Monthly: United Arab Emirates,monthly,2009,11,2009-11,34156.8
forex_reserves_monthly,Foreign Exchange Reserves: USD mn: Monthly: United Arab Emirates,monthly,2009,12,2009-12,29581.7
forex_reserves_monthly,Foreign Exchange Reserves: USD mn: Monthly: United Arab Emirates,monthly,2010,1,2010-01,27303.1
forex_reserves_monthly,Foreign Exchange Reserves: USD mn: Monthly: United Arab Emirates,monthly,2010,2,2010-02,25522.1
forex_reserves_monthly,Foreign Exchange Reserves: USD mn: Monthly: United Arab Emirates,monthly,2010,3,2010-03,27383.7
forex_reserves_monthly,Foreign Exchange Reserves: USD mn: Monthly: United Arab Emirates,monthly,2010,4,2010-04,27340.7
forex_reserves_monthly,Foreign Exchange Reserves: USD mn: Monthly: United Arab Emirates,monthly,2010,5,2010-05,28073.7
forex_reserves_monthly,Foreign Exchange Reserves: USD mn: Monthly: United Arab Emirates,monthly,2010,6,2010-06,27730.9
forex_reserves_monthly,Foreign Exchange Reserves: USD mn: Monthly: United Arab Emirates,monthly,2010,7,2010-07,32379.5
forex_reserves_monthly,Foreign Exchange Reserves: USD mn: Monthly: United Arab Emirates,monthly,2010,8,2010-08,30855.5
forex_reserves_monthly,Foreign Exchange Reserves: USD mn: Monthly: United Arab Emirates,monthly,2010,9,2010-09,30506.9
forex_reserves_monthly,Foreign Exchange Reserves: USD mn: Monthly: United Arab Emirates,monthly,2010,10,2010-10,34750.8
forex_reserves_monthly,Foreign Exchange Reserves: USD mn: Monthly: United Arab Emirates,monthly,2010,11,2010-11,35446.2
forex_reserves_monthly,Foreign Exchange Reserves: USD mn: Monthly: United Arab Emirates,monthly,2010,12,2010-12,36262.2
forex_reserves_monthly,Foreign Exchange Reserves: USD mn: Monthly: United Arab Emirates,monthly,2011,1,2011-01,36779.3
forex_reserves_monthly,Foreign Exchange Reserves: USD mn: Monthly: United Arab Emirates,monthly,2011,2,2011-02,40995.6
forex_reserves_monthly,Foreign Exchange Reserves: USD mn: Monthly: United Arab Emirates,monthly,2011,3,2011-03,44329.0
forex_reserves_monthly,Foreign Exchange Reserves: USD mn: Monthly: United Arab Emirates,monthly,2011,4,2011-04,49835.6
forex_reserves_monthly,Foreign Exchange Reserves: USD mn: Monthly: United Arab Emirates,monthly,2011,5,2011-05,49585.5
forex_reserves_monthly,Foreign Exchange Reserves: USD mn: Monthly: United Arab Emirates,monthly,2011,6,2011-06,48681.4
forex_reserves_monthly,Foreign Exchange Reserves: USD mn: Monthly: United Arab Emirates,monthly,2011,7,2011-07,47120.9
forex_reserves_monthly,Foreign Exchange Reserves: USD mn: Monthly: United Arab Emirates,monthly,2011,8,2011-08,45627.1
forex_reserves_monthly,Foreign Exchange Reserves: USD mn: Monthly: United Arab Emirates,monthly,2011,9,2011-09,44198.5
forex_reserves_monthly,Foreign Exchange Reserves: USD mn: Monthly: United Arab Emirates,monthly,2011,10,2011-10,44198.5
forex_reserves_monthly,Foreign Exchange Reserves: USD mn: Monthly: United Arab Emirates,monthly,2011,11,2011-11,44198.5
forex_reserves_monthly,Foreign Exchange Reserves: USD mn: Monthly: United Arab Emirates,monthly,2011,12,2011-12,40601.8
forex_reserves_monthly,Foreign Exchange Reserves: USD mn: Monthly: United Arab Emirates,monthly,2012,1,2012-01,42191.2
forex_reserves_monthly,Foreign Exchange Reserves: USD mn: Monthly: United Arab Emirates,monthly,2012,2,2012-02,42606.8
forex_reserves_monthly,Foreign Exchange Reserves: USD mn: Monthly: United Arab Emirates,monthly,2012,3,2012-03,45531.1
forex_reserves_monthly,Foreign Exchange Reserves: USD mn: Monthly: United Arab Emirates,monthly,2012,4,2012-04,45637.8
forex_reserves_monthly,Foreign Exchange Reserves: USD mn: Monthly: United Arab Emirates,monthly,2012,5,2012-05,43272.0
forex_reserves_monthly,Foreign Exchange Reserves: USD mn: Monthly: United Arab Emirates,monthly,2012,6,2012-06,45143.7
forex_reserves_monthly,Foreign Exchange Reserves: USD mn: Monthly: United Arab Emirates,monthly,2012,7,2012-07,45307.3
forex_reserves_monthly,Foreign Exchange Reserves: USD mn: Monthly: United Arab Emirates,monthly,2012,8,2012-08,45890.1
forex_reserves_monthly,Foreign Exchange Reserves: USD mn: Monthly: United Arab Emirates,monthly,2012,9,2012-09,45409.2
forex_reserves_monthly,Foreign Exchange Reserves: USD mn: Monthly: United Arab Emirates,monthly,2012,10,2012-10,47536.5
forex_reserves_monthly,Foreign Exchange Reserves: USD mn: Monthly: United Arab Emirates,monthly,2012,11,2012-11,49382.6
forex_reserves_monthly,Foreign Exchange Reserves: USD mn: Monthly: United Arab Emirates,monthly,2012,12,2012-12,50337.4
forex_reserves_monthly,Foreign Exchange Reserves: USD mn: Monthly: United Arab Emirates,monthly,2013,1,2013-01,52436.4
forex_reserves_monthly,Foreign Exchange Reserves: USD mn: Monthly: United Arab Emirates,monthly,2013,2,2013-02,54603.5
forex_reserves_monthly,Foreign Exchange Reserves: USD mn: Monthly: United Arab Emirates,monthly,2013,3,2013-03,57401.3
forex_reserves_monthly,Foreign Exchange Reserves: USD mn: Monthly: United Arab Emirates,monthly,2013,4,2013-04,60037.8
forex_reserves_monthly,Foreign Exchange Reserves: USD mn: Monthly: United Arab Emirates,monthly,2013,5,2013-05,60733.3
forex_reserves_monthly,Foreign Exchange Reserves: USD mn: Monthly: United Arab Emirates,monthly,2013,6,2013-06,63198.2
forex_reserves_monthly,Foreign Exchange Reserves: USD mn: Monthly: United Arab Emirates,monthly,2013,7,2013-07,63181.8
forex_reserves_monthly,Foreign Exchange Reserves: USD mn: Monthly: United Arab Emirates,monthly,2013,8,2013-08,64726.9
forex_reserves_monthly,Foreign Exchange Reserves: USD mn: Monthly: United Arab Emirates,monthly,2013,9,2013-09,71837.8
forex_reserves_monthly,Foreign Exchange Reserves: USD mn: Monthly: United Arab Emirates,monthly,2013,10,2013-10,67659.2
forex_reserves_monthly,Foreign Exchange Reserves: USD mn: Monthly: United Arab Emirates,monthly,2013,11,2013-11,67712.5
forex_reserves_monthly,Foreign Exchange Reserves: USD mn: Monthly: United Arab Emirates,monthly,2013,12,2013-12,71462.2
forex_reserves_monthly,Foreign Exchange Reserves: USD mn: Monthly: United Arab Emirates,monthly,2014,1,2014-01,76914.7
forex_reserves_monthly,Foreign Exchange Reserves: USD mn: Monthly: United Arab Emirates,monthly,2014,2,2014-02,75909.6
forex_reserves_monthly,Foreign Exchange Reserves: USD mn: Monthly: United Arab Emirates,monthly,2014,3,2014-03,75713.8
forex_reserves_monthly,Foreign Exchange Reserves: USD mn: Monthly: United Arab Emirates,monthly,2014,4,2014-04,77009.8
forex_reserves_monthly,Foreign Exchange Reserves: USD mn: Monthly: United Arab Emirates,monthly,2014,5,2014-05,76253.0
forex_reserves_monthly,Foreign Exchange Reserves: USD mn: Monthly: United Arab Emirates,monthly,2014,6,2014-06,78071.6
forex_reserves_monthly,Foreign Exchange Reserves: USD mn: Monthly: United Arab Emirates,monthly,2014,7,2014-07,83609.5
forex_reserves_monthly,Foreign Exchange Reserves: USD mn: Monthly: United Arab Emirates,monthly,2014,8,2014-08,82263.7
forex_reserves_monthly,Foreign Exchange Reserves: USD mn: Monthly: United Arab Emirates,monthly,2014,9,2014-09,80733.3
forex_reserves_monthly,Foreign Exchange Reserves: USD mn: Monthly: United Arab Emirates,monthly,2014,10,2014-10,79191.9
forex_reserves_monthly,Foreign Exchange Reserves: USD mn: Monthly: United Arab Emirates,monthly,2014,11,2014-11,79992.9
forex_reserves_monthly,Foreign Exchange Reserves: USD mn: Monthly: United Arab Emirates,monthly,2014,12,2014-12,81753.4
forex_reserves_monthly,Foreign Exchange Reserves: USD mn: Monthly: United Arab Emirates,monthly,2015,1,2015-01,79721.8
forex_reserves_monthly,Foreign Exchange Reserves: USD mn: Monthly: United Arab Emirates,monthly,2015,2,2015-02,79249.9
forex_reserves_monthly,Foreign Exchange Reserves: USD mn: Monthly: United Arab Emirates,monthly,2015,3,2015-03,77785.6
forex_reserves_monthly,Foreign Exchange Reserves: USD mn: Monthly: United Arab Emirates,monthly,2015,4,2015-04,80290.6
forex_reserves_monthly,Foreign Exchange Reserves: USD mn: Monthly: United Arab Emirates,monthly,2015,5,2015-05,80402.2
forex_reserves_monthly,Foreign Exchange Reserves: USD mn: Monthly: United Arab Emirates,monthly,2015,6,2015-06,79114.8
forex_reserves_monthly,Foreign Exchange Reserves: USD mn: Monthly: United Arab Emirates,monthly,2015,7,2015-07,79838.7
forex_reserves_monthly,Foreign Exchange Reserves: USD mn: Monthly: United Arab Emirates,monthly,2015,8,2015-08,76193.4
forex_reserves_monthly,Foreign Exchange Reserves: USD mn: Monthly: United Arab Emirates,monthly,2015,9,2015-09,77002.3
forex_reserves_monthly,Foreign Exchange Reserves: USD mn: Monthly: United Arab Emirates,monthly,2015,10,2015-10,81968.3
forex_reserves_monthly,Foreign Exchange Reserves: USD mn: Monthly: United Arab Emirates,monthly,2015,11,2015-11,81755.5
forex_reserves_monthly,Foreign Exchange Reserves: USD mn: Monthly: United Arab Emirates,monthly,2015,12,2015-12,97083.1
forex_reserves_monthly,Foreign Exchange Reserves: USD mn: Monthly: United Arab Emirates,monthly,2016,1,2016-01,85011.9
forex_reserves_monthly,Foreign Exchange Reserves: USD mn: Monthly: United Arab Emirates,monthly,2016,2,2016-02,87513.0
forex_reserves_monthly,Foreign Exchange Reserves: USD mn: Monthly: United Arab Emirates,monthly,2016,3,2016-03,87528.3
forex_reserves_monthly,Foreign Exchange Reserves: USD mn: Monthly: United Arab Emirates,monthly,2016,4,2016-04,92353.7
forex_reserves_monthly,Foreign Exchange Reserves: USD mn: Monthly: United Arab Emirates,monthly,2016,5,2016-05,84960.3
forex_reserves_monthly,Foreign Exchange Reserves: USD mn: Monthly: United Arab Emirates,monthly,2016,6,2016-06,89712.3
forex_reserves_monthly,Foreign Exchange Reserves: USD mn: Monthly: United Arab Emirates,monthly,2016,7,2016-07,90051.0
forex_reserves_monthly,Foreign Exchange Reserves: USD mn: Monthly: United Arab Emirates,monthly,2016,8,2016-08,85694.6
forex_reserves_monthly,Foreign Exchange Reserves: USD mn: Monthly: United Arab Emirates,monthly,2016,9,2016-09,86308.1
forex_reserves_monthly,Foreign Exchange Reserves: USD mn: Monthly: United Arab Emirates,monthly,2016,10,2016-10,84553.2
forex_reserves_monthly,Foreign Exchange Reserves: USD mn: Monthly: United Arab Emirates,monthly,2016,11,2016-11,81873.6
forex_reserves_monthly,Foreign Exchange Reserves: USD mn: Monthly: United Arab Emirates,monthly,2016,12,2016-12,88894.7
forex_reserves_monthly,Foreign Exchange Reserves: USD mn: Monthly: United Arab Emirates,monthly,2017,1,2017-01,83391.7
forex_reserves_monthly,Foreign Exchange Reserves: USD mn: Monthly: United Arab Emirates,monthly,2017,2,2017-02,88059.4
forex_reserves_monthly,Foreign Exchange Reserves: USD mn: Monthly: United Arab Emirates,monthly,2017,3,2017-03,92701.0
forex_reserves_monthly,Foreign Exchange Reserves: USD mn: Monthly: United Arab Emirates,monthly,2017,4,2017-04,90642.1
forex_reserves_monthly,Foreign Exchange Reserves: USD mn: Monthly: United Arab Emirates,monthly,2017,5,2017-05,91997.0
forex_reserves_monthly,Foreign Exchange Reserves: USD mn: Monthly: United Arab Emirates,monthly,2017,6,2017-06,96340.1
forex_reserves_monthly,Foreign Exchange Reserves: USD mn: Monthly: United Arab Emirates,monthly,2017,7,2017-07,94381.2
forex_reserves_monthly,Foreign Exchange Reserves: USD mn: Monthly: United Arab Emirates,monthly,2017,8,2017-08,96518.4
forex_reserves_monthly,Foreign Exchange Reserves: USD mn: Monthly: United Arab Emirates,monthly,2017,9,2017-09,97912.0
forex_reserves_monthly,Foreign Exchange Reserves: USD mn: Monthly: United Arab Emirates,monthly,2017,10,2017-10,91898.8
forex_reserves_monthly,Foreign Exchange Reserves: USD mn: Monthly: United Arab Emirates,monthly,2017,11,2017-11,94154.6
forex_reserves_monthly,Foreign Exchange Reserves: USD mn: Monthly: United Arab Emirates,monthly,2017,12,2017-12,98864.8
forex_reserves_monthly,Foreign Exchange Reserves: USD mn: Monthly: United Arab Emirates,monthly,2018,1,2018-01,92955.6
forex_reserves_monthly,Foreign Exchange Reserves: USD mn: Monthly: United Arab Emirates,monthly,2018,2,2018-02,96723.0
forex_reserves_monthly,Foreign Exchange Reserves: USD mn: Monthly: United Arab Emirates,monthly,2018,3,2018-03,95774.1
forex_reserves_monthly,Foreign Exchange Reserves: USD mn: Monthly: United Arab Emirates,monthly,2018,4,2018-04,93068.2
forex_reserves_monthly,Foreign Exchange Reserves: USD mn: Monthly: United Arab Emirates,monthly,2018,5,2018-05,93131.8
forex_reserves_monthly,Foreign Exchange Reserves: USD mn: Monthly: United Arab Emirates,monthly,2018,6,2018-06,94355.7
forex_reserves_monthly,Foreign Exchange Reserves: USD mn: Monthly: United Arab Emirates,monthly,2018,7,2018-07,94702.3
forex_reserves_monthly,Foreign Exchange Reserves: USD mn: Monthly: United Arab Emirates,monthly,2018,8,2018-08,93950.9
forex_reserves_monthly,Foreign Exchange Reserves: USD mn: Monthly: United Arab Emirates,monthly,2018,9,2018-09,93347.4
forex_reserves_monthly,Foreign Exchange Reserves: USD mn: Monthly: United Arab Emirates,monthly,2018,10,2018-10,93274.1
forex_reserves_monthly,Foreign Exchange Reserves: USD mn: Monthly: United Arab Emirates,monthly,2018,11,2018-11,98505.1
forex_reserves_monthly,Foreign Exchange Reserves: USD mn: Monthly: United Arab Emirates,monthly,2018,12,2018-12,102923.0
forex_reserves_monthly,Foreign Exchange Reserves: USD mn: Monthly: United Arab Emirates,monthly,2019,1,2019-01,98947.0
forex_reserves_monthly,Foreign Exchange Reserves: USD mn: Monthly: United Arab Emirates,monthly,2019,2,2019-02,101953.2
forex_reserves_monthly,Foreign Exchange Reserves: USD mn: Monthly: United Arab Emirates,monthly,2019,3,2019-03,106871.5
forex_reserves_monthly,Foreign Exchange Reserves: USD mn: Monthly: United Arab Emirates,monthly,2019,4,2019-04,103729.6
forex_reserves_monthly,Foreign Exchange Reserves: USD mn: Monthly: United Arab Emirates,monthly,2019,5,2019-05,107464.9
forex_reserves_monthly,Foreign Exchange Reserves: USD mn: Monthly: United Arab Emirates,monthly,2019,6,2019-06,106893.5
forex_reserves_monthly,Foreign Exchange Reserves: USD mn: Monthly: United Arab Emirates,monthly,2019,7,2019-07,104678.4
forex_reserves_monthly,Foreign Exchange Reserves: USD mn: Monthly: United Arab Emirates,monthly,2019,8,2019-08,105415.5
forex_reserves_monthly,Foreign Exchange Reserves: USD mn: Monthly: United Arab Emirates,monthly,2019,9,2019-09,105702.7
forex_reserves_monthly,Foreign Exchange Reserves: USD mn: Monthly: United Arab Emirates,monthly,2019,10,2019-10,104615.4
forex_reserves_monthly,Foreign Exchange Reserves: USD mn: Monthly: United Arab Emirates,monthly,2019,11,2019-11,110559.3
forex_reserves_monthly,Foreign Exchange Reserves: USD mn: Monthly: United Arab Emirates,monthly,2019,12,2019-12,110892.7
forex_reserves_monthly,Foreign Exchange Reserves: USD mn: Monthly: United Arab Emirates,monthly,2020,1,2020-01,111956.8
forex_reserves_monthly,Foreign Exchange Reserves: USD mn: Monthly: United Arab Emirates,monthly,2020,2,2020-02,113516.5
forex_reserves_monthly,Foreign Exchange Reserves: USD mn: Monthly: United Arab Emirates,monthly,2020,3,2020-03,109282.3
forex_reserves_monthly,Foreign Exchange Reserves: USD mn: Monthly: United Arab Emirates,monthly,2020,4,2020-04,103953.5
forex_reserves_monthly,Foreign Exchange Reserves: USD mn: Monthly: United Arab Emirates,monthly,2020,5,2020-05,98912.9
forex_reserves_monthly,Foreign Exchange Reserves: USD mn: Monthly: United Arab Emirates,monthly,2020,6,2020-06,98218.0
forex_reserves_monthly,Foreign Exchange Reserves: USD mn: Monthly: United Arab Emirates,monthly,2020,7,2020-07,98539.2
forex_reserves_monthly,Foreign Exchange Reserves: USD mn: Monthly: United Arab Emirates,monthly,2020,8,2020-08,98785.9
forex_reserves_monthly,Foreign Exchange Reserves: USD mn: Monthly: United Arab Emirates,monthly,2020,9,2020-09,99174.9
forex_reserves_monthly,Foreign Exchange Reserves: USD mn: Monthly: United Arab Emirates,monthly,2020,10,2020-10,99198.0
forex_reserves_monthly,Foreign Exchange Reserves: USD mn: Monthly: United Arab Emirates,monthly,2020,11,2020-11,98659.9
forex_reserves_monthly,Foreign Exchange Reserves: USD mn: Monthly: United Arab Emirates,monthly,2020,12,2020-12,106675.3
forex_reserves_monthly,Foreign Exchange Reserves: USD mn: Monthly: United Arab Emirates,monthly,2021,1,2021-01,104421.2
forex_reserves_monthly,Foreign Exchange Reserves: USD mn: Monthly: United Arab Emirates,monthly,2021,2,2021-02,106534.2
forex_reserves_monthly,Foreign Exchange Reserves: USD mn: Monthly: United Arab Emirates,monthly,2021,3,2021-03,108419.9
forex_reserves_monthly,Foreign Exchange Reserves: USD mn: Monthly: United Arab Emirates,monthly,2021,4,2021-04,108577.9
forex_reserves_monthly,Foreign Exchange Reserves: USD mn: Monthly: United Arab Emirates,monthly,2021,5,2021-05,110661.4
forex_reserves_monthly,Foreign Exchange Reserves: USD mn: Monthly: United Arab Emirates,monthly,2021,6,2021-06,111118.1
forex_reserves_monthly,Foreign Exchange Reserves: USD mn: Monthly: United Arab Emirates,monthly,2021,7,2021-07,111328.4
forex_reserves_monthly,Foreign Exchange Reserves: USD mn: Monthly: United Arab Emirates,monthly,2021,8,2021-08,113477.5
forex_reserves_monthly,Foreign Exchange Reserves: USD mn: Monthly: United Arab Emirates,monthly,2021,9,2021-09,115024.1
forex_reserves_monthly,Foreign Exchange Reserves: USD mn: Monthly: United Arab Emirates,monthly,2021,10,2021-10,117421.9
forex_reserves_monthly,Foreign Exchange Reserves: USD mn: Monthly: United Arab Emirates,monthly,2021,11,2021-11,120074.3
forex_reserves_monthly,Foreign Exchange Reserves: USD mn: Monthly: United Arab Emirates,monthly,2021,12,2021-12,128277.8
forex_reserves_monthly,Foreign Exchange Reserves: USD mn: Monthly: United Arab Emirates,monthly,2022,1,2022-01,127792.4
forex_reserves_monthly,Foreign Exchange Reserves: USD mn: Monthly: United Arab Emirates,monthly,2022,2,2022-02,130559.3
forex_reserves_monthly,Foreign Exchange Reserves: USD mn: Monthly: United Arab Emirates,monthly,2022,3,2022-03,126299.2
forex_reserves_monthly,Foreign Exchange Reserves: USD mn: Monthly: United Arab Emirates,monthly,2022,4,2022-04,126979.4
forex_reserves_monthly,Foreign Exchange Reserves: USD mn: Monthly: United Arab Emirates,monthly,2022,5,2022-05,121654.4
forex_reserves_monthly,Foreign Exchange Reserves: USD mn: Monthly: United Arab Emirates,monthly,2022,6,2022-06,119283.5
forex_reserves_monthly,Foreign Exchange Reserves: USD mn: Monthly: United Arab Emirates,monthly,2022,7,2022-07,120454.5
forex_reserves_monthly,Foreign Exchange Reserves: USD mn: Monthly: United Arab Emirates,monthly,2022,8,2022-08,120647.5
forex_reserves_monthly,Foreign Exchange Reserves: USD mn: Monthly: United Arab Emirates,monthly,2022,9,2022-09,116573.8
forex_reserves_monthly,Foreign Exchange Reserves: USD mn: Monthly: United Arab Emirates,monthly,2022,10,2022-10,116622.9
forex_reserves_monthly,Foreign Exchange Reserves: USD mn: Monthly: United Arab Emirates,monthly,2022,11,2022-11,123885.0
forex_reserves_monthly,Foreign Exchange Reserves: USD mn: Monthly: United Arab Emirates,monthly,2022,12,2022-12,134622.1
forex_reserves_monthly,Foreign Exchange Reserves: USD mn: Monthly: United Arab Emirates,monthly,2023,1,2023-01,136228.8
forex_reserves_monthly,Foreign Exchange Reserves: USD mn: Monthly: United Arab Emirates,monthly,2023,2,2023-02,137712.7
forex_reserves_monthly,Foreign Exchange Reserves: USD mn: Monthly: United Arab Emirates,monthly,2023,3,2023-03,146093.6
forex_reserves_monthly,Foreign Exchange Reserves: USD mn: Monthly: United Arab Emirates,monthly,2023,4,2023-04,156086.8
forex_reserves_monthly,Foreign Exchange Reserves: USD mn: Monthly: United Arab Emirates,monthly,2023,5,2023-05,160526.0
forex_reserves_monthly,Foreign Exchange Reserves: USD mn: Monthly: United Arab Emirates,monthly,2023,6,2023-06,161175.0
forex_reserves_monthly,Foreign Exchange Reserves: USD mn: Monthly: United Arab Emirates,monthly,2023,7,2023-07,162525.3
forex_reserves_monthly,Foreign Exchange Reserves: USD mn: Monthly: United Arab Emirates,monthly,2023,8,2023-08,159174.5
forex_reserves_monthly,Foreign Exchange Reserves: USD mn: Monthly: United Arab Emirates,monthly,2023,9,2023-09,159058.9
forex_reserves_monthly,Foreign Exchange Reserves: USD mn: Monthly: United Arab Emirates,monthly,2023,10,2023-10,162477.8
forex_reserves_monthly,Foreign Exchange Reserves: USD mn: Monthly: United Arab Emirates,monthly,2023,11,2023-11,168411.6
forex_reserves_monthly,Foreign Exchange Reserves: USD mn: Monthly: United Arab Emirates,monthly,2023,12,2023-12,185042.1
forex_reserves_monthly,Foreign Exchange Reserves: USD mn: Monthly: United Arab Emirates,monthly,2024,1,2024-01,188886.6
forex_reserves_monthly,Foreign Exchange Reserves: USD mn: Monthly: United Arab Emirates,monthly,2024,2,2024-02,192443.0
forex_reserves_monthly,Foreign Exchange Reserves: USD mn: Monthly: United Arab Emirates,monthly,2024,3,2024-03,198383.7
forex_reserves_monthly,Foreign Exchange Reserves: USD mn: Monthly: United Arab Emirates,monthly,2024,4,2024-04,203265.9
forex_reserves_monthly,Foreign Exchange Reserves: USD mn: Monthly: United Arab Emirates,monthly,2024,5,2024-05,207677.1
forex_reserves_monthly,Foreign Exchange Reserves: USD mn: Monthly: United Arab Emirates,monthly,2024,6,2024-06,204646.7
forex_reserves_monthly,Foreign Exchange Reserves: USD mn: Monthly: United Arab Emirates,monthly,2024,7,2024-07,211630.3
forex_reserves_monthly,Foreign Exchange Reserves: USD mn: Monthly: United Arab Emirates,monthly,2024,8,2024-08,219619.8
forex_reserves_monthly,Foreign Exchange Reserves: USD mn: Monthly: United Arab Emirates,monthly,2024,9,2024-09,221064.0
forex_reserves_monthly,Foreign Exchange Reserves: USD mn: Monthly: United Arab Emirates,monthly,2024,10,2024-10,219849.6
forex_reserves_monthly,Foreign Exchange Reserves: USD mn: Monthly: United Arab Emirates,monthly,2024,11,2024-11,223036.9
forex_reserves_monthly,Foreign Exchange Reserves: USD mn: Monthly: United Arab Emirates,monthly,2024,12,2024-12,232312.4
forex_reserves_monthly,Foreign Exchange Reserves: USD mn: Monthly: United Arab Emirates,monthly,2025,1,2025-01,235658.0
forex_reserves_monthly,Foreign Exchange Reserves: USD mn: Monthly: United Arab Emirates,monthly,2025,2,2025-02,243734.4
fx_reserves_months_import,Foreign Exchange Reserves: Months of Import: Monthly: United Arab Emirates,monthly,2009,1,2009-01,2.65
fx_reserves_months_import,Foreign Exchange Reserves: Months of Import: Monthly: United Arab Emirates,monthly,2009,2,2009-02,2.87
fx_reserves_months_import,Foreign Exchange Reserves: Months of Import: Monthly: United Arab Emirates,monthly,2009,3,2009-03,2.51
fx_reserves_months_import,Foreign Exchange Reserves: Months of Import: Monthly: United Arab Emirates,monthly,2009,4,2009-04,2.26
fx_reserves_months_import,Foreign Exchange Reserves: Months of Import: Monthly: United Arab Emirates,monthly,2009,5,2009-05,2.42
fx_reserves_months_import,Foreign Exchange Reserves: Months of Import: Monthly: United Arab Emirates,monthly,2009,6,2009-06,2.66
fx_reserves_months_import,Foreign Exchange Reserves: Months of Import: Monthly: United Arab Emirates,monthly,2009,7,2009-07,2.57
fx_reserves_months_import,Foreign Exchange Reserves: Months of Import: Monthly: United Arab Emirates,monthly,2009,8,2009-08,2.76
fx_reserves_months_import,Foreign Exchange Reserves: Months of Import: Monthly: United Arab Emirates,monthly,2009,9,2009-09,3.19
fx_reserves_months_import,Foreign Exchange Reserves: Months of Import: Monthly: United Arab Emirates,monthly,2009,10,2009-10,2.92
fx_reserves_months_import,Foreign Exchange Reserves: Months of Import: Monthly: United Arab Emirates,monthly,2009,11,2009-11,3.03
fx_reserves_months_import,Foreign Exchange Reserves: Months of Import: Monthly: United Arab Emirates,monthly,2009,12,2009-12,2.49
fx_reserves_months_import,Foreign Exchange Reserves: Months of Import: Monthly: United Arab Emirates,monthly,2010,1,2010-01,2.29
fx_reserves_months_import,Foreign Exchange Reserves: Months of Import: Monthly: United Arab Emirates,monthly,2010,2,2010-02,2.2
fx_reserves_months_import,Foreign Exchange Reserves: Months of Import: Monthly: United Arab Emirates,monthly,2010,3,2010-03,2.1
fx_reserves_months_import,Foreign Exchange Reserves: Months of Import: Monthly: United Arab Emirates,monthly,2010,4,2010-04,2.27
fx_reserves_months_import,Foreign Exchange Reserves: Months of Import: Monthly: United Arab Emirates,monthly,2010,5,2010-05,2.32
fx_reserves_months_import,Foreign Exchange Reserves: Months of Import: Monthly: United Arab Emirates,monthly,2010,6,2010-06,2.16
fx_reserves_months_import,Foreign Exchange Reserves: Months of Import: Monthly: United Arab Emirates,monthly,2010,7,2010-07,2.68
fx_reserves_months_import,Foreign Exchange Reserves: Months of Import: Monthly: United Arab Emirates,monthly,2010,8,2010-08,2.45
fx_reserves_months_import,Foreign Exchange Reserves: Months of Import: Monthly: United Arab Emirates,monthly,2010,9,2010-09,2.52
fx_reserves_months_import,Foreign Exchange Reserves: Months of Import: Monthly: United Arab Emirates,monthly,2010,10,2010-10,2.74
fx_reserves_months_import,Foreign Exchange Reserves: Months of Import: Monthly: United Arab Emirates,monthly,2010,11,2010-11,2.91
fx_reserves_months_import,Foreign Exchange Reserves: Months of Import: Monthly: United Arab Emirates,monthly,2010,12,2010-12,2.66
fx_reserves_months_import,Foreign Exchange Reserves: Months of Import: Monthly: United Arab Emirates,monthly,2011,1,2011-01,2.64
fx_reserves_months_import,Foreign Exchange Reserves: Months of Import: Monthly: United Arab Emirates,monthly,2011,2,2011-02,3.03
fx_reserves_months_import,Foreign Exchange Reserves: Months of Import: Monthly: United Arab Emirates,monthly,2011,3,2011-03,2.77
fx_reserves_months_import,Foreign Exchange Reserves: Months of Import: Monthly: United Arab Emirates,monthly,2011,4,2011-04,3.97
fx_reserves_months_import,Foreign Exchange Reserves: Months of Import: Monthly: United Arab Emirates,monthly,2011,5,2011-05,3.56
fx_reserves_months_import,Foreign Exchange Reserves: Months of Import: Monthly: United Arab Emirates,monthly,2011,6,2011-06,3.5
fx_reserves_months_import,Foreign Exchange Reserves: Months of Import: Monthly: United Arab Emirates,monthly,2011,7,2011-07,3.09
fx_reserves_months_import,Foreign Exchange Reserves: Months of Import: Monthly: United Arab Emirates,monthly,2011,8,2011-08,3.15
fx_reserves_months_import,Foreign Exchange Reserves: Months of Import: Monthly: United Arab Emirates,monthly,2011,9,2011-09,2.93
fx_reserves_months_import,Foreign Exchange Reserves: Months of Import: Monthly: United Arab Emirates,monthly,2011,10,2011-10,2.61
fx_reserves_months_import,Foreign Exchange Reserves: Months of Import: Monthly: United Arab Emirates,monthly,2011,11,2011-11,2.99
fx_reserves_months_import,Foreign Exchange Reserves: Months of Import: Monthly: United Arab Emirates,monthly,2011,12,2011-12,2.55
fx_reserves_months_import,Foreign Exchange Reserves: Months of Import: Monthly: United Arab Emirates,monthly,2012,1,2012-01,2.75
fx_reserves_months_import,Foreign Exchange Reserves: Months of Import: Monthly: United Arab Emirates,monthly,2012,2,2012-02,2.9
fx_reserves_months_import,Foreign Exchange Reserves: Months of Import: Monthly: United Arab Emirates,monthly,2012,3,2012-03,2.81
fx_reserves_months_import,Foreign Exchange Reserves: Months of Import: Monthly: United Arab Emirates,monthly,2012,4,2012-04,2.97
fx_reserves_months_import,Foreign Exchange Reserves: Months of Import: Monthly: United Arab Emirates,monthly,2012,5,2012-05,2.65
fx_reserves_months_import,Foreign Exchange Reserves: Months of Import: Monthly: United Arab Emirates,monthly,2012,6,2012-06,2.92
fx_reserves_months_import,Foreign Exchange Reserves: Months of Import: Monthly: United Arab Emirates,monthly,2012,7,2012-07,2.62
fx_reserves_months_import,Foreign Exchange Reserves: Months of Import: Monthly: United Arab Emirates,monthly,2012,8,2012-08,2.9
fx_reserves_months_import,Foreign Exchange Reserves: Months of Import: Monthly: United Arab Emirates,monthly,2012,9,2012-09,2.62
fx_reserves_months_import,Foreign Exchange Reserves: Months of Import: Monthly: United Arab Emirates,monthly,2012,10,2012-10,2.72
fx_reserves_months_import,Foreign Exchange Reserves: Months of Import: Monthly: United Arab Emirates,monthly,2012,11,2012-11,3.05
fx_reserves_months_import,Foreign Exchange Reserves: Months of Import: Monthly: United Arab Emirates,monthly,2012,12,2012-12,3.03
fx_reserves_months_import,Foreign Exchange Reserves: Months of Import: Monthly: United Arab Emirates,monthly,2013,1,2013-01,3.39
fx_reserves_months_import,Foreign Exchange Reserves: Months of Import: Monthly: United Arab Emirates,monthly,2013,2,2013-02,3.6
fx_reserves_months_import,Foreign Exchange Reserves: Months of Import: Monthly: United Arab Emirates,monthly,2013,3,2013-03,3.27
fx_reserves_months_import,Foreign Exchange Reserves: Months of Import: Monthly: United Arab Emirates,monthly,2013,4,2013-04,3.62
fx_reserves_months_import,Foreign Exchange Reserves: Months of Import: Monthly: United Arab Emirates,monthly,2013,5,2013-05,3.23
fx_reserves_months_import,Foreign Exchange Reserves: Months of Import: Monthly: United Arab Emirates,monthly,2013,6,2013-06,3.82
fx_reserves_months_import,Foreign Exchange Reserves: Months of Import: Monthly: United Arab Emirates,monthly,2013,7,2013-07,3.68
fx_reserves_months_import,Foreign Exchange Reserves: Months of Import: Monthly: United Arab Emirates,monthly,2013,8,2013-08,4.39
fx_reserves_months_import,Foreign Exchange Reserves: Months of Import: Monthly: United Arab Emirates,monthly,2013,9,2013-09,4.52
fx_reserves_months_import,Foreign Exchange Reserves: Months of Import: Monthly: United Arab Emirates,monthly,2013,10,2013-10,4.4
fx_reserves_months_import,Foreign Exchange Reserves: Months of Import: Monthly: United Arab Emirates,monthly,2013,11,2013-11,4.49
fx_reserves_months_import,Foreign Exchange Reserves: Months of Import: Monthly: United Arab Emirates,monthly,2013,12,2013-12,4.15
fx_reserves_months_import,Foreign Exchange Reserves: Months of Import: Monthly: United Arab Emirates,monthly,2014,1,2014-01,4.85
fx_reserves_months_import,Foreign Exchange Reserves: Months of Import: Monthly: United Arab Emirates,monthly,2014,2,2014-02,5.15
fx_reserves_months_import,Foreign Exchange Reserves: Months of Import: Monthly: United Arab Emirates,monthly,2014,3,2014-03,4.55
fx_reserves_months_import,Foreign Exchange Reserves: Months of Import: Monthly: United Arab Emirates,monthly,2014,4,2014-04,4.72
fx_reserves_months_import,Foreign Exchange Reserves: Months of Import: Monthly: United Arab Emirates,monthly,2014,5,2014-05,4.7
fx_reserves_months_import,Foreign Exchange Reserves: Months of Import: Monthly: United Arab Emirates,monthly,2014,6,2014-06,4.7
fx_reserves_months_import,Foreign Exchange Reserves: Months of Import: Monthly: United Arab Emirates,monthly,2014,7,2014-07,5.63
fx_reserves_months_import,Foreign Exchange Reserves: Months of Import: Monthly: United Arab Emirates,monthly,2014,8,2014-08,4.65
fx_reserves_months_import,Foreign Exchange Reserves: Months of Import: Monthly: United Arab Emirates,monthly,2014,9,2014-09,4.86
fx_reserves_months_import,Foreign Exchange Reserves: Months of Import: Monthly: United Arab Emirates,monthly,2014,10,2014-10,5.08
fx_reserves_months_import,Foreign Exchange Reserves: Months of Import: Monthly: United Arab Emirates,monthly,2014,11,2014-11,4.32
fx_reserves_months_import,Foreign Exchange Reserves: Months of Import: Monthly: United Arab Emirates,monthly,2014,12,2014-12,4.79
fx_reserves_months_import,Foreign Exchange Reserves: Months of Import: Monthly: United Arab Emirates,monthly,2015,1,2015-01,4.98
fx_reserves_months_import,Foreign Exchange Reserves: Months of Import: Monthly: United Arab Emirates,monthly,2015,2,2015-02,5.29
fx_reserves_months_import,Foreign Exchange Reserves: Months of Import: Monthly: United Arab Emirates,monthly,2015,3,2015-03,4.45
fx_reserves_months_import,Foreign Exchange Reserves: Months of Import: Monthly: United Arab Emirates,monthly,2015,4,2015-04,5.04
fx_reserves_months_import,Foreign Exchange Reserves: Months of Import: Monthly: United Arab Emirates,monthly,2015,5,2015-05,4.96
fx_reserves_months_import,Foreign Exchange Reserves: Months of Import: Monthly: United Arab Emirates,monthly,2015,6,2015-06,5.23
fx_reserves_months_import,Foreign Exchange Reserves: Months of Import: Monthly: United Arab Emirates,monthly,2015,7,2015-07,5.21
fx_reserves_months_import,Foreign Exchange Reserves: Months of Import: Monthly: United Arab Emirates,monthly,2015,8,2015-08,4.49
fx_reserves_months_import,Foreign Exchange Reserves: Months of Import: Monthly: United Arab Emirates,monthly,2015,9,2015-09,5.36
fx_reserves_months_import,Foreign Exchange Reserves: Months of Import: Monthly: United Arab Emirates,monthly,2015,10,2015-10,4.94
fx_reserves_months_import,Foreign Exchange Reserves: Months of Import: Monthly: United Arab Emirates,monthly,2015,11,2015-11,5.15
fx_reserves_months_import,Foreign Exchange Reserves: Months of Import: Monthly: United Arab Emirates,monthly,2015,12,2015-12,6.0
fx_reserves_months_import,Foreign Exchange Reserves: Months of Import: Monthly: United Arab Emirates,monthly,2016,1,2016-01,5.31
fx_reserves_months_import,Foreign Exchange Reserves: Months of Import: Monthly: United Arab Emirates,monthly,2016,2,2016-02,6.26
fx_reserves_months_import,Foreign Exchange Reserves: Months of Import: Monthly: United Arab Emirates,monthly,2016,3,2016-03,5.39
fx_reserves_months_import,Foreign Exchange Reserves: Months of Import: Monthly: United Arab Emirates,monthly,2016,4,2016-04,5.55
fx_reserves_months_import,Foreign Exchange Reserves: Months of Import: Monthly: United Arab Emirates,monthly,2016,5,2016-05,4.84
fx_reserves_months_import,Foreign Exchange Reserves: Months of Import: Monthly: United Arab Emirates,monthly,2016,6,2016-06,5.47
fx_reserves_months_import,Foreign Exchange Reserves: Months of Import: Monthly: United Arab Emirates,monthly,2016,7,2016-07,5.75
fx_reserves_months_import,Foreign Exchange Reserves: Months of Import: Monthly: United Arab Emirates,monthly,2016,8,2016-08,5.27
fx_reserves_months_import,Foreign Exchange Reserves: Months of Import: Monthly: United Arab Emirates,monthly,2016,9,2016-09,5.28
fx_reserves_months_import,Foreign Exchange Reserves: Months of Import: Monthly: United Arab Emirates,monthly,2016,10,2016-10,5.11
fx_reserves_months_import,Foreign Exchange Reserves: Months of Import: Monthly: United Arab Emirates,monthly,2016,11,2016-11,4.81
fx_reserves_months_import,Foreign Exchange Reserves: Months of Import: Monthly: United Arab Emirates,monthly,2016,12,2016-12,5.25
fx_reserves_months_import,Foreign Exchange Reserves: Months of Import: Monthly: United Arab Emirates,monthly,2017,1,2017-01,3.68
fx_reserves_months_import,Foreign Exchange Reserves: Months of Import: Monthly: United Arab Emirates,monthly,2017,2,2017-02,4.19
fx_reserves_months_import,Foreign Exchange Reserves: Months of Import: Monthly: United Arab Emirates,monthly,2017,3,2017-03,3.93
fx_reserves_months_import,Foreign Exchange Reserves: Months of Import: Monthly: United Arab Emirates,monthly,2017,4,2017-04,4.06
fx_reserves_months_import,Foreign Exchange Reserves: Months of Import: Monthly: United Arab Emirates,monthly,2017,5,2017-05,3.96
fx_reserves_months_import,Foreign Exchange Reserves: Months of Import: Monthly: United Arab Emirates,monthly,2017,6,2017-06,4.91
fx_reserves_months_import,Foreign Exchange Reserves: Months of Import: Monthly: United Arab Emirates,monthly,2017,7,2017-07,4.11
fx_reserves_months_import,Foreign Exchange Reserves: Months of Import: Monthly: United Arab Emirates,monthly,2017,8,2017-08,4.52
fx_reserves_months_import,Foreign Exchange Reserves: Months of Import: Monthly: United Arab Emirates,monthly,2017,9,2017-09,4.86
fx_reserves_months_import,Foreign Exchange Reserves: Months of Import: Monthly: United Arab Emirates,monthly,2017,10,2017-10,4.36
fx_reserves_months_import,Foreign Exchange Reserves: Months of Import: Monthly: United Arab Emirates,monthly,2017,11,2017-11,4.3
fx_reserves_months_import,Foreign Exchange Reserves: Months of Import: Monthly: United Arab Emirates,monthly,2017,12,2017-12,4.07
fx_reserves_months_import,Foreign Exchange Reserves: Months of Import: Monthly: United Arab Emirates,monthly,2018,1,2018-01,5.01
fx_reserves_months_import,Foreign Exchange Reserves: Months of Import: Monthly: United Arab Emirates,monthly,2018,2,2018-02,5.23
fx_reserves_months_import,Foreign Exchange Reserves: Months of Import: Monthly: United Arab Emirates,monthly,2018,3,2018-03,4.42
fx_reserves_months_import,Foreign Exchange Reserves: Months of Import: Monthly: United Arab Emirates,monthly,2018,4,2018-04,4.31
fx_reserves_months_import,Foreign Exchange Reserves: Months of Import: Monthly: United Arab Emirates,monthly,2018,5,2018-05,4.39
fx_reserves_months_import,Foreign Exchange Reserves: Months of Import: Monthly: United Arab Emirates,monthly,2018,6,2018-06,4.52
fx_reserves_months_import,Foreign Exchange Reserves: Months of Import: Monthly: United Arab Emirates,monthly,2018,7,2018-07,3.94
fx_reserves_months_import,Foreign Exchange Reserves: Months of Import: Monthly: United Arab Emirates,monthly,2018,8,2018-08,4.89
fx_reserves_months_import,Foreign Exchange Reserves: Months of Import: Monthly: United Arab Emirates,monthly,2018,9,2018-09,4.63
fx_reserves_months_import,Foreign Exchange Reserves: Months of Import: Monthly: United Arab Emirates,monthly,2018,10,2018-10,4.29
fx_reserves_months_import,Foreign Exchange Reserves: Months of Import: Monthly: United Arab Emirates,monthly,2018,11,2018-11,4.62
fx_reserves_months_import,Foreign Exchange Reserves: Months of Import: Monthly: United Arab Emirates,monthly,2018,12,2018-12,4.68
fx_reserves_months_import,Foreign Exchange Reserves: Months of Import: Monthly: United Arab Emirates,monthly,2019,1,2019-01,4.64
fx_reserves_months_import,Foreign Exchange Reserves: Months of Import: Monthly: United Arab Emirates,monthly,2019,2,2019-02,5.37
fx_reserves_months_import,Foreign Exchange Reserves: Months of Import: Monthly: United Arab Emirates,monthly,2019,3,2019-03,5.1
fx_reserves_months_import,Foreign Exchange Reserves: Months of Import: Monthly: United Arab Emirates,monthly,2019,4,2019-04,4.82
fx_reserves_months_import,Foreign Exchange Reserves: Months of Import: Monthly: United Arab Emirates,monthly,2019,5,2019-05,5.02
fx_reserves_months_import,Foreign Exchange Reserves: Months of Import: Monthly: United Arab Emirates,monthly,2019,6,2019-06,5.44
fx_reserves_months_import,Foreign Exchange Reserves: Months of Import: Monthly: United Arab Emirates,monthly,2019,7,2019-07,4.81
fx_reserves_months_import,Foreign Exchange Reserves: Months of Import: Monthly: United Arab Emirates,monthly,2019,8,2019-08,5.46
fx_reserves_months_import,Foreign Exchange Reserves: Months of Import: Monthly: United Arab Emirates,monthly,2019,9,2019-09,4.66
fx_reserves_months_import,Foreign Exchange Reserves: Months of Import: Monthly: United Arab Emirates,monthly,2019,10,2019-10,4.54
fx_reserves_months_import,Foreign Exchange Reserves: Months of Import: Monthly: United Arab Emirates,monthly,2019,11,2019-11,5.12
fx_reserves_months_import,Foreign Exchange Reserves: Months of Import: Monthly: United Arab Emirates,monthly,2019,12,2019-12,4.95
fx_reserves_months_import,Foreign Exchange Reserves: Months of Import: Monthly: United Arab Emirates,monthly,2020,1,2020-01,5.21
fx_reserves_months_import,Foreign Exchange Reserves: Months of Import: Monthly: United Arab Emirates,monthly,2020,2,2020-02,5.29
fx_reserves_months_import,Foreign Exchange Reserves: Months of Import: Monthly: United Arab Emirates,monthly,2020,3,2020-03,5.77
fx_reserves_months_import,Foreign Exchange Reserves: Months of Import: Monthly: United Arab Emirates,monthly,2020,4,2020-04,7.77
fx_reserves_months_import,Foreign Exchange Reserves: Months of Import: Monthly: United Arab Emirates,monthly,2020,5,2020-05,6.87
fx_reserves_months_import,Foreign Exchange Reserves: Months of Import: Monthly: United Arab Emirates,monthly,2020,6,2020-06,5.96
fx_reserves_months_import,Foreign Exchange Reserves: Months of Import: Monthly: United Arab Emirates,monthly,2020,7,2020-07,6.22
fx_reserves_months_import,Foreign Exchange Reserves: Months of Import: Monthly: United Arab Emirates,monthly,2020,8,2020-08,5.17
fx_reserves_months_import,Foreign Exchange Reserves: Months of Import: Monthly: United Arab Emirates,monthly,2020,9,2020-09,5.36
fx_reserves_months_import,Foreign Exchange Reserves: Months of Import: Monthly: United Arab Emirates,monthly,2020,10,2020-10,5.35
fx_reserves_months_import,Foreign Exchange Reserves: Months of Import: Monthly: United Arab Emirates,monthly,2020,11,2020-11,4.93
fx_reserves_months_import,Foreign Exchange Reserves: Months of Import: Monthly: United Arab Emirates,monthly,2020,12,2020-12,5.04
fx_reserves_months_import,Foreign Exchange Reserves: Months of Import: Monthly: United Arab Emirates,monthly,2021,1,2021-01,4.96
fx_reserves_months_import,Foreign Exchange Reserves: Months of Import: Monthly: United Arab Emirates,monthly,2021,2,2021-02,5.48
fx_reserves_months_import,Foreign Exchange Reserves: Months of Import: Monthly: United Arab Emirates,monthly,2021,3,2021-03,4.45
fx_reserves_months_import,Foreign Exchange Reserves: Months of Import: Monthly: United Arab Emirates,monthly,2021,4,2021-04,5.0
fx_reserves_months_import,Foreign Exchange Reserves: Months of Import: Monthly: United Arab Emirates,monthly,2021,5,2021-05,5.03
fx_reserves_months_import,Foreign Exchange Reserves: Months of Import: Monthly: United Arab Emirates,monthly,2021,6,2021-06,4.81
fx_reserves_months_import,Foreign Exchange Reserves: Months of Import: Monthly: United Arab Emirates,monthly,2021,7,2021-07,5.27
fx_reserves_months_import,Foreign Exchange Reserves: Months of Import: Monthly: United Arab Emirates,monthly,2021,8,2021-08,4.99
fx_reserves_months_import,Foreign Exchange Reserves: Months of Import: Monthly: United Arab Emirates,monthly,2021,9,2021-09,4.91
fx_reserves_months_import,Foreign Exchange Reserves: Months of Import: Monthly: United Arab Emirates,monthly,2021,10,2021-10,4.76
fx_reserves_months_import,Foreign Exchange Reserves: Months of Import: Monthly: United Arab Emirates,monthly,2021,11,2021-11,4.66
fx_reserves_months_import,Foreign Exchange Reserves: Months of Import: Monthly: United Arab Emirates,monthly,2021,12,2021-12,4.97
fx_reserves_months_import,Foreign Exchange Reserves: Months of Import: Monthly: United Arab Emirates,monthly,2022,1,2022-01,5.08
fx_reserves_months_import,Foreign Exchange Reserves: Months of Import: Monthly: United Arab Emirates,monthly,2022,2,2022-02,5.3
fx_reserves_months_import,Foreign Exchange Reserves: Months of Import: Monthly: United Arab Emirates,monthly,2022,3,2022-03,4.42
fx_reserves_months_import,Foreign Exchange Reserves: Months of Import: Monthly: United Arab Emirates,monthly,2022,4,2022-04,4.9
fx_reserves_months_import,Foreign Exchange Reserves: Months of Import: Monthly: United Arab Emirates,monthly,2022,5,2022-05,4.77
fx_reserves_months_import,Foreign Exchange Reserves: Months of Import: Monthly: United Arab Emirates,monthly,2022,6,2022-06,4.39
fx_reserves_months_import,Foreign Exchange Reserves: Months of Import: Monthly: United Arab Emirates,monthly,2022,7,2022-07,4.43
fx_reserves_months_import,Foreign Exchange Reserves: Months of Import: Monthly: United Arab Emirates,monthly,2022,8,2022-08,4.19
fx_reserves_months_import,Foreign Exchange Reserves: Months of Import: Monthly: United Arab Emirates,monthly,2022,9,2022-09,3.78
fx_reserves_months_import,Foreign Exchange Reserves: Months of Import: Monthly: United Arab Emirates,monthly,2022,10,2022-10,3.88
fx_reserves_months_import,Foreign Exchange Reserves: Months of Import: Monthly: United Arab Emirates,monthly,2022,11,2022-11,4.0
fx_reserves_months_import,Foreign Exchange Reserves: Months of Import: Monthly: United Arab Emirates,monthly,2022,12,2022-12,4.39
fx_reserves_months_import,Foreign Exchange Reserves: Months of Import: Monthly: United Arab Emirates,monthly,2023,1,2023-01,4.41
fx_reserves_months_import,Foreign Exchange Reserves: Months of Import: Monthly: United Arab Emirates,monthly,2023,2,2023-02,4.39
fx_reserves_months_import,Foreign Exchange Reserves: Months of Import: Monthly: United Arab Emirates,monthly,2023,3,2023-03,4.2
fx_reserves_months_import,Foreign Exchange Reserves: Months of Import: Monthly: United Arab Emirates,monthly,2023,4,2023-04,5.61
fx_reserves_months_import,Foreign Exchange Reserves: Months of Import: Monthly: United Arab Emirates,monthly,2023,5,2023-05,4.74
fx_reserves_months_import,Foreign Exchange Reserves: Months of Import: Monthly: United Arab Emirates,monthly,2023,6,2023-06,5.39
fx_reserves_months_import,Foreign Exchange Reserves: Months of Import: Monthly: United Arab Emirates,monthly,2023,7,2023-07,5.02
fx_reserves_months_import,Foreign Exchange Reserves: Months of Import: Monthly: United Arab Emirates,monthly,2023,8,2023-08,4.76
fx_reserves_months_import,Foreign Exchange Reserves: Months of Import: Monthly: United Arab Emirates,monthly,2023,9,2023-09,5.03
fx_reserves_months_import,Foreign Exchange Reserves: Months of Import: Monthly: United Arab Emirates,monthly,2023,10,2023-10,4.41
fx_reserves_months_import,Foreign Exchange Reserves: Months of Import: Monthly: United Arab Emirates,monthly,2023,11,2023-11,4.73
fx_reserves_months_import,Foreign Exchange Reserves: Months of Import: Monthly: United Arab Emirates,monthly,2023,12,2023-12,5.15
fx_reserves_months_import,Foreign Exchange Reserves: Months of Import: Monthly: United Arab Emirates,monthly,2024,1,2024-01,5.62
fx_reserves_months_import,Foreign Exchange Reserves: Months of Import: Monthly: United Arab Emirates,monthly,2024,2,2024-02,5.41
fx_reserves_months_import,Foreign Exchange Reserves: Months of Import: Monthly: United Arab Emirates,monthly,2024,3,2024-03,5.4
fx_reserves_months_import,Foreign Exchange Reserves: Months of Import: Monthly: United Arab Emirates,monthly,2024,4,2024-04,6.5
fx_reserves_months_import,Foreign Exchange Reserves: Months of Import: Monthly: United Arab Emirates,monthly,2024,5,2024-05,5.53
fx_reserves_months_import,Foreign Exchange Reserves: Months of Import: Monthly: United Arab Emirates,monthly,2024,6,2024-06,5.96
fx_reserves_months_import,Foreign Exchange Reserves: Months of Import: Monthly: United Arab Emirates,monthly,2024,7,2024-07,5.69
fx_reserves_months_import,Foreign Exchange Reserves: Months of Import: Monthly: United Arab Emirates,monthly,2024,8,2024-08,5.9
fx_reserves_months_import,Foreign Exchange Reserves: Months of Import: Monthly: United Arab Emirates,monthly,2024,9,2024-09,5.82
fx_reserves_months_import,Foreign Exchange Reserves: Months of Import: Monthly: United Arab Emirates,monthly,2024,10,2024-10,5.1
fx_reserves_months_import,Foreign Exchange Reserves: Months of Import: Monthly: United Arab Emirates,monthly,2024,11,2024-11,5.5
fx_reserves_months_import,Foreign Exchange Reserves: Months of Import: Monthly: United Arab Emirates,monthly,2024,12,2024-12,5.7
fx_reserves_months_import,Foreign Exchange Reserves: Months of Import: Monthly: United Arab Emirates,monthly,2025,1,2025-01,5.6
fx_reserves_months_import,Foreign Exchange Reserves: Months of Import: Monthly: United Arab Emirates,monthly,2025,2,2025-02,6.29
fx_reserves_months_import,Foreign Exchange Reserves: Months of Import: Monthly: United Arab Emirates,monthly,2025,3,2025-03,6.11
fx_reserves_months_import,Foreign Exchange Reserves: Months of Import: Monthly: United Arab Emirates,monthly,2025,4,2025-04,5.96
fx_reserves_months_import,Foreign Exchange Reserves: Months of Import: Monthly: United Arab Emirates,monthly,2025,5,2025-05,5.31
fx_reserves_months_import,Foreign Exchange Reserves: Months of Import: Monthly: United Arab Emirates,monthly,2025,6,2025-06,6.33
fx_reserves_months_import,Foreign Exchange Reserves: Months of Import: Monthly: United Arab Emirates,monthly,2025,7,2025-07,5.48
fx_reserves_months_import,Foreign Exchange Reserves: Months of Import: Monthly: United Arab Emirates,monthly,2025,8,2025-08,5.89
fx_reserves_months_import,Foreign Exchange Reserves: Months of Import: Monthly: United Arab Emirates,monthly,2025,9,2025-09,5.44
gold_reserves_monthly,Gold Reserves: USD mn: Monthly: United Arab Emirates,monthly,1974,12,1974-12,120.3
gold_reserves_monthly,Gold Reserves: USD mn: Monthly: United Arab Emirates,monthly,1975,1,1975-01,120.3
gold_reserves_monthly,Gold Reserves: USD mn: Monthly: United Arab Emirates,monthly,1975,2,1975-02,120.3
gold_reserves_monthly,Gold Reserves: USD mn: Monthly: United Arab Emirates,monthly,1975,3,1975-03,120.3
gold_reserves_monthly,Gold Reserves: USD mn: Monthly: United Arab Emirates,monthly,1975,4,1975-04,120.3
gold_reserves_monthly,Gold Reserves: USD mn: Monthly: United Arab Emirates,monthly,1975,5,1975-05,120.3
gold_reserves_monthly,Gold Reserves: USD mn: Monthly: United Arab Emirates,monthly,1975,6,1975-06,120.3
gold_reserves_monthly,Gold Reserves: USD mn: Monthly: United Arab Emirates,monthly,1975,7,1975-07,120.3
gold_reserves_monthly,Gold Reserves: USD mn: Monthly: United Arab Emirates,monthly,1975,8,1975-08,120.3
gold_reserves_monthly,Gold Reserves: USD mn: Monthly: United Arab Emirates,monthly,1975,9,1975-09,120.3
gold_reserves_monthly,Gold Reserves: USD mn: Monthly: United Arab Emirates,monthly,1975,10,1975-10,120.3
gold_reserves_monthly,Gold Reserves: USD mn: Monthly: United Arab Emirates,monthly,1975,11,1975-11,120.3
gold_reserves_monthly,Gold Reserves: USD mn: Monthly: United Arab Emirates,monthly,1975,12,1975-12,120.3
gold_reserves_monthly,Gold Reserves: USD mn: Monthly: United Arab Emirates,monthly,1976,1,1976-01,120.3
gold_reserves_monthly,Gold Reserves: USD mn: Monthly: United Arab Emirates,monthly,1976,2,1976-02,120.3
gold_reserves_monthly,Gold Reserves: USD mn: Monthly: United Arab Emirates,monthly,1976,3,1976-03,126.3
gold_reserves_monthly,Gold Reserves: USD mn: Monthly: United Arab Emirates,monthly,1976,4,1976-04,134.3
gold_reserves_monthly,Gold Reserves: USD mn: Monthly: United Arab Emirates,monthly,1976,5,1976-05,141.9
gold_reserves_monthly,Gold Reserves: USD mn: Monthly: United Arab Emirates,monthly,1976,6,1976-06,149.3
gold_reserves_monthly,Gold Reserves: USD mn: Monthly: United Arab Emirates,monthly,1976,7,1976-07,157.1
gold_reserves_monthly,Gold Reserves: USD mn: Monthly: United Arab Emirates,monthly,1976,8,1976-08,164.6
gold_reserves_monthly,Gold Reserves: USD mn: Monthly: United Arab Emirates,monthly,1976,9,1976-09,171.7
gold_reserves_monthly,Gold Reserves: USD mn: Monthly: United Arab Emirates,monthly,1976,10,1976-10,178.2
gold_reserves_monthly,Gold Reserves: USD mn: Monthly: United Arab Emirates,monthly,1976,11,1976-11,182.8
gold_reserves_monthly,Gold Reserves: USD mn: Monthly: United Arab Emirates,monthly,1976,12,1976-12,188.1
gold_reserves_monthly,Gold Reserves: USD mn: Monthly: United Arab Emirates,monthly,1977,1,1977-01,195.1
gold_reserves_monthly,Gold Reserves: USD mn: Monthly: United Arab Emirates,monthly,1977,2,1977-02,200.5
gold_reserves_monthly,Gold Reserves: USD mn: Monthly: United Arab Emirates,monthly,1977,3,1977-03,203.0
gold_reserves_monthly,Gold Reserves: USD mn: Monthly: United Arab Emirates,monthly,1977,4,1977-04,198.9
gold_reserves_monthly,Gold Reserves: USD mn: Monthly: United Arab Emirates,monthly,1977,5,1977-05,196.4
gold_reserves_monthly,Gold Reserves: USD mn: Monthly: United Arab Emirates,monthly,1977,6,1977-06,196.0
gold_reserves_monthly,Gold Reserves: USD mn: Monthly: United Arab Emirates,monthly,1977,7,1977-07,192.4
gold_reserves_monthly,Gold Reserves: USD mn: Monthly: United Arab Emirates,monthly,1977,8,1977-08,193.0
gold_reserves_monthly,Gold Reserves: USD mn: Monthly: United Arab Emirates,monthly,1977,9,1977-09,193.0
gold_reserves_monthly,Gold Reserves: USD mn: Monthly: United Arab Emirates,monthly,1977,10,1977-10,193.0
gold_reserves_monthly,Gold Reserves: USD mn: Monthly: United Arab Emirates,monthly,1977,11,1977-11,193.0
gold_reserves_monthly,Gold Reserves: USD mn: Monthly: United Arab Emirates,monthly,1977,12,1977-12,193.0
gold_reserves_monthly,Gold Reserves: USD mn: Monthly: United Arab Emirates,monthly,1978,1,1978-01,193.3
gold_reserves_monthly,Gold Reserves: USD mn: Monthly: United Arab Emirates,monthly,1978,2,1978-02,193.3
gold_reserves_monthly,Gold Reserves: USD mn: Monthly: United Arab Emirates,monthly,1978,3,1978-03,193.3
gold_reserves_monthly,Gold Reserves: USD mn: Monthly: United Arab Emirates,monthly,1978,4,1978-04,193.3
gold_reserves_monthly,Gold Reserves: USD mn: Monthly: United Arab Emirates,monthly,1978,5,1978-05,193.3
gold_reserves_monthly,Gold Reserves: USD mn: Monthly: United Arab Emirates,monthly,1978,6,1978-06,193.3
gold_reserves_monthly,Gold Reserves: USD mn: Monthly: United Arab Emirates,monthly,1978,7,1978-07,193.3
gold_reserves_monthly,Gold Reserves: USD mn: Monthly: United Arab Emirates,monthly,1978,8,1978-08,193.3
gold_reserves_monthly,Gold Reserves: USD mn: Monthly: United Arab Emirates,monthly,1978,9,1978-09,193.7
gold_reserves_monthly,Gold Reserves: USD mn: Monthly: United Arab Emirates,monthly,1978,10,1978-10,194.1
gold_reserves_monthly,Gold Reserves: USD mn: Monthly: United Arab Emirates,monthly,1978,11,1978-11,194.1
gold_reserves_monthly,Gold Reserves: USD mn: Monthly: United Arab Emirates,monthly,1978,12,1978-12,195.6
gold_reserves_monthly,Gold Reserves: USD mn: Monthly: United Arab Emirates,monthly,1979,1,1979-01,195.6
gold_reserves_monthly,Gold Reserves: USD mn: Monthly: United Arab Emirates,monthly,1979,2,1979-02,195.7
gold_reserves_monthly,Gold Reserves: USD mn: Monthly: United Arab Emirates,monthly,1979,3,1979-03,195.7
gold_reserves_monthly,Gold Reserves: USD mn: Monthly: United Arab Emirates,monthly,1979,4,1979-04,195.7
gold_reserves_monthly,Gold Reserves: USD mn: Monthly: United Arab Emirates,monthly,1979,5,1979-05,195.7
gold_reserves_monthly,Gold Reserves: USD mn: Monthly: United Arab Emirates,monthly,1979,6,1979-06,196.4
gold_reserves_monthly,Gold Reserves: USD mn: Monthly: United Arab Emirates,monthly,1979,7,1979-07,196.5
gold_reserves_monthly,Gold Reserves: USD mn: Monthly: United Arab Emirates,monthly,1979,8,1979-08,196.4
gold_reserves_monthly,Gold Reserves: USD mn: Monthly: United Arab Emirates,monthly,1979,9,1979-09,196.4
gold_reserves_monthly,Gold Reserves: USD mn: Monthly: United Arab Emirates,monthly,1979,10,1979-10,196.4
gold_reserves_monthly,Gold Reserves: USD mn: Monthly: United Arab Emirates,monthly,1979,11,1979-11,196.8
gold_reserves_monthly,Gold Reserves: USD mn: Monthly: United Arab Emirates,monthly,1979,12,1979-12,197.1
gold_reserves_monthly,Gold Reserves: USD mn: Monthly: United Arab Emirates,monthly,1980,1,1980-01,197.6
gold_reserves_monthly,Gold Reserves: USD mn: Monthly: United Arab Emirates,monthly,1980,2,1980-02,197.6
gold_reserves_monthly,Gold Reserves: USD mn: Monthly: United Arab Emirates,monthly,1980,3,1980-03,197.7
gold_reserves_monthly,Gold Reserves: USD mn: Monthly: United Arab Emirates,monthly,1980,4,1980-04,198.0
gold_reserves_monthly,Gold Reserves: USD mn: Monthly: United Arab Emirates,monthly,1980,5,1980-05,198.5
gold_reserves_monthly,Gold Reserves: USD mn: Monthly: United Arab Emirates,monthly,1980,6,1980-06,198.5
gold_reserves_monthly,Gold Reserves: USD mn: Monthly: United Arab Emirates,monthly,1980,7,1980-07,198.7
gold_reserves_monthly,Gold Reserves: USD mn: Monthly: United Arab Emirates,monthly,1980,8,1980-08,198.7
gold_reserves_monthly,Gold Reserves: USD mn: Monthly: United Arab Emirates,monthly,1980,9,1980-09,198.7
gold_reserves_monthly,Gold Reserves: USD mn: Monthly: United Arab Emirates,monthly,1980,10,1980-10,198.7
gold_reserves_monthly,Gold Reserves: USD mn: Monthly: United Arab Emirates,monthly,1980,11,1980-11,199.1
gold_reserves_monthly,Gold Reserves: USD mn: Monthly: United Arab Emirates,monthly,1980,12,1980-12,199.1
gold_reserves_monthly,Gold Reserves: USD mn: Monthly: United Arab Emirates,monthly,1981,1,1981-01,199.1
gold_reserves_monthly,Gold Reserves: USD mn: Monthly: United Arab Emirates,monthly,1981,2,1981-02,199.1
gold_reserves_monthly,Gold Reserves: USD mn: Monthly: United Arab Emirates,monthly,1981,3,1981-03,199.1
gold_reserves_monthly,Gold Reserves: USD mn: Monthly: United Arab Emirates,monthly,1981,4,1981-04,219.8
gold_reserves_monthly,Gold Reserves: USD mn: Monthly: United Arab Emirates,monthly,1981,5,1981-05,219.8
gold_reserves_monthly,Gold Reserves: USD mn: Monthly: United Arab Emirates,monthly,1981,6,1981-06,243.1
gold_reserves_monthly,Gold Reserves: USD mn: Monthly: United Arab Emirates,monthly,1981,7,1981-07,243.1
gold_reserves_monthly,Gold Reserves: USD mn: Monthly: United Arab Emirates,monthly,1981,8,1981-08,243.1
gold_reserves_monthly,Gold Reserves: USD mn: Monthly: United Arab Emirates,monthly,1981,9,1981-09,243.1
gold_reserves_monthly,Gold Reserves: USD mn: Monthly: United Arab Emirates,monthly,1981,10,1981-10,273.4
gold_reserves_monthly,Gold Reserves: USD mn: Monthly: United Arab Emirates,monthly,1981,11,1981-11,289.4
gold_reserves_monthly,Gold Reserves: USD mn: Monthly: United Arab Emirates,monthly,1981,12,1981-12,304.9
gold_reserves_monthly,Gold Reserves: USD mn: Monthly: United Arab Emirates,monthly,1982,1,1982-01,304.9
gold_reserves_monthly,Gold Reserves: USD mn: Monthly: United Arab Emirates,monthly,1982,2,1982-02,304.9
gold_reserves_monthly,Gold Reserves: USD mn: Monthly: United Arab Emirates,monthly,1982,3,1982-03,304.9
gold_reserves_monthly,Gold Reserves: USD mn: Monthly: United Arab Emirates,monthly,1982,4,1982-04,304.9
gold_reserves_monthly,Gold Reserves: USD mn: Monthly: United Arab Emirates,monthly,1982,5,1982-05,304.9
gold_reserves_monthly,Gold Reserves: USD mn: Monthly: United Arab Emirates,monthly,1982,6,1982-06,304.9
gold_reserves_monthly,Gold Reserves: USD mn: Monthly: United Arab Emirates,monthly,1982,7,1982-07,304.9
gold_reserves_monthly,Gold Reserves: USD mn: Monthly: United Arab Emirates,monthly,1982,8,1982-08,304.9
gold_reserves_monthly,Gold Reserves: USD mn: Monthly: United Arab Emirates,monthly,1982,9,1982-09,304.9
gold_reserves_monthly,Gold Reserves: USD mn: Monthly: United Arab Emirates,monthly,1982,10,1982-10,304.9
gold_reserves_monthly,Gold Reserves: USD mn: Monthly: United Arab Emirates,monthly,1982,11,1982-11,304.9
gold_reserves_monthly,Gold Reserves: USD mn: Monthly: United Arab Emirates,monthly,1982,12,1982-12,304.9
gold_reserves_monthly,Gold Reserves: USD mn: Monthly: United Arab Emirates,monthly,1983,1,1983-01,304.9
gold_reserves_monthly,Gold Reserves: USD mn: Monthly: United Arab Emirates,monthly,1983,2,1983-02,304.9
gold_reserves_monthly,Gold Reserves: USD mn: Monthly: United Arab Emirates,monthly,1983,3,1983-03,304.9
gold_reserves_monthly,Gold Reserves: USD mn: Monthly: United Arab Emirates,monthly,1983,4,1983-04,304.9
gold_reserves_monthly,Gold Reserves: USD mn: Monthly: United Arab Emirates,monthly,1983,5,1983-05,304.9
gold_reserves_monthly,Gold Reserves: USD mn: Monthly: United Arab Emirates,monthly,1983,6,1983-06,304.9
gold_reserves_monthly,Gold Reserves: USD mn: Monthly: United Arab Emirates,monthly,1983,7,1983-07,304.9
gold_reserves_monthly,Gold Reserves: USD mn: Monthly: United Arab Emirates,monthly,1983,8,1983-08,304.9
gold_reserves_monthly,Gold Reserves: USD mn: Monthly: United Arab Emirates,monthly,1983,9,1983-09,304.9
gold_reserves_monthly,Gold Reserves: USD mn: Monthly: United Arab Emirates,monthly,1983,10,1983-10,304.9
gold_reserves_monthly,Gold Reserves: USD mn: Monthly: United Arab Emirates,monthly,1983,11,1983-11,304.9
gold_reserves_monthly,Gold Reserves: USD mn: Monthly: United Arab Emirates,monthly,1983,12,1983-12,304.9
gold_reserves_monthly,Gold Reserves: USD mn: Monthly: United Arab Emirates,monthly,1984,1,1984-01,304.9
gold_reserves_monthly,Gold Reserves: USD mn: Monthly: United Arab Emirates,monthly,1984,2,1984-02,304.9
gold_reserves_monthly,Gold Reserves: USD mn: Monthly: United Arab Emirates,monthly,1984,3,1984-03,304.9
gold_reserves_monthly,Gold Reserves: USD mn: Monthly: United Arab Emirates,monthly,1984,4,1984-04,304.9
gold_reserves_monthly,Gold Reserves: USD mn: Monthly: United Arab Emirates,monthly,1984,5,1984-05,304.9
gold_reserves_monthly,Gold Reserves: USD mn: Monthly: United Arab Emirates,monthly,1984,6,1984-06,304.9
gold_reserves_monthly,Gold Reserves: USD mn: Monthly: United Arab Emirates,monthly,1984,7,1984-07,304.9
gold_reserves_monthly,Gold Reserves: USD mn: Monthly: United Arab Emirates,monthly,1984,8,1984-08,304.9
gold_reserves_monthly,Gold Reserves: USD mn: Monthly: United Arab Emirates,monthly,1984,9,1984-09,304.9
gold_reserves_monthly,Gold Reserves: USD mn: Monthly: United Arab Emirates,monthly,1984,10,1984-10,304.9
gold_reserves_monthly,Gold Reserves: USD mn: Monthly: United Arab Emirates,monthly,1984,12,1984-12,304.9
gold_reserves_monthly,Gold Reserves: USD mn: Monthly: United Arab Emirates,monthly,1985,3,1985-03,304.9
gold_reserves_monthly,Gold Reserves: USD mn: Monthly: United Arab Emirates,monthly,1985,4,1985-04,304.9
gold_reserves_monthly,Gold Reserves: USD mn: Monthly: United Arab Emirates,monthly,1985,5,1985-05,304.9
gold_reserves_monthly,Gold Reserves: USD mn: Monthly: United Arab Emirates,monthly,1985,6,1985-06,304.9
gold_reserves_monthly,Gold Reserves: USD mn: Monthly: United Arab Emirates,monthly,1985,7,1985-07,304.9
gold_reserves_monthly,Gold Reserves: USD mn: Monthly: United Arab Emirates,monthly,1985,8,1985-08,304.9
gold_reserves_monthly,Gold Reserves: USD mn: Monthly: United Arab Emirates,monthly,1985,9,1985-09,304.9
gold_reserves_monthly,Gold Reserves: USD mn: Monthly: United Arab Emirates,monthly,1985,10,1985-10,304.9
gold_reserves_monthly,Gold Reserves: USD mn: Monthly: United Arab Emirates,monthly,1985,11,1985-11,304.9
gold_reserves_monthly,Gold Reserves: USD mn: Monthly: United Arab Emirates,monthly,1985,12,1985-12,304.9
gold_reserves_monthly,Gold Reserves: USD mn: Monthly: United Arab Emirates,monthly,1986,1,1986-01,304.9
gold_reserves_monthly,Gold Reserves: USD mn: Monthly: United Arab Emirates,monthly,1986,2,1986-02,304.9
gold_reserves_monthly,Gold Reserves: USD mn: Monthly: United Arab Emirates,monthly,1986,3,1986-03,304.9
gold_reserves_monthly,Gold Reserves: USD mn: Monthly: United Arab Emirates,monthly,1986,4,1986-04,304.9
gold_reserves_monthly,Gold Reserves: USD mn: Monthly: United Arab Emirates,monthly,1986,5,1986-05,304.9
gold_reserves_monthly,Gold Reserves: USD mn: Monthly: United Arab Emirates,monthly,1986,6,1986-06,304.9
gold_reserves_monthly,Gold Reserves: USD mn: Monthly: United Arab Emirates,monthly,1986,7,1986-07,304.9
gold_reserves_monthly,Gold Reserves: USD mn: Monthly: United Arab Emirates,monthly,1986,8,1986-08,304.9
gold_reserves_monthly,Gold Reserves: USD mn: Monthly: United Arab Emirates,monthly,1986,9,1986-09,304.9
gold_reserves_monthly,Gold Reserves: USD mn: Monthly: United Arab Emirates,monthly,1986,10,1986-10,304.9
gold_reserves_monthly,Gold Reserves: USD mn: Monthly: United Arab Emirates,monthly,1986,11,1986-11,304.9
gold_reserves_monthly,Gold Reserves: USD mn: Monthly: United Arab Emirates,monthly,1986,12,1986-12,304.9
gold_reserves_monthly,Gold Reserves: USD mn: Monthly: United Arab Emirates,monthly,1987,1,1987-01,304.9
gold_reserves_monthly,Gold Reserves: USD mn: Monthly: United Arab Emirates,monthly,1987,2,1987-02,304.9
gold_reserves_monthly,Gold Reserves: USD mn: Monthly: United Arab Emirates,monthly,1987,3,1987-03,304.9
gold_reserves_monthly,Gold Reserves: USD mn: Monthly: United Arab Emirates,monthly,1987,4,1987-04,304.9
gold_reserves_monthly,Gold Reserves: USD mn: Monthly: United Arab Emirates,monthly,1987,5,1987-05,304.9
gold_reserves_monthly,Gold Reserves: USD mn: Monthly: United Arab Emirates,monthly,1987,6,1987-06,304.9
gold_reserves_monthly,Gold Reserves: USD mn: Monthly: United Arab Emirates,monthly,1987,7,1987-07,304.9
gold_reserves_monthly,Gold Reserves: USD mn: Monthly: United Arab Emirates,monthly,1987,8,1987-08,304.9
gold_reserves_monthly,Gold Reserves: USD mn: Monthly: United Arab Emirates,monthly,1987,9,1987-09,304.9
gold_reserves_monthly,Gold Reserves: USD mn: Monthly: United Arab Emirates,monthly,1987,10,1987-10,304.9
gold_reserves_monthly,Gold Reserves: USD mn: Monthly: United Arab Emirates,monthly,1987,11,1987-11,304.9
gold_reserves_monthly,Gold Reserves: USD mn: Monthly: United Arab Emirates,monthly,1987,12,1987-12,304.9
gold_reserves_monthly,Gold Reserves: USD mn: Monthly: United Arab Emirates,monthly,1988,1,1988-01,304.9
gold_reserves_monthly,Gold Reserves: USD mn: Monthly: United Arab Emirates,monthly,1988,2,1988-02,304.9
gold_reserves_monthly,Gold Reserves: USD mn: Monthly: United Arab Emirates,monthly,1988,3,1988-03,304.9
gold_reserves_monthly,Gold Reserves: USD mn: Monthly: United Arab Emirates,monthly,1988,4,1988-04,304.9
gold_reserves_monthly,Gold Reserves: USD mn: Monthly: United Arab Emirates,monthly,1988,5,1988-05,304.9
gold_reserves_monthly,Gold Reserves: USD mn: Monthly: United Arab Emirates,monthly,1988,6,1988-06,304.9
gold_reserves_monthly,Gold Reserves: USD mn: Monthly: United Arab Emirates,monthly,1988,7,1988-07,304.9
gold_reserves_monthly,Gold Reserves: USD mn: Monthly: United Arab Emirates,monthly,1988,8,1988-08,304.9
gold_reserves_monthly,Gold Reserves: USD mn: Monthly: United Arab Emirates,monthly,1988,9,1988-09,304.9
gold_reserves_monthly,Gold Reserves: USD mn: Monthly: United Arab Emirates,monthly,1988,10,1988-10,304.9
gold_reserves_monthly,Gold Reserves: USD mn: Monthly: United Arab Emirates,monthly,1988,11,1988-11,304.9
gold_reserves_monthly,Gold Reserves: USD mn: Monthly: United Arab Emirates,monthly,1988,12,1988-12,304.9
gold_reserves_monthly,Gold Reserves: USD mn: Monthly: United Arab Emirates,monthly,1989,1,1989-01,304.9
gold_reserves_monthly,Gold Reserves: USD mn: Monthly: United Arab Emirates,monthly,1989,2,1989-02,304.9
gold_reserves_monthly,Gold Reserves: USD mn: Monthly: United Arab Emirates,monthly,1989,3,1989-03,304.9
gold_reserves_monthly,Gold Reserves: USD mn: Monthly: United Arab Emirates,monthly,1989,4,1989-04,304.9
gold_reserves_monthly,Gold Reserves: USD mn: Monthly: United Arab Emirates,monthly,1989,5,1989-05,304.9
gold_reserves_monthly,Gold Reserves: USD mn: Monthly: United Arab Emirates,monthly,1989,6,1989-06,304.9
gold_reserves_monthly,Gold Reserves: USD mn: Monthly: United Arab Emirates,monthly,1989,7,1989-07,304.9
gold_reserves_monthly,Gold Reserves: USD mn: Monthly: United Arab Emirates,monthly,1989,8,1989-08,305.0
gold_reserves_monthly,Gold Reserves: USD mn: Monthly: United Arab Emirates,monthly,1989,9,1989-09,305.0
gold_reserves_monthly,Gold Reserves: USD mn: Monthly: United Arab Emirates,monthly,1989,10,1989-10,305.0
gold_reserves_monthly,Gold Reserves: USD mn: Monthly: United Arab Emirates,monthly,1989,11,1989-11,305.0
gold_reserves_monthly,Gold Reserves: USD mn: Monthly: United Arab Emirates,monthly,1989,12,1989-12,302.3
gold_reserves_monthly,Gold Reserves: USD mn: Monthly: United Arab Emirates,monthly,1990,1,1990-01,302.3
gold_reserves_monthly,Gold Reserves: USD mn: Monthly: United Arab Emirates,monthly,1990,2,1990-02,302.3
gold_reserves_monthly,Gold Reserves: USD mn: Monthly: United Arab Emirates,monthly,1990,3,1990-03,302.0
gold_reserves_monthly,Gold Reserves: USD mn: Monthly: United Arab Emirates,monthly,1990,4,1990-04,302.0
gold_reserves_monthly,Gold Reserves: USD mn: Monthly: United Arab Emirates,monthly,1990,5,1990-05,302.0
gold_reserves_monthly,Gold Reserves: USD mn: Monthly: United Arab Emirates,monthly,1990,6,1990-06,302.0
gold_reserves_monthly,Gold Reserves: USD mn: Monthly: United Arab Emirates,monthly,1990,7,1990-07,302.0
gold_reserves_monthly,Gold Reserves: USD mn: Monthly: United Arab Emirates,monthly,1990,8,1990-08,302.0
gold_reserves_monthly,Gold Reserves: USD mn: Monthly: United Arab Emirates,monthly,1990,9,1990-09,302.0
gold_reserves_monthly,Gold Reserves: USD mn: Monthly: United Arab Emirates,monthly,1990,10,1990-10,302.0
gold_reserves_monthly,Gold Reserves: USD mn: Monthly: United Arab Emirates,monthly,1990,11,1990-11,302.0
gold_reserves_monthly,Gold Reserves: USD mn: Monthly: United Arab Emirates,monthly,1990,12,1990-12,302.0
gold_reserves_monthly,Gold Reserves: USD mn: Monthly: United Arab Emirates,monthly,1991,1,1991-01,302.0
gold_reserves_monthly,Gold Reserves: USD mn: Monthly: United Arab Emirates,monthly,1991,2,1991-02,302.0
gold_reserves_monthly,Gold Reserves: USD mn: Monthly: United Arab Emirates,monthly,1991,3,1991-03,302.0
gold_reserves_monthly,Gold Reserves: USD mn: Monthly: United Arab Emirates,monthly,1991,4,1991-04,302.0
gold_reserves_monthly,Gold Reserves: USD mn: Monthly: United Arab Emirates,monthly,1991,5,1991-05,302.0
gold_reserves_monthly,Gold Reserves: USD mn: Monthly: United Arab Emirates,monthly,1991,6,1991-06,302.0
gold_reserves_monthly,Gold Reserves: USD mn: Monthly: United Arab Emirates,monthly,1991,7,1991-07,302.0
gold_reserves_monthly,Gold Reserves: USD mn: Monthly: United Arab Emirates,monthly,1991,8,1991-08,302.0
gold_reserves_monthly,Gold Reserves: USD mn: Monthly: United Arab Emirates,monthly,1991,9,1991-09,302.0
gold_reserves_monthly,Gold Reserves: USD mn: Monthly: United Arab Emirates,monthly,1991,10,1991-10,302.0
gold_reserves_monthly,Gold Reserves: USD mn: Monthly: United Arab Emirates,monthly,1991,11,1991-11,302.0
gold_reserves_monthly,Gold Reserves: USD mn: Monthly: United Arab Emirates,monthly,1991,12,1991-12,302.0
gold_reserves_monthly,Gold Reserves: USD mn: Monthly: United Arab Emirates,monthly,1992,1,1992-01,302.0
gold_reserves_monthly,Gold Reserves: USD mn: Monthly: United Arab Emirates,monthly,1992,2,1992-02,302.0
gold_reserves_monthly,Gold Reserves: USD mn: Monthly: United Arab Emirates,monthly,1992,3,1992-03,302.0
gold_reserves_monthly,Gold Reserves: USD mn: Monthly: United Arab Emirates,monthly,1992,4,1992-04,302.0
gold_reserves_monthly,Gold Reserves: USD mn: Monthly: United Arab Emirates,monthly,1992,5,1992-05,303.4
gold_reserves_monthly,Gold Reserves: USD mn: Monthly: United Arab Emirates,monthly,1992,6,1992-06,303.1
gold_reserves_monthly,Gold Reserves: USD mn: Monthly: United Arab Emirates,monthly,1992,7,1992-07,302.5
gold_reserves_monthly,Gold Reserves: USD mn: Monthly: United Arab Emirates,monthly,1992,8,1992-08,302.3
gold_reserves_monthly,Gold Reserves: USD mn: Monthly: United Arab Emirates,monthly,1992,9,1992-09,302.3
gold_reserves_monthly,Gold Reserves: USD mn: Monthly: United Arab Emirates,monthly,1992,10,1992-10,302.3
gold_reserves_monthly,Gold Reserves: USD mn: Monthly: United Arab Emirates,monthly,1992,11,1992-11,302.3
gold_reserves_monthly,Gold Reserves: USD mn: Monthly: United Arab Emirates,monthly,1992,12,1992-12,302.3
gold_reserves_monthly,Gold Reserves: USD mn: Monthly: United Arab Emirates,monthly,1993,1,1993-01,302.3
gold_reserves_monthly,Gold Reserves: USD mn: Monthly: United Arab Emirates,monthly,1993,2,1993-02,302.3
gold_reserves_monthly,Gold Reserves: USD mn: Monthly: United Arab Emirates,monthly,1993,3,1993-03,302.0
gold_reserves_monthly,Gold Reserves: USD mn: Monthly: United Arab Emirates,monthly,1993,4,1993-04,302.0
gold_reserves_monthly,Gold Reserves: USD mn: Monthly: United Arab Emirates,monthly,1993,5,1993-05,302.0
gold_reserves_monthly,Gold Reserves: USD mn: Monthly: United Arab Emirates,monthly,1993,6,1993-06,302.0
gold_reserves_monthly,Gold Reserves: USD mn: Monthly: United Arab Emirates,monthly,1993,7,1993-07,302.0
gold_reserves_monthly,Gold Reserves: USD mn: Monthly: United Arab Emirates,monthly,1993,8,1993-08,302.0
gold_reserves_monthly,Gold Reserves: USD mn: Monthly: United Arab Emirates,monthly,1993,9,1993-09,302.0
gold_reserves_monthly,Gold Reserves: USD mn: Monthly: United Arab Emirates,monthly,1993,10,1993-10,302.0
gold_reserves_monthly,Gold Reserves: USD mn: Monthly: United Arab Emirates,monthly,1993,11,1993-11,302.8
gold_reserves_monthly,Gold Reserves: USD mn: Monthly: United Arab Emirates,monthly,1993,12,1993-12,302.8
gold_reserves_monthly,Gold Reserves: USD mn: Monthly: United Arab Emirates,monthly,1994,1,1994-01,302.8
gold_reserves_monthly,Gold Reserves: USD mn: Monthly: United Arab Emirates,monthly,1994,2,1994-02,302.0
gold_reserves_monthly,Gold Reserves: USD mn: Monthly: United Arab Emirates,monthly,1994,3,1994-03,302.0
gold_reserves_monthly,Gold Reserves: USD mn: Monthly: United Arab Emirates,monthly,1994,4,1994-04,302.0
gold_reserves_monthly,Gold Reserves: USD mn: Monthly: United Arab Emirates,monthly,1994,5,1994-05,302.0
gold_reserves_monthly,Gold Reserves: USD mn: Monthly: United Arab Emirates,monthly,1994,6,1994-06,302.0
gold_reserves_monthly,Gold Reserves: USD mn: Monthly: United Arab Emirates,monthly,1994,7,1994-07,302.0
gold_reserves_monthly,Gold Reserves: USD mn: Monthly: United Arab Emirates,monthly,1994,8,1994-08,302.0
gold_reserves_monthly,Gold Reserves: USD mn: Monthly: United Arab Emirates,monthly,1994,9,1994-09,302.0
gold_reserves_monthly,Gold Reserves: USD mn: Monthly: United Arab Emirates,monthly,1994,10,1994-10,302.0
gold_reserves_monthly,Gold Reserves: USD mn: Monthly: United Arab Emirates,monthly,1994,11,1994-11,302.0
gold_reserves_monthly,Gold Reserves: USD mn: Monthly: United Arab Emirates,monthly,1994,12,1994-12,302.0
gold_reserves_monthly,Gold Reserves: USD mn: Monthly: United Arab Emirates,monthly,1995,1,1995-01,302.0
gold_reserves_monthly,Gold Reserves: USD mn: Monthly: United Arab Emirates,monthly,1995,2,1995-02,302.0
gold_reserves_monthly,Gold Reserves: USD mn: Monthly: United Arab Emirates,monthly,1995,3,1995-03,302.0
gold_reserves_monthly,Gold Reserves: USD mn: Monthly: United Arab Emirates,monthly,1995,4,1995-04,302.0
gold_reserves_monthly,Gold Reserves: USD mn: Monthly: United Arab Emirates,monthly,1995,5,1995-05,302.0
gold_reserves_monthly,Gold Reserves: USD mn: Monthly: United Arab Emirates,monthly,1995,6,1995-06,302.0
gold_reserves_monthly,Gold Reserves: USD mn: Monthly: United Arab Emirates,monthly,1995,7,1995-07,302.0
gold_reserves_monthly,Gold Reserves: USD mn: Monthly: United Arab Emirates,monthly,1995,8,1995-08,302.0
gold_reserves_monthly,Gold Reserves: USD mn: Monthly: United Arab Emirates,monthly,1995,9,1995-09,302.0
gold_reserves_monthly,Gold Reserves: USD mn: Monthly: United Arab Emirates,monthly,1995,10,1995-10,302.0
gold_reserves_monthly,Gold Reserves: USD mn: Monthly: United Arab Emirates,monthly,1995,11,1995-11,302.0
gold_reserves_monthly,Gold Reserves: USD mn: Monthly: United Arab Emirates,monthly,1995,12,1995-12,302.0
gold_reserves_monthly,Gold Reserves: USD mn: Monthly: United Arab Emirates,monthly,1996,1,1996-01,302.0
gold_reserves_monthly,Gold Reserves: USD mn: Monthly: United Arab Emirates,monthly,1996,2,1996-02,301.7
gold_reserves_monthly,Gold Reserves: USD mn: Monthly: United Arab Emirates,monthly,1996,3,1996-03,301.7
gold_reserves_monthly,Gold Reserves: USD mn: Monthly: United Arab Emirates,monthly,1996,4,1996-04,301.7
gold_reserves_monthly,Gold Reserves: USD mn: Monthly: United Arab Emirates,monthly,1996,5,1996-05,302.5
gold_reserves_monthly,Gold Reserves: USD mn: Monthly: United Arab Emirates,monthly,1996,6,1996-06,302.5
gold_reserves_monthly,Gold Reserves: USD mn: Monthly: United Arab Emirates,monthly,1996,7,1996-07,302.3
gold_reserves_monthly,Gold Reserves: USD mn: Monthly: United Arab Emirates,monthly,1996,8,1996-08,302.3
gold_reserves_monthly,Gold Reserves: USD mn: Monthly: United Arab Emirates,monthly,1996,9,1996-09,302.3
gold_reserves_monthly,Gold Reserves: USD mn: Monthly: United Arab Emirates,monthly,1996,10,1996-10,302.3
gold_reserves_monthly,Gold Reserves: USD mn: Monthly: United Arab Emirates,monthly,1996,11,1996-11,303.4
gold_reserves_monthly,Gold Reserves: USD mn: Monthly: United Arab Emirates,monthly,1996,12,1996-12,303.1
gold_reserves_monthly,Gold Reserves: USD mn: Monthly: United Arab Emirates,monthly,1997,1,1997-01,301.7
gold_reserves_monthly,Gold Reserves: USD mn: Monthly: United Arab Emirates,monthly,1997,2,1997-02,301.7
gold_reserves_monthly,Gold Reserves: USD mn: Monthly: United Arab Emirates,monthly,1997,3,1997-03,301.7
gold_reserves_monthly,Gold Reserves: USD mn: Monthly: United Arab Emirates,monthly,1997,4,1997-04,301.7
gold_reserves_monthly,Gold Reserves: USD mn: Monthly: United Arab Emirates,monthly,1997,5,1997-05,301.7
gold_reserves_monthly,Gold Reserves: USD mn: Monthly: United Arab Emirates,monthly,1997,6,1997-06,301.7
gold_reserves_monthly,Gold Reserves: USD mn: Monthly: United Arab Emirates,monthly,1997,7,1997-07,301.7
gold_reserves_monthly,Gold Reserves: USD mn: Monthly: United Arab Emirates,monthly,1997,8,1997-08,301.7
gold_reserves_monthly,Gold Reserves: USD mn: Monthly: United Arab Emirates,monthly,1997,9,1997-09,301.7
gold_reserves_monthly,Gold Reserves: USD mn: Monthly: United Arab Emirates,monthly,1997,10,1997-10,301.7
gold_reserves_monthly,Gold Reserves: USD mn: Monthly: United Arab Emirates,monthly,1997,11,1997-11,301.7
gold_reserves_monthly,Gold Reserves: USD mn: Monthly: United Arab Emirates,monthly,1997,12,1997-12,301.6
gold_reserves_monthly,Gold Reserves: USD mn: Monthly: United Arab Emirates,monthly,1998,1,1998-01,301.6
gold_reserves_monthly,Gold Reserves: USD mn: Monthly: United Arab Emirates,monthly,1998,2,1998-02,301.6
gold_reserves_monthly,Gold Reserves: USD mn: Monthly: United Arab Emirates,monthly,1998,3,1998-03,301.6
gold_reserves_monthly,Gold Reserves: USD mn: Monthly: United Arab Emirates,monthly,1998,4,1998-04,301.6
gold_reserves_monthly,Gold Reserves: USD mn: Monthly: United Arab Emirates,monthly,1998,5,1998-05,301.6
gold_reserves_monthly,Gold Reserves: USD mn: Monthly: United Arab Emirates,monthly,1998,6,1998-06,301.6
gold_reserves_monthly,Gold Reserves: USD mn: Monthly: United Arab Emirates,monthly,1998,7,1998-07,301.6
gold_reserves_monthly,Gold Reserves: USD mn: Monthly: United Arab Emirates,monthly,1998,8,1998-08,301.6
gold_reserves_monthly,Gold Reserves: USD mn: Monthly: United Arab Emirates,monthly,1998,9,1998-09,301.6
gold_reserves_monthly,Gold Reserves: USD mn: Monthly: United Arab Emirates,monthly,1998,10,1998-10,301.6
gold_reserves_monthly,Gold Reserves: USD mn: Monthly: United Arab Emirates,monthly,1998,11,1998-11,301.6
gold_reserves_monthly,Gold Reserves: USD mn: Monthly: United Arab Emirates,monthly,1998,12,1998-12,301.6
gold_reserves_monthly,Gold Reserves: USD mn: Monthly: United Arab Emirates,monthly,1999,1,1999-01,301.6
gold_reserves_monthly,Gold Reserves: USD mn: Monthly: United Arab Emirates,monthly,1999,2,1999-02,301.6
gold_reserves_monthly,Gold Reserves: USD mn: Monthly: United Arab Emirates,monthly,1999,3,1999-03,301.6
gold_reserves_monthly,Gold Reserves: USD mn: Monthly: United Arab Emirates,monthly,1999,4,1999-04,301.6
gold_reserves_monthly,Gold Reserves: USD mn: Monthly: United Arab Emirates,monthly,1999,5,1999-05,301.6
gold_reserves_monthly,Gold Reserves: USD mn: Monthly: United Arab Emirates,monthly,1999,6,1999-06,301.6
gold_reserves_monthly,Gold Reserves: USD mn: Monthly: United Arab Emirates,monthly,1999,7,1999-07,301.6
gold_reserves_monthly,Gold Reserves: USD mn: Monthly: United Arab Emirates,monthly,1999,8,1999-08,301.6
gold_reserves_monthly,Gold Reserves: USD mn: Monthly: United Arab Emirates,monthly,1999,9,1999-09,301.6
gold_reserves_monthly,Gold Reserves: USD mn: Monthly: United Arab Emirates,monthly,1999,10,1999-10,301.6
gold_reserves_monthly,Gold Reserves: USD mn: Monthly: United Arab Emirates,monthly,1999,11,1999-11,211.0
gold_reserves_monthly,Gold Reserves: USD mn: Monthly: United Arab Emirates,monthly,1999,12,1999-12,211.0
gold_reserves_monthly,Gold Reserves: USD mn: Monthly: United Arab Emirates,monthly,2000,1,2000-01,211.0
gold_reserves_monthly,Gold Reserves: USD mn: Monthly: United Arab Emirates,monthly,2000,2,2000-02,211.0
gold_reserves_monthly,Gold Reserves: USD mn: Monthly: United Arab Emirates,monthly,2000,3,2000-03,211.0
gold_reserves_monthly,Gold Reserves: USD mn: Monthly: United Arab Emirates,monthly,2000,4,2000-04,211.0
gold_reserves_monthly,Gold Reserves: USD mn: Monthly: United Arab Emirates,monthly,2000,5,2000-05,211.0
gold_reserves_monthly,Gold Reserves: USD mn: Monthly: United Arab Emirates,monthly,2000,6,2000-06,211.0
gold_reserves_monthly,Gold Reserves: USD mn: Monthly: United Arab Emirates,monthly,2000,7,2000-07,211.0
gold_reserves_monthly,Gold Reserves: USD mn: Monthly: United Arab Emirates,monthly,2000,8,2000-08,211.0
gold_reserves_monthly,Gold Reserves: USD mn: Monthly: United Arab Emirates,monthly,2000,9,2000-09,211.0
gold_reserves_monthly,Gold Reserves: USD mn: Monthly: United Arab Emirates,monthly,2000,10,2000-10,211.0
gold_reserves_monthly,Gold Reserves: USD mn: Monthly: United Arab Emirates,monthly,2000,11,2000-11,211.0
gold_reserves_monthly,Gold Reserves: USD mn: Monthly: United Arab Emirates,monthly,2000,12,2000-12,211.0
gold_reserves_monthly,Gold Reserves: USD mn: Monthly: United Arab Emirates,monthly,2001,1,2001-01,211.0
gold_reserves_monthly,Gold Reserves: USD mn: Monthly: United Arab Emirates,monthly,2001,2,2001-02,211.0
gold_reserves_monthly,Gold Reserves: USD mn: Monthly: United Arab Emirates,monthly,2001,3,2001-03,211.0
gold_reserves_monthly,Gold Reserves: USD mn: Monthly: United Arab Emirates,monthly,2001,4,2001-04,211.0
gold_reserves_monthly,Gold Reserves: USD mn: Monthly: United Arab Emirates,monthly,2001,5,2001-05,211.0
gold_reserves_monthly,Gold Reserves: USD mn: Monthly: United Arab Emirates,monthly,2001,6,2001-06,211.0
gold_reserves_monthly,Gold Reserves: USD mn: Monthly: United Arab Emirates,monthly,2001,7,2001-07,211.0
gold_reserves_monthly,Gold Reserves: USD mn: Monthly: United Arab Emirates,monthly,2001,8,2001-08,211.0
gold_reserves_monthly,Gold Reserves: USD mn: Monthly: United Arab Emirates,monthly,2001,9,2001-09,211.0
gold_reserves_monthly,Gold Reserves: USD mn: Monthly: United Arab Emirates,monthly,2001,10,2001-10,211.0
gold_reserves_monthly,Gold Reserves: USD mn: Monthly: United Arab Emirates,monthly,2001,11,2001-11,211.0
gold_reserves_monthly,Gold Reserves: USD mn: Monthly: United Arab Emirates,monthly,2001,12,2001-12,211.0
gold_reserves_monthly,Gold Reserves: USD mn: Monthly: United Arab Emirates,monthly,2002,1,2002-01,211.0
gold_reserves_monthly,Gold Reserves: USD mn: Monthly: United Arab Emirates,monthly,2002,2,2002-02,211.0
gold_reserves_monthly,Gold Reserves: USD mn: Monthly: United Arab Emirates,monthly,2002,3,2002-03,211.0
gold_reserves_monthly,Gold Reserves: USD mn: Monthly: United Arab Emirates,monthly,2002,4,2002-04,211.0
gold_reserves_monthly,Gold Reserves: USD mn: Monthly: United Arab Emirates,monthly,2002,5,2002-05,211.0
gold_reserves_monthly,Gold Reserves: USD mn: Monthly: United Arab Emirates,monthly,2002,6,2002-06,211.0
gold_reserves_monthly,Gold Reserves: USD mn: Monthly: United Arab Emirates,monthly,2002,7,2002-07,211.0
gold_reserves_monthly,Gold Reserves: USD mn: Monthly: United Arab Emirates,monthly,2002,8,2002-08,211.0
gold_reserves_monthly,Gold Reserves: USD mn: Monthly: United Arab Emirates,monthly,2002,9,2002-09,211.0
gold_reserves_monthly,Gold Reserves: USD mn: Monthly: United Arab Emirates,monthly,2002,10,2002-10,211.0
gold_reserves_monthly,Gold Reserves: USD mn: Monthly: United Arab Emirates,monthly,2002,11,2002-11,211.0
gold_reserves_monthly,Gold Reserves: USD mn: Monthly: United Arab Emirates,monthly,2002,12,2002-12,211.0
gold_reserves_monthly,Gold Reserves: USD mn: Monthly: United Arab Emirates,monthly,2003,1,2003-01,211.0
gold_reserves_monthly,Gold Reserves: USD mn: Monthly: United Arab Emirates,monthly,2003,2,2003-02,211.0
gold_reserves_monthly,Gold Reserves: USD mn: Monthly: United Arab Emirates,monthly,2003,3,2003-03,211.0
gold_reserves_monthly,Gold Reserves: USD mn: Monthly: United Arab Emirates,monthly,2003,4,2003-04,211.0
gold_reserves_monthly,Gold Reserves: USD mn: Monthly: United Arab Emirates,monthly,2003,5,2003-05,165.5
gold_reserves_monthly,Gold Reserves: USD mn: Monthly: United Arab Emirates,monthly,2003,6,2003-06,165.5
gold_reserves_monthly,Gold Reserves: USD mn: Monthly: United Arab Emirates,monthly,2003,7,2003-07,165.5
gold_reserves_monthly,Gold Reserves: USD mn: Monthly: United Arab Emirates,monthly,2003,8,2003-08,165.5
gold_reserves_monthly,Gold Reserves: USD mn: Monthly: United Arab Emirates,monthly,2003,9,2003-09,165.5
gold_reserves_monthly,Gold Reserves: USD mn: Monthly: United Arab Emirates,monthly,2003,10,2003-10,165.5
gold_reserves_monthly,Gold Reserves: USD mn: Monthly: United Arab Emirates,monthly,2003,11,2003-11,120.3
gold_reserves_monthly,Gold Reserves: USD mn: Monthly: United Arab Emirates,monthly,2003,12,2003-12,120.3
gold_reserves_monthly,Gold Reserves: USD mn: Monthly: United Arab Emirates,monthly,2004,1,2004-01,120.3
gold_reserves_monthly,Gold Reserves: USD mn: Monthly: United Arab Emirates,monthly,2004,2,2004-02,120.3
gold_reserves_monthly,Gold Reserves: USD mn: Monthly: United Arab Emirates,monthly,2004,3,2004-03,120.3
gold_reserves_monthly,Gold Reserves: USD mn: Monthly: United Arab Emirates,monthly,2004,4,2004-04,120.3
gold_reserves_monthly,Gold Reserves: USD mn: Monthly: United Arab Emirates,monthly,2004,5,2004-05,120.3
gold_reserves_monthly,Gold Reserves: USD mn: Monthly: United Arab Emirates,monthly,2004,6,2004-06,120.3
gold_reserves_monthly,Gold Reserves: USD mn: Monthly: United Arab Emirates,monthly,2004,7,2004-07,120.3
gold_reserves_monthly,Gold Reserves: USD mn: Monthly: United Arab Emirates,monthly,2004,8,2004-08,120.3
gold_reserves_monthly,Gold Reserves: USD mn: Monthly: United Arab Emirates,monthly,2004,9,2004-09,120.3
gold_reserves_monthly,Gold Reserves: USD mn: Monthly: United Arab Emirates,monthly,2004,10,2004-10,120.3
gold_reserves_monthly,Gold Reserves: USD mn: Monthly: United Arab Emirates,monthly,2004,11,2004-11,120.3
gold_reserves_monthly,Gold Reserves: USD mn: Monthly: United Arab Emirates,monthly,2004,12,2004-12,120.3
gold_reserves_monthly,Gold Reserves: USD mn: Monthly: United Arab Emirates,monthly,2005,1,2005-01,120.3
gold_reserves_monthly,Gold Reserves: USD mn: Monthly: United Arab Emirates,monthly,2005,2,2005-02,120.3
gold_reserves_monthly,Gold Reserves: USD mn: Monthly: United Arab Emirates,monthly,2005,3,2005-03,120.3
gold_reserves_monthly,Gold Reserves: USD mn: Monthly: United Arab Emirates,monthly,2005,4,2005-04,120.3
gold_reserves_monthly,Gold Reserves: USD mn: Monthly: United Arab Emirates,monthly,2005,5,2005-05,120.3
gold_reserves_monthly,Gold Reserves: USD mn: Monthly: United Arab Emirates,monthly,2005,6,2005-06,120.3
gold_reserves_monthly,Gold Reserves: USD mn: Monthly: United Arab Emirates,monthly,2005,7,2005-07,120.3
gold_reserves_monthly,Gold Reserves: USD mn: Monthly: United Arab Emirates,monthly,2005,8,2005-08,120.3
gold_reserves_monthly,Gold Reserves: USD mn: Monthly: United Arab Emirates,monthly,2005,9,2005-09,120.3
gold_reserves_monthly,Gold Reserves: USD mn: Monthly: United Arab Emirates,monthly,2005,10,2005-10,120.3
gold_reserves_monthly,Gold Reserves: USD mn: Monthly: United Arab Emirates,monthly,2005,11,2005-11,120.3
gold_reserves_monthly,Gold Reserves: USD mn: Monthly: United Arab Emirates,monthly,2005,12,2005-12,120.3
gold_reserves_monthly,Gold Reserves: USD mn: Monthly: United Arab Emirates,monthly,2006,1,2006-01,120.3
gold_reserves_monthly,Gold Reserves: USD mn: Monthly: United Arab Emirates,monthly,2006,2,2006-02,120.3
gold_reserves_monthly,Gold Reserves: USD mn: Monthly: United Arab Emirates,monthly,2006,3,2006-03,120.3
gold_reserves_monthly,Gold Reserves: USD mn: Monthly: United Arab Emirates,monthly,2006,4,2006-04,120.3
gold_reserves_monthly,Gold Reserves: USD mn: Monthly: United Arab Emirates,monthly,2006,5,2006-05,120.3
gold_reserves_monthly,Gold Reserves: USD mn: Monthly: United Arab Emirates,monthly,2006,6,2006-06,120.3
gold_reserves_monthly,Gold Reserves: USD mn: Monthly: United Arab Emirates,monthly,2006,7,2006-07,120.3
gold_reserves_monthly,Gold Reserves: USD mn: Monthly: United Arab Emirates,monthly,2006,8,2006-08,120.3
gold_reserves_monthly,Gold Reserves: USD mn: Monthly: United Arab Emirates,monthly,2006,9,2006-09,120.3
gold_reserves_monthly,Gold Reserves: USD mn: Monthly: United Arab Emirates,monthly,2006,10,2006-10,120.3
gold_reserves_monthly,Gold Reserves: USD mn: Monthly: United Arab Emirates,monthly,2006,11,2006-11,120.3
gold_reserves_monthly,Gold Reserves: USD mn: Monthly: United Arab Emirates,monthly,2006,12,2006-12,120.3
gold_reserves_monthly,Gold Reserves: USD mn: Monthly: United Arab Emirates,monthly,2007,1,2007-01,120.3
gold_reserves_monthly,Gold Reserves: USD mn: Monthly: United Arab Emirates,monthly,2007,2,2007-02,120.3
gold_reserves_monthly,Gold Reserves: USD mn: Monthly: United Arab Emirates,monthly,2007,3,2007-03,120.3
gold_reserves_monthly,Gold Reserves: USD mn: Monthly: United Arab Emirates,monthly,2007,4,2007-04,120.3
gold_reserves_monthly,Gold Reserves: USD mn: Monthly: United Arab Emirates,monthly,2007,5,2007-05,120.3
gold_reserves_monthly,Gold Reserves: USD mn: Monthly: United Arab Emirates,monthly,2007,6,2007-06,120.3
gold_reserves_monthly,Gold Reserves: USD mn: Monthly: United Arab Emirates,monthly,2007,7,2007-07,120.3
gold_reserves_monthly,Gold Reserves: USD mn: Monthly: United Arab Emirates,monthly,2007,8,2007-08,120.3
gold_reserves_monthly,Gold Reserves: USD mn: Monthly: United Arab Emirates,monthly,2007,9,2007-09,120.3
gold_reserves_monthly,Gold Reserves: USD mn: Monthly: United Arab Emirates,monthly,2007,10,2007-10,120.3
gold_reserves_monthly,Gold Reserves: USD mn: Monthly: United Arab Emirates,monthly,2007,11,2007-11,120.3
gold_reserves_monthly,Gold Reserves: USD mn: Monthly: United Arab Emirates,monthly,2007,12,2007-12,120.3
gold_reserves_monthly,Gold Reserves: USD mn: Monthly: United Arab Emirates,monthly,2008,1,2008-01,120.3
gold_reserves_monthly,Gold Reserves: USD mn: Monthly: United Arab Emirates,monthly,2008,2,2008-02,120.3
gold_reserves_monthly,Gold Reserves: USD mn: Monthly: United Arab Emirates,monthly,2008,3,2008-03,120.3
gold_reserves_monthly,Gold Reserves: USD mn: Monthly: United Arab Emirates,monthly,2008,4,2008-04,120.3
gold_reserves_monthly,Gold Reserves: USD mn: Monthly: United Arab Emirates,monthly,2008,5,2008-05,120.3
gold_reserves_monthly,Gold Reserves: USD mn: Monthly: United Arab Emirates,monthly,2008,6,2008-06,120.3
gold_reserves_monthly,Gold Reserves: USD mn: Monthly: United Arab Emirates,monthly,2008,7,2008-07,120.3
gold_reserves_monthly,Gold Reserves: USD mn: Monthly: United Arab Emirates,monthly,2008,8,2008-08,120.3
gold_reserves_monthly,Gold Reserves: USD mn: Monthly: United Arab Emirates,monthly,2008,9,2008-09,120.3
gold_reserves_monthly,Gold Reserves: USD mn: Monthly: United Arab Emirates,monthly,2008,10,2008-10,120.3
gold_reserves_monthly,Gold Reserves: USD mn: Monthly: United Arab Emirates,monthly,2008,11,2008-11,120.3
gold_reserves_monthly,Gold Reserves: USD mn: Monthly: United Arab Emirates,monthly,2008,12,2008-12,120.3
gold_reserves_monthly,Gold Reserves: USD mn: Monthly: United Arab Emirates,monthly,2009,1,2009-01,120.3
gold_reserves_monthly,Gold Reserves: USD mn: Monthly: United Arab Emirates,monthly,2009,2,2009-02,120.3
gold_reserves_monthly,Gold Reserves: USD mn: Monthly: United Arab Emirates,monthly,2009,3,2009-03,120.3
gold_reserves_monthly,Gold Reserves: USD mn: Monthly: United Arab Emirates,monthly,2009,4,2009-04,120.3
gold_reserves_monthly,Gold Reserves: USD mn: Monthly: United Arab Emirates,monthly,2009,5,2009-05,120.3
gold_reserves_monthly,Gold Reserves: USD mn: Monthly: United Arab Emirates,monthly,2009,6,2009-06,120.3
gold_reserves_monthly,Gold Reserves: USD mn: Monthly: United Arab Emirates,monthly,2009,7,2009-07,120.3
gold_reserves_monthly,Gold Reserves: USD mn: Monthly: United Arab Emirates,monthly,2009,8,2009-08,120.3
gold_reserves_monthly,Gold Reserves: USD mn: Monthly: United Arab Emirates,monthly,2009,9,2009-09,120.3
gold_reserves_monthly,Gold Reserves: USD mn: Monthly: United Arab Emirates,monthly,2009,10,2009-10,120.3
gold_reserves_monthly,Gold Reserves: USD mn: Monthly: United Arab Emirates,monthly,2009,11,2009-11,120.3
gold_reserves_monthly,Gold Reserves: USD mn: Monthly: United Arab Emirates,monthly,2009,12,2009-12,120.3
gold_reserves_monthly,Gold Reserves: USD mn: Monthly: United Arab Emirates,monthly,2010,1,2010-01,120.3
gold_reserves_monthly,Gold Reserves: USD mn: Monthly: United Arab Emirates,monthly,2010,2,2010-02,120.3
gold_reserves_monthly,Gold Reserves: USD mn: Monthly: United Arab Emirates,monthly,2010,3,2010-03,120.3
gold_reserves_monthly,Gold Reserves: USD mn: Monthly: United Arab Emirates,monthly,2010,4,2010-04,120.3
gold_reserves_monthly,Gold Reserves: USD mn: Monthly: United Arab Emirates,monthly,2010,5,2010-05,120.3
gold_reserves_monthly,Gold Reserves: USD mn: Monthly: United Arab Emirates,monthly,2010,6,2010-06,120.3
gold_reserves_monthly,Gold Reserves: USD mn: Monthly: United Arab Emirates,monthly,2010,7,2010-07,120.3
gold_reserves_monthly,Gold Reserves: USD mn: Monthly: United Arab Emirates,monthly,2010,8,2010-08,120.3
gold_reserves_monthly,Gold Reserves: USD mn: Monthly: United Arab Emirates,monthly,2010,9,2010-09,120.3
gold_reserves_monthly,Gold Reserves: USD mn: Monthly: United Arab Emirates,monthly,2010,10,2010-10,120.3
gold_reserves_monthly,Gold Reserves: USD mn: Monthly: United Arab Emirates,monthly,2010,11,2010-11,120.3
gold_reserves_monthly,Gold Reserves: USD mn: Monthly: United Arab Emirates,monthly,2010,12,2010-12,120.3
gold_reserves_monthly,Gold Reserves: USD mn: Monthly: United Arab Emirates,monthly,2011,1,2011-01,120.3
gold_reserves_monthly,Gold Reserves: USD mn: Monthly: United Arab Emirates,monthly,2011,2,2011-02,120.3
gold_reserves_monthly,Gold Reserves: USD mn: Monthly: United Arab Emirates,monthly,2011,3,2011-03,120.3
gold_reserves_monthly,Gold Reserves: USD mn: Monthly: United Arab Emirates,monthly,2011,4,2011-04,120.3
gold_reserves_monthly,Gold Reserves: USD mn: Monthly: United Arab Emirates,monthly,2011,5,2011-05,120.3
gold_reserves_monthly,Gold Reserves: USD mn: Monthly: United Arab Emirates,monthly,2011,6,2011-06,120.3
gold_reserves_monthly,Gold Reserves: USD mn: Monthly: United Arab Emirates,monthly,2011,7,2011-07,120.3
gold_reserves_monthly,Gold Reserves: USD mn: Monthly: United Arab Emirates,monthly,2011,8,2011-08,120.3
gold_reserves_monthly,Gold Reserves: USD mn: Monthly: United Arab Emirates,monthly,2011,9,2011-09,120.3
gold_reserves_monthly,Gold Reserves: USD mn: Monthly: United Arab Emirates,monthly,2011,10,2011-10,120.3
gold_reserves_monthly,Gold Reserves: USD mn: Monthly: United Arab Emirates,monthly,2011,11,2011-11,120.3
gold_reserves_monthly,Gold Reserves: USD mn: Monthly: United Arab Emirates,monthly,2011,12,2011-12,120.3
gold_reserves_monthly,Gold Reserves: USD mn: Monthly: United Arab Emirates,monthly,2012,1,2012-01,120.3
gold_reserves_monthly,Gold Reserves: USD mn: Monthly: United Arab Emirates,monthly,2012,2,2012-02,120.3
gold_reserves_monthly,Gold Reserves: USD mn: Monthly: United Arab Emirates,monthly,2012,3,2012-03,120.3
gold_reserves_monthly,Gold Reserves: USD mn: Monthly: United Arab Emirates,monthly,2012,4,2012-04,120.3
gold_reserves_monthly,Gold Reserves: USD mn: Monthly: United Arab Emirates,monthly,2012,5,2012-05,120.3
gold_reserves_monthly,Gold Reserves: USD mn: Monthly: United Arab Emirates,monthly,2012,6,2012-06,120.3
gold_reserves_monthly,Gold Reserves: USD mn: Monthly: United Arab Emirates,monthly,2012,7,2012-07,120.3
gold_reserves_monthly,Gold Reserves: USD mn: Monthly: United Arab Emirates,monthly,2012,8,2012-08,120.3
gold_reserves_monthly,Gold Reserves: USD mn: Monthly: United Arab Emirates,monthly,2012,9,2012-09,120.3
gold_reserves_monthly,Gold Reserves: USD mn: Monthly: United Arab Emirates,monthly,2012,10,2012-10,120.3
gold_reserves_monthly,Gold Reserves: USD mn: Monthly: United Arab Emirates,monthly,2012,11,2012-11,120.3
gold_reserves_monthly,Gold Reserves: USD mn: Monthly: United Arab Emirates,monthly,2012,12,2012-12,120.3
gold_reserves_monthly,Gold Reserves: USD mn: Monthly: United Arab Emirates,monthly,2013,1,2013-01,120.3
gold_reserves_monthly,Gold Reserves: USD mn: Monthly: United Arab Emirates,monthly,2013,2,2013-02,120.3
gold_reserves_monthly,Gold Reserves: USD mn: Monthly: United Arab Emirates,monthly,2013,3,2013-03,120.3
gold_reserves_monthly,Gold Reserves: USD mn: Monthly: United Arab Emirates,monthly,2013,4,2013-04,120.3
gold_reserves_monthly,Gold Reserves: USD mn: Monthly: United Arab Emirates,monthly,2013,5,2013-05,120.3
gold_reserves_monthly,Gold Reserves: USD mn: Monthly: United Arab Emirates,monthly,2013,6,2013-06,120.3
gold_reserves_monthly,Gold Reserves: USD mn: Monthly: United Arab Emirates,monthly,2013,7,2013-07,120.3
gold_reserves_monthly,Gold Reserves: USD mn: Monthly: United Arab Emirates,monthly,2013,8,2013-08,120.3
gold_reserves_monthly,Gold Reserves: USD mn: Monthly: United Arab Emirates,monthly,2013,9,2013-09,120.3
gold_reserves_monthly,Gold Reserves: USD mn: Monthly: United Arab Emirates,monthly,2013,10,2013-10,120.3
gold_reserves_monthly,Gold Reserves: USD mn: Monthly: United Arab Emirates,monthly,2013,11,2013-11,120.3
gold_reserves_monthly,Gold Reserves: USD mn: Monthly: United Arab Emirates,monthly,2013,12,2013-12,120.3
gold_reserves_monthly,Gold Reserves: USD mn: Monthly: United Arab Emirates,monthly,2014,1,2014-01,120.3
gold_reserves_monthly,Gold Reserves: USD mn: Monthly: United Arab Emirates,monthly,2014,2,2014-02,120.3
gold_reserves_monthly,Gold Reserves: USD mn: Monthly: United Arab Emirates,monthly,2014,3,2014-03,120.3
gold_reserves_monthly,Gold Reserves: USD mn: Monthly: United Arab Emirates,monthly,2014,4,2014-04,120.3
gold_reserves_monthly,Gold Reserves: USD mn: Monthly: United Arab Emirates,monthly,2014,5,2014-05,120.3
gold_reserves_monthly,Gold Reserves: USD mn: Monthly: United Arab Emirates,monthly,2014,6,2014-06,120.3
gold_reserves_monthly,Gold Reserves: USD mn: Monthly: United Arab Emirates,monthly,2014,7,2014-07,120.3
gold_reserves_monthly,Gold Reserves: USD mn: Monthly: United Arab Emirates,monthly,2014,8,2014-08,120.3
gold_reserves_monthly,Gold Reserves: USD mn: Monthly: United Arab Emirates,monthly,2014,9,2014-09,120.3
gold_reserves_monthly,Gold Reserves: USD mn: Monthly: United Arab Emirates,monthly,2014,10,2014-10,120.3
gold_reserves_monthly,Gold Reserves: USD mn: Monthly: United Arab Emirates,monthly,2014,11,2014-11,120.3
gold_reserves_monthly,Gold Reserves: USD mn: Monthly: United Arab Emirates,monthly,2014,12,2014-12,120.3
gold_reserves_monthly,Gold Reserves: USD mn: Monthly: United Arab Emirates,monthly,2015,1,2015-01,120.3
gold_reserves_monthly,Gold Reserves: USD mn: Monthly: United Arab Emirates,monthly,2015,2,2015-02,120.3
gold_reserves_monthly,Gold Reserves: USD mn: Monthly: United Arab Emirates,monthly,2015,3,2015-03,120.3
gold_reserves_monthly,Gold Reserves: USD mn: Monthly: United Arab Emirates,monthly,2015,4,2015-04,217.0
gold_reserves_monthly,Gold Reserves: USD mn: Monthly: United Arab Emirates,monthly,2015,5,2015-05,215.9
gold_reserves_monthly,Gold Reserves: USD mn: Monthly: United Arab Emirates,monthly,2015,6,2015-06,214.8
gold_reserves_monthly,Gold Reserves: USD mn: Monthly: United Arab Emirates,monthly,2015,7,2015-07,294.3
gold_reserves_monthly,Gold Reserves: USD mn: Monthly: United Arab Emirates,monthly,2015,8,2015-08,302.5
gold_reserves_monthly,Gold Reserves: USD mn: Monthly: United Arab Emirates,monthly,2015,9,2015-09,301.1
gold_reserves_monthly,Gold Reserves: USD mn: Monthly: United Arab Emirates,monthly,2015,10,2015-10,303.6
gold_reserves_monthly,Gold Reserves: USD mn: Monthly: United Arab Emirates,monthly,2015,11,2015-11,374.6
gold_reserves_monthly,Gold Reserves: USD mn: Monthly: United Arab Emirates,monthly,2015,12,2015-12,376.3
gold_reserves_monthly,Gold Reserves: USD mn: Monthly: United Arab Emirates,monthly,2016,1,2016-01,389.6
gold_reserves_monthly,Gold Reserves: USD mn: Monthly: United Arab Emirates,monthly,2016,2,2016-02,415.7
gold_reserves_monthly,Gold Reserves: USD mn: Monthly: United Arab Emirates,monthly,2016,3,2016-03,415.7
gold_reserves_monthly,Gold Reserves: USD mn: Monthly: United Arab Emirates,monthly,2016,4,2016-04,431.8
gold_reserves_monthly,Gold Reserves: USD mn: Monthly: United Arab Emirates,monthly,2016,5,2016-05,412.5
gold_reserves_monthly,Gold Reserves: USD mn: Monthly: United Arab Emirates,monthly,2016,6,2016-06,437.3
gold_reserves_monthly,Gold Reserves: USD mn: Monthly: United Arab Emirates,monthly,2016,7,2016-07,445.7
gold_reserves_monthly,Gold Reserves: USD mn: Monthly: United Arab Emirates,monthly,2016,8,2016-08,436.7
gold_reserves_monthly,Gold Reserves: USD mn: Monthly: United Arab Emirates,monthly,2016,9,2016-09,439.2
gold_reserves_monthly,Gold Reserves: USD mn: Monthly: United Arab Emirates,monthly,2016,10,2016-10,427.7
gold_reserves_monthly,Gold Reserves: USD mn: Monthly: United Arab Emirates,monthly,2016,11,2016-11,406.8
gold_reserves_monthly,Gold Reserves: USD mn: Monthly: United Arab Emirates,monthly,2016,12,2016-12,396.7
gold_reserves_monthly,Gold Reserves: USD mn: Monthly: United Arab Emirates,monthly,2017,1,2017-01,409.5
gold_reserves_monthly,Gold Reserves: USD mn: Monthly: United Arab Emirates,monthly,2017,2,2017-02,422.3
gold_reserves_monthly,Gold Reserves: USD mn: Monthly: United Arab Emirates,monthly,2017,3,2017-03,419.6
gold_reserves_monthly,Gold Reserves: USD mn: Monthly: United Arab Emirates,monthly,2017,4,2017-04,425.8
gold_reserves_monthly,Gold Reserves: USD mn: Monthly: United Arab Emirates,monthly,2017,5,2017-05,424.2
gold_reserves_monthly,Gold Reserves: USD mn: Monthly: United Arab Emirates,monthly,2017,6,2017-06,420.1
gold_reserves_monthly,Gold Reserves: USD mn: Monthly: United Arab Emirates,monthly,2017,7,2017-07,425.5
gold_reserves_monthly,Gold Reserves: USD mn: Monthly: United Arab Emirates,monthly,2017,8,2017-08,434.3
gold_reserves_monthly,Gold Reserves: USD mn: Monthly: United Arab Emirates,monthly,2017,9,2017-09,429.4
gold_reserves_monthly,Gold Reserves: USD mn: Monthly: United Arab Emirates,monthly,2017,10,2017-10,427.7
gold_reserves_monthly,Gold Reserves: USD mn: Monthly: United Arab Emirates,monthly,2017,11,2017-11,429.4
gold_reserves_monthly,Gold Reserves: USD mn: Monthly: United Arab Emirates,monthly,2017,12,2017-12,434.0
gold_reserves_monthly,Gold Reserves: USD mn: Monthly: United Arab Emirates,monthly,2018,1,2018-01,444.1
gold_reserves_monthly,Gold Reserves: USD mn: Monthly: United Arab Emirates,monthly,2018,2,2018-02,437.5
gold_reserves_monthly,Gold Reserves: USD mn: Monthly: United Arab Emirates,monthly,2018,3,2018-03,439.4
gold_reserves_monthly,Gold Reserves: USD mn: Monthly: United Arab Emirates,monthly,2018,4,2018-04,438.6
gold_reserves_monthly,Gold Reserves: USD mn: Monthly: United Arab Emirates,monthly,2018,5,2018-05,434.5
gold_reserves_monthly,Gold Reserves: USD mn: Monthly: United Arab Emirates,monthly,2018,6,2018-06,422.0
gold_reserves_monthly,Gold Reserves: USD mn: Monthly: United Arab Emirates,monthly,2018,7,2018-07,414.7
gold_reserves_monthly,Gold Reserves: USD mn: Monthly: United Arab Emirates,monthly,2018,8,2018-08,410.3
gold_reserves_monthly,Gold Reserves: USD mn: Monthly: United Arab Emirates,monthly,2018,9,2018-09,407.0
gold_reserves_monthly,Gold Reserves: USD mn: Monthly: United Arab Emirates,monthly,2018,10,2018-10,413.6
gold_reserves_monthly,Gold Reserves: USD mn: Monthly: United Arab Emirates,monthly,2018,11,2018-11,414.7
gold_reserves_monthly,Gold Reserves: USD mn: Monthly: United Arab Emirates,monthly,2018,12,2018-12,429.1
gold_reserves_monthly,Gold Reserves: USD mn: Monthly: United Arab Emirates,monthly,2019,1,2019-01,438.9
gold_reserves_monthly,Gold Reserves: USD mn: Monthly: United Arab Emirates,monthly,2019,2,2019-02,439.4
gold_reserves_monthly,Gold Reserves: USD mn: Monthly: United Arab Emirates,monthly,2019,3,2019-03,431.5
gold_reserves_monthly,Gold Reserves: USD mn: Monthly: United Arab Emirates,monthly,2019,4,2019-04,429.9
gold_reserves_monthly,Gold Reserves: USD mn: Monthly: United Arab Emirates,monthly,2019,5,2019-05,432.6
gold_reserves_monthly,Gold Reserves: USD mn: Monthly: United Arab Emirates,monthly,2019,6,2019-06,459.9
gold_reserves_monthly,Gold Reserves: USD mn: Monthly: United Arab Emirates,monthly,2019,7,2019-07,510.8
gold_reserves_monthly,Gold Reserves: USD mn: Monthly: United Arab Emirates,monthly,2019,8,2019-08,730.0
gold_reserves_monthly,Gold Reserves: USD mn: Monthly: United Arab Emirates,monthly,2019,9,2019-09,857.9
gold_reserves_monthly,Gold Reserves: USD mn: Monthly: United Arab Emirates,monthly,2019,10,2019-10,965.8
gold_reserves_monthly,Gold Reserves: USD mn: Monthly: United Arab Emirates,monthly,2019,11,2019-11,1107.9
gold_reserves_monthly,Gold Reserves: USD mn: Monthly: United Arab Emirates,monthly,2019,12,2019-12,1221.5
gold_reserves_monthly,Gold Reserves: USD mn: Monthly: United Arab Emirates,monthly,2020,1,2020-01,1567.3
gold_reserves_monthly,Gold Reserves: USD mn: Monthly: United Arab Emirates,monthly,2020,2,2020-02,1649.2
gold_reserves_monthly,Gold Reserves: USD mn: Monthly: United Arab Emirates,monthly,2020,3,2020-03,1740.7
gold_reserves_monthly,Gold Reserves: USD mn: Monthly: United Arab Emirates,monthly,2020,4,2020-04,1856.7
gold_reserves_monthly,Gold Reserves: USD mn: Monthly: United Arab Emirates,monthly,2020,5,2020-05,1871.7
gold_reserves_monthly,Gold Reserves: USD mn: Monthly: United Arab Emirates,monthly,2020,6,2020-06,1912.0
gold_reserves_monthly,Gold Reserves: USD mn: Monthly: United Arab Emirates,monthly,2020,7,2020-07,2424.5
gold_reserves_monthly,Gold Reserves: USD mn: Monthly: United Arab Emirates,monthly,2020,8,2020-08,2567.4
gold_reserves_monthly,Gold Reserves: USD mn: Monthly: United Arab Emirates,monthly,2020,9,2020-09,2560.3
gold_reserves_monthly,Gold Reserves: USD mn: Monthly: United Arab Emirates,monthly,2020,10,2020-10,2926.8
gold_reserves_monthly,Gold Reserves: USD mn: Monthly: United Arab Emirates,monthly,2020,11,2020-11,3034.4
gold_reserves_monthly,Gold Reserves: USD mn: Monthly: United Arab Emirates,monthly,2020,12,2020-12,3622.5
gold_reserves_monthly,Gold Reserves: USD mn: Monthly: United Arab Emirates,monthly,2021,1,2021-01,3161.3
gold_reserves_monthly,Gold Reserves: USD mn: Monthly: United Arab Emirates,monthly,2021,2,2021-02,2974.2
gold_reserves_monthly,Gold Reserves: USD mn: Monthly: United Arab Emirates,monthly,2021,3,2021-03,3065.7
gold_reserves_monthly,Gold Reserves: USD mn: Monthly: United Arab Emirates,monthly,2021,4,2021-04,3268.0
gold_reserves_monthly,Gold Reserves: USD mn: Monthly: United Arab Emirates,monthly,2021,5,2021-05,3516.6
gold_reserves_monthly,Gold Reserves: USD mn: Monthly: United Arab Emirates,monthly,2021,6,2021-06,3252.8
gold_reserves_monthly,Gold Reserves: USD mn: Monthly: United Arab Emirates,monthly,2021,7,2021-07,3354.6
gold_reserves_monthly,Gold Reserves: USD mn: Monthly: United Arab Emirates,monthly,2021,8,2021-08,3352.7
gold_reserves_monthly,Gold Reserves: USD mn: Monthly: United Arab Emirates,monthly,2021,9,2021-09,3193.4
gold_reserves_monthly,Gold Reserves: USD mn: Monthly: United Arab Emirates,monthly,2021,10,2021-10,3299.6
gold_reserves_monthly,Gold Reserves: USD mn: Monthly: United Arab Emirates,monthly,2021,11,2021-11,3320.8
gold_reserves_monthly,Gold Reserves: USD mn: Monthly: United Arab Emirates,monthly,2021,12,2021-12,3364.1
gold_reserves_monthly,Gold Reserves: USD mn: Monthly: United Arab Emirates,monthly,2022,1,2022-01,3315.1
gold_reserves_monthly,Gold Reserves: USD mn: Monthly: United Arab Emirates,monthly,2022,2,2022-02,3517.4
gold_reserves_monthly,Gold Reserves: USD mn: Monthly: United Arab Emirates,monthly,2022,3,2022-03,3561.6
gold_reserves_monthly,Gold Reserves: USD mn: Monthly: United Arab Emirates,monthly,2022,4,2022-04,3502.2
gold_reserves_monthly,Gold Reserves: USD mn: Monthly: United Arab Emirates,monthly,2022,5,2022-05,3417.0
gold_reserves_monthly,Gold Reserves: USD mn: Monthly: United Arab Emirates,monthly,2022,6,2022-06,3347.8
gold_reserves_monthly,Gold Reserves: USD mn: Monthly: United Arab Emirates,monthly,2022,7,2022-07,3268.6
gold_reserves_monthly,Gold Reserves: USD mn: Monthly: United Arab Emirates,monthly,2022,8,2022-08,3170.0
gold_reserves_monthly,Gold Reserves: USD mn: Monthly: United Arab Emirates,monthly,2022,9,2022-09,3591.8
gold_reserves_monthly,Gold Reserves: USD mn: Monthly: United Arab Emirates,monthly,2022,10,2022-10,4016.0
gold_reserves_monthly,Gold Reserves: USD mn: Monthly: United Arab Emirates,monthly,2022,11,2022-11,4333.2
gold_reserves_monthly,Gold Reserves: USD mn: Monthly: United Arab Emirates,monthly,2022,12,2022-12,4489.3
gold_reserves_monthly,Gold Reserves: USD mn: Monthly: United Arab Emirates,monthly,2023,1,2023-01,4683.4
gold_reserves_monthly,Gold Reserves: USD mn: Monthly: United Arab Emirates,monthly,2023,2,2023-02,4452.5
gold_reserves_monthly,Gold Reserves: USD mn: Monthly: United Arab Emirates,monthly,2023,3,2023-03,4861.8
gold_reserves_monthly,Gold Reserves: USD mn: Monthly: United Arab Emirates,monthly,2023,4,2023-04,4886.8
gold_reserves_monthly,Gold Reserves: USD mn: Monthly: United Arab Emirates,monthly,2023,5,2023-05,4808.9
gold_reserves_monthly,Gold Reserves: USD mn: Monthly: United Arab Emirates,monthly,2023,6,2023-06,4686.1
gold_reserves_monthly,Gold Reserves: USD mn: Monthly: United Arab Emirates,monthly,2023,7,2023-07,4810.8
gold_reserves_monthly,Gold Reserves: USD mn: Monthly: United Arab Emirates,monthly,2023,8,2023-08,4777.1
gold_reserves_monthly,Gold Reserves: USD mn: Monthly: United Arab Emirates,monthly,2023,9,2023-09,4548.1
gold_reserves_monthly,Gold Reserves: USD mn: Monthly: United Arab Emirates,monthly,2023,10,2023-10,4910.2
gold_reserves_monthly,Gold Reserves: USD mn: Monthly: United Arab Emirates,monthly,2023,11,2023-11,5001.4
gold_reserves_monthly,Gold Reserves: USD mn: Monthly: United Arab Emirates,monthly,2023,12,2023-12,5061.6
gold_reserves_monthly,Gold Reserves: USD mn: Monthly: United Arab Emirates,monthly,2024,1,2024-01,5000.1
gold_reserves_monthly,Gold Reserves: USD mn: Monthly: United Arab Emirates,monthly,2024,2,2024-02,4984.6
gold_reserves_monthly,Gold Reserves: USD mn: Monthly: United Arab Emirates,monthly,2024,3,2024-03,5461.3
gold_reserves_monthly,Gold Reserves: USD mn: Monthly: United Arab Emirates,monthly,2024,4,2024-04,5664.2
gold_reserves_monthly,Gold Reserves: USD mn: Monthly: United Arab Emirates,monthly,2024,5,2024-05,5734.7
gold_reserves_monthly,Gold Reserves: USD mn: Monthly: United Arab Emirates,monthly,2024,6,2024-06,5693.3
gold_reserves_monthly,Gold Reserves: USD mn: Monthly: United Arab Emirates,monthly,2024,7,2024-07,5914.7
gold_reserves_monthly,Gold Reserves: USD mn: Monthly: United Arab Emirates,monthly,2024,8,2024-08,6116.5
gold_reserves_monthly,Gold Reserves: USD mn: Monthly: United Arab Emirates,monthly,2024,9,2024-09,6433.4
gold_reserves_monthly,Gold Reserves: USD mn: Monthly: United Arab Emirates,monthly,2024,10,2024-10,6781.7
gold_reserves_monthly,Gold Reserves: USD mn: Monthly: United Arab Emirates,monthly,2024,11,2024-11,6451.1
gold_reserves_monthly,Gold Reserves: USD mn: Monthly: United Arab Emirates,monthly,2024,12,2024-12,6377.9
gold_reserves_monthly,Gold Reserves: USD mn: Monthly: United Arab Emirates,monthly,2025,1,2025-01,6810.8
investment_abroad,Direct Investment Abroad: USD mn: Annual: United Arab Emirates,annual,1980,12,1980-12,449.0
investment_abroad,Direct Investment Abroad: USD mn: Annual: United Arab Emirates,annual,1981,12,1981-12,454.0
investment_abroad,Direct Investment Abroad: USD mn: Annual: United Arab Emirates,annual,1982,12,1982-12,459.0
investment_abroad,Direct Investment Abroad: USD mn: Annual: United Arab Emirates,annual,1983,12,1983-12,454.0
investment_abroad,Direct Investment Abroad: USD mn: Annual: United Arab Emirates,annual,1984,12,1984-12,461.0
investment_abroad,Direct Investment Abroad: USD mn: Annual: United Arab Emirates,annual,1985,12,1985-12,462.0
investment_abroad,Direct Investment Abroad: USD mn: Annual: United Arab Emirates,annual,1986,12,1986-12,428.0
investment_abroad,Direct Investment Abroad: USD mn: Annual: United Arab Emirates,annual,1987,12,1987-12,440.0
investment_abroad,Direct Investment Abroad: USD mn: Annual: United Arab Emirates,annual,1988,12,1988-12,521.0
investment_abroad,Direct Investment Abroad: USD mn: Annual: United Arab Emirates,annual,1989,12,1989-12,455.0
investment_abroad,Direct Investment Abroad: USD mn: Annual: United Arab Emirates,annual,1990,12,1990-12,393.0
investment_abroad,Direct Investment Abroad: USD mn: Annual: United Arab Emirates,annual,1991,12,1991-12,462.0
investment_abroad,Direct Investment Abroad: USD mn: Annual: United Arab Emirates,annual,1992,12,1992-12,466.0
investment_abroad,Direct Investment Abroad: USD mn: Annual: United Arab Emirates,annual,1993,12,1993-12,482.0
investment_abroad,Direct Investment Abroad: USD mn: Annual: United Arab Emirates,annual,1994,12,1994-12,1028.0
investment_abroad,Direct Investment Abroad: USD mn: Annual: United Arab Emirates,annual,1995,12,1995-12,514.0
investment_abroad,Direct Investment Abroad: USD mn: Annual: United Arab Emirates,annual,1996,12,1996-12,580.0
investment_abroad,Direct Investment Abroad: USD mn: Annual: United Arab Emirates,annual,1997,12,1997-12,682.0
investment_abroad,Direct Investment Abroad: USD mn: Annual: United Arab Emirates,annual,1998,12,1998-12,578.0
investment_abroad,Direct Investment Abroad: USD mn: Annual: United Arab Emirates,annual,1999,12,1999-12,768.0
investment_abroad,Direct Investment Abroad: USD mn: Annual: United Arab Emirates,annual,2000,12,2000-12,875.0
investment_abroad,Direct Investment Abroad: USD mn: Annual: United Arab Emirates,annual,2001,12,2001-12,665.0
investment_abroad,Direct Investment Abroad: USD mn: Annual: United Arab Emirates,annual,2002,12,2002-12,892.0
investment_abroad,Direct Investment Abroad: USD mn: Annual: United Arab Emirates,annual,2003,12,2003-12,1442.0
investment_abroad,Direct Investment Abroad: USD mn: Annual: United Arab Emirates,annual,2004,12,2004-12,2659.0
investment_abroad,Direct Investment Abroad: USD mn: Annual: United Arab Emirates,annual,2005,12,2005-12,4201.0
investment_abroad,Direct Investment Abroad: USD mn: Annual: United Arab Emirates,annual,2006,12,2006-12,11343.0
investment_abroad,Direct Investment Abroad: USD mn: Annual: United Arab Emirates,annual,2007,12,2007-12,15019.0
investment_abroad,Direct Investment Abroad: USD mn: Annual: United Arab Emirates,annual,2008,12,2008-12,16271.0
investment_abroad,Direct Investment Abroad: USD mn: Annual: United Arab Emirates,annual,2009,12,2009-12,3174.0
investment_abroad,Direct Investment Abroad: USD mn: Annual: United Arab Emirates,annual,2010,12,2010-12,2466.0
investment_abroad,Direct Investment Abroad: USD mn: Annual: United Arab Emirates,annual,2011,12,2011-12,2629.0
investment_abroad,Direct Investment Abroad: USD mn: Annual: United Arab Emirates,annual,2012,12,2012-12,8620.0
investment_abroad,Direct Investment Abroad: USD mn: Annual: United Arab Emirates,annual,2013,12,2013-12,9273.0
investment_abroad,Direct Investment Abroad: USD mn: Annual: United Arab Emirates,annual,2014,12,2014-12,12187.0
investment_abroad,Direct Investment Abroad: USD mn: Annual: United Arab Emirates,annual,2015,12,2015-12,17143.0
investment_abroad,Direct Investment Abroad: USD mn: Annual: United Arab Emirates,annual,2016,12,2016-12,14066.0
investment_abroad,Direct Investment Abroad: USD mn: Annual: United Arab Emirates,annual,2017,12,2017-12,14502.0
investment_abroad,Direct Investment Abroad: USD mn: Annual: United Arab Emirates,annual,2018,12,2018-12,15509.0
investment_abroad,Direct Investment Abroad: USD mn: Annual: United Arab Emirates,annual,2019,12,2019-12,21663.0
investment_abroad,Direct Investment Abroad: USD mn: Annual: United Arab Emirates,annual,2020,12,2020-12,19376.0
investment_abroad,Direct Investment Abroad: USD mn: Annual: United Arab Emirates,annual,2021,12,2021-12,22997.0
portfolio_investment,Foreign Portfolio Investment: USD mn: Annual: United Arab Emirates,annual,2002,12,2002-12,1153.0
portfolio_investment,Foreign Portfolio Investment: USD mn: Annual: United Arab Emirates,annual,2003,12,2003-12,902.0
portfolio_investment,Foreign Portfolio Investment: USD mn: Annual: United Arab Emirates,annual,2004,12,2004-12,2902.0
portfolio_investment,Foreign Portfolio Investment: USD mn: Annual: United Arab Emirates,annual,2005,12,2005-12,6991.0
portfolio_investment,Foreign Portfolio Investment: USD mn: Annual: United Arab Emirates,annual,2006,12,2006-12,2100.0
portfolio_investment,Foreign Portfolio Investment: USD mn: Annual: United Arab Emirates,annual,2007,12,2007-12,2345.0
portfolio_investment,Foreign Portfolio Investment: USD mn: Annual: United Arab Emirates,annual,2008,12,2008-12,3108.0
portfolio_investment,Foreign Portfolio Investment: USD mn: Annual: United Arab Emirates,annual,2009,12,2009-12,3353.0
portfolio_investment,Foreign Portfolio Investment: USD mn: Annual: United Arab Emirates,annual,2010,12,2010-12,1883.0
portfolio_investment,Foreign Portfolio Investment: USD mn: Annual: United Arab Emirates,annual,2011,12,2011-12,1583.0
portfolio_investment,Foreign Portfolio Investment: USD mn: Annual: United Arab Emirates,annual,2012,12,2012-12,1883.0
portfolio_investment,Foreign Portfolio Investment: USD mn: Annual: United Arab Emirates,annual,2013,12,2013-12,2019.0
portfolio_investment,Foreign Portfolio Investment: USD mn: Annual: United Arab Emirates,annual,2014,12,2014-12,2155.0
portfolio_investment,Foreign Portfolio Investment: USD mn: Annual: United Arab Emirates,annual,2015,12,2015-12,1991.0
portfolio_investment,Foreign Portfolio Investment: USD mn: Annual: United Arab Emirates,annual,2016,12,2016-12,2100.0
portfolio_investment,Foreign Portfolio Investment: USD mn: Annual: United Arab Emirates,annual,2017,12,2017-12,2182.0
portfolio_investment,Foreign Portfolio Investment: USD mn: Annual: United Arab Emirates,annual,2018,12,2018-12,1991.0
portfolio_investment,Foreign Portfolio Investment: USD mn: Annual: United Arab Emirates,annual,2019,12,2019-12,2019.0
portfolio_investment,Foreign Portfolio Investment: USD mn: Annual: United Arab Emirates,annual,2020,12,2020-12,1991.0
portfolio_investment,Foreign Portfolio Investment: USD mn: Annual: United Arab Emirates,annual,2021,12,2021-12,2128.0
portfolio_investment,Foreign Portfolio Investment: USD mn: Annual: United Arab Emirates,annual,2023,12,2023-12,11032.0
portfolio_investment,Foreign Portfolio Investment: USD mn: Annual: United Arab Emirates,annual,2024,12,2024-12,54925.0
